Name,Aliases,Nationality,Ethnicity
Kimmy Kimm,Kimmy Kim,American,Asian
Freya Parker,Unknown,American,Caucasian
Scarlett Alexis,Aphrodite Pandemos,American,Asian
Myra Moans,Myra Glasford,American,Caucasian
Hailey Rose,Unknown,Colombian,Mixed
Cory Chase,"Corey Chase, Cory Chade",Unknown,Caucasian
Octavia Red,Sativa Red,American,Caucasian
Daisy Pheonix,Daisy Phoenix,American,Caucasian
Angel Youngs,Unknown,American,Caucasian
Hazel Moore,Ellie ECG,American,Caucasian
Molly Little,Unknown,American,Caucasian
Sky Wonderland,Ally Summers,American,Caucasian
Chanel Camryn,Unknown,American,Caucasian
Blake Blossom,Unknown,American,Caucasian
Angel Gostosa,Unknown,Brazilian,Latin
Sophia Locke,Unknown,American,Caucasian
Sara Jay,"S. Jaye, Sara Jay Taylor, Sarah Jay",American,Caucasian
Rissa May,Clarissa May,American,Caucasian
Veronica Leal,Veronica Orozco,Colombian,Latin
Ellie Nova,Unknown,"Canadian, American",Caucasian
Natasha Nice,"Natasha Nyce, Nat Nice","French, American",Caucasian
Sarah Arabic,Unknown,Iraqi,Caucasian
Demi Hawks,Unknown,American,Caucasian
Emma Rosie,Unknown,American,Caucasian
Abella Danger,Bella Danger,Unknown,Caucasian
Payton Preslee,"Ivy Rose, Natasha Nails",Polish,Caucasian
Gal Ritchie,Gal Richie,British,Caucasian
Cherie Deville,Cherry DeVille,Unknown,Caucasian
Haley Spades,Unknown,American,Caucasian
Dee Williams,"Sharon Darling, The Grappler, Darling",American,Caucasian
Kenzie Taylor,Unknown,Unknown,Caucasian
Jane Wilde,"Mary Jane Wilde, Sophie Summers",American,Caucasian
Anna Claire Clouds,Anna Clouds,American,Caucasian
Alexis Fawx,"Amy Jean Snyder, Alexis Faux",American,Mixed
Selina Imai,Unknown,American,Latin
Lauren Phillips,Unknown,Unknown,Caucasian
Kyler Quinn,Aubrey Dolan,American,Caucasian
Karlee Grey,"Carly, Casey, Karlee Gray",American,Latin
Little Puck,Eva Bae,American,Mixed
Vanna Bardot,Unknown,American,Caucasian
Hime Marie,Unknown,American,Latin
Nikki Nicole,Unknown,American,Caucasian
Juniper Ren,Unknown,American,Caucasian
Lana Del Lust,Unknown,Unknown,Caucasian
Cherry Kiss,"Charry Kiss, Cherry White, Ivana Jovanovic, Ivana Slavkovic, Chary Kiss",Serbian,Caucasian
Lulu Chu,Unknown,Chinese,Asian
Jennifer White,"Jen Allure, Carla Anne Friedman",American,Caucasian
Kendra Sunderland,LibraryGirl,American,Caucasian
Whitney Wright,Whitney FTV,American,Caucasian
Candee Licious,"Sofia Sauerberg, Candee L, Candy, Candy Liscious, Candy Licious",Unknown,Caucasian
Addison Vodka,Unknown,American,Caucasian
Stella Cox,Unknown,Unknown,Caucasian
Lia Lin,"Lia Lyen, Naomi Hill, Kim Rossii, Kim Rossi",Brazilian,Asian
Angela White,"Angie, Angela Gabrielle White",Unknown,Caucasian
Lena Paul,Lena Peach,American,Caucasian
Remy Lacroix,"Remy La Croix, Remy LeCroix, Remi LaCroix, Remi La Croix",American,Caucasian
Coco Lovelock,Unknown,American,Caucasian
Naomi Swann,Princess Naomi Swann,American,Caucasian
Kelsey Kane,Kacey Cane,American,Caucasian
Melody Marks,Melody Hina Marks,American,Caucasian
Anya Olsen,Unknown,American,Caucasian
Lexi Luna,Lexi Lune,American,Caucasian
Anissa Kate,Alissa Kate,French,Mixed
Kristen Scott,"Sarah Lynn Hiltpold, FTV Kristen",American,Caucasian
Alexis Tae,Alexia Tae,American,Black
Kenna James,Keena James,Unknown,Caucasian
Ryan Ryans,Ryan Maze,American,Caucasian
Kathia Nobili,"Cathy Cambell, Kathy Campbel, Caty Campbell, Katia Campbell, Katy Cambel, Katia Nobili, Katty Campbell, Caty Combell",Unknown,Caucasian
Adriana Chechik,"Dezarae Kristina Charles, Adrianna Chechick",American,Caucasian
Valentina Nappi,Valentina Noon,Italian,Caucasian
Riley Star,Riley Starr,American,Caucasian
Jill Kassidy,Jill Cassidy,Unknown,Caucasian
India Summer,"India Summers, Jody Jean Olson, Sabrina Stifferstem",American,Mixed
Maxine X,Unknown,Unknown,Asian
Samantha Rone,Sammy,Unknown,Caucasian
Ana Foxxx,"Anna Fox, Anna Foxxx",American,Black
Viola Weber,"Sophie Weber, Sofa Weber",Russian,Caucasian
Ameena Green,Ameena Greene,American,Mixed
Shrooms Q,Daisy Love,American,Caucasian
Eliza Ibarra,Unknown,Unknown,Latin
Eva Generosi,Unknown,Italian,Caucasian
Alecia Fox,"Aljona, Arya, Lissa, Rita Mochalkina, Dolly, Alesia Fox",Russian,Caucasian
Angie Faith,Angie Chatur,American,Caucasian
Eve Sweet,Thalia Luz,Romanian,Caucasian
Catalina Cruz,"Jenna Z, JennaZ",Unknown,Caucasian
Lily Blossom,Unknown,Hungarian,Caucasian
Melanie Hicks,Kaycee,American,Caucasian
Josephine Jackson,"Josephine B, Jozephine Jackson, Julie Senyuk, Josephine J",Ukrainian,Caucasian
Kiara Cole,Keira Cole,American,Caucasian
Liz Jordan,Unknown,American,Caucasian
Leana Lovings,Naughtynightlover,American,Caucasian
Willow Ryder,"Kennedy Jayne Harrison, Maggie Ryder",American,Black
Jade Maris,Unknown,American,Caucasian
Tiffany Tatum,Enzio Ricci,Hungarian,Caucasian
Eden Ivy,Unknown,Canadian,Caucasian
Gabbie Carter,Unknown,American,Caucasian
Gia Derza,Unknown,Unknown,Caucasian
Gianna Dior,Emily Katherine Correro,American,Caucasian
Angelika Grays,"Sabrina Delight, Angelika Greys",Ukrainian,Caucasian
Lana Smalls,"cowgirlcummies cowgirlcummies, Lily Smalls",American,Caucasian
Alex Coal,Unknown,American,Caucasian
Madison Wilde,Unknown,American,Latin
Lily Lou,Unknown,American,Caucasian
Asteria Jade,"Astria Jade, Cassiopeia Adonis",American,Caucasian
Ashley Alexander,Unknown,American,Caucasian
Melanie Marie,Unknown,American,Caucasian
Madi Collins,Unknown,American,Caucasian
Chloe Amour,"Chloe Michele, Chloe Anwar",American,Latin
Leya Desantis,"Bella Blue, Leya De Santis",Romanian,Caucasian
Bella Nova,Unknown,American,Caucasian
Della Cate,Unknown,American,Caucasian
Jessica Ryan,Jess,Unknown,Caucasian
River Lynn,Unknown,American,Caucasian
Romi Rain,Nicole Lynn Torino,American,Caucasian
Haley Reed,"Amy May, Jamie Rott, Amy Ii",American,Caucasian
Brandi Love,Tracey Lynn Livermore,Unknown,Caucasian
Lilly Bell,Lily Bell,American,Caucasian
Rose Carter,Rose Caarter,American,Caucasian
Lexi Lore,Lexy Lore,American,Caucasian
Abigail Mac,"FTV Abigail, Abigail Mack",Unknown,Caucasian
Whitney Oc,Jessica Jackson,American,Caucasian
Sasha Tatcha,Unknown,American,Asian
Carolina Sweets,Stephanie,American,Caucasian
Aria Valencia,Ana Valencia,American,Caucasian
Scarlet Skies,Unknown,American,Caucasian
Freya Von Doom,Marsha,Unknown,Caucasian
Savvy Suxx,"Savannah Johnson, Savanna Rose",American,Caucasian
Kylie Rocket,Unknown,American,Caucasian
Kira Noir,Devi,Unknown,Black
Kat Marie,Goddess Kat Marie,American,Caucasian
Reagan Foxx,Kerrington Cruz,Unknown,Caucasian
Emma Hix,"Eryn Andrew, Crissy Kay, Jillene Catherine Bobyn, Emma Hicks",Canadian,Caucasian
Danielle Renae,Unknown,American,Caucasian
Dylan Moore,Unknown,Canadian,Caucasian
Charlotte Sartre,GothCharlotte,Unknown,Caucasian
Nicole Doshi,Nicole the Foreigner,"Chinese, American",Asian
Serena Hill,Unknown,American,Caucasian
Uma Jolie,"Madeline Clarck, Belicia FTV, Belicia Segura",American,Caucasian
Aaliyah Love,"Molly Star, Tamara, Princess Molly Star",American,Caucasian
Elsa Jean,"Molly, Elsa Dream, Elsa Dream Jean",American,Caucasian
Melissa Stratton,Kitty Baby,American,Caucasian
Chloe Temple,"Senorita Satan, Clara Fargo, Sharon Purcell",American,Caucasian
Riley Reid,"Paige Riley, Riley Reed, Molly",American,Caucasian
Olivia Jay,Olivia Jayy,Unknown,Black
Katie Kush,Bianca Dale,American,Caucasian
Millie Morgan,Unknown,Unknown,Caucasian
Becky Summer,Becky Summers,Unknown,Caucasian
Sadie Summers,"Tiny Tobi, Toby Pacific, Tobi Pacific, Tiny Toby",Canadian,Caucasian
Bella Rolland,Unknown,American,Caucasian
Diamond Foxxx,"Diamond Fox, Diamond Foxx",Unknown,Caucasian
Charlotte Sins,Unknown,American,Caucasian
Tori Black,"Shellie Chapman, Michelle Chapman, Victoria Black, Tory Black",American,Mixed
Violet Myers,"Luna Bunny, Thick Violet Violence, Violet Bunny",American,Mixed
Jewelz Blu,Jewelz Bly,"American, German",Caucasian
Molly Cute,Unknown,Unknown,Caucasian
Annie King,Unknown,American,Caucasian
Casey Calvert,Unknown,Unknown,Caucasian
Delilah Dagger,Unknown,American,Caucasian
Lacy Lennon,"Lacey Lennon, Lacey Lenon",American,Caucasian
Gina Valentina,"Victoria Celeste Carvalho, Gina Valentine",Brazilian,Latin
Stella Luxx,Unknown,American,Caucasian
Gigi Sweets,Unknown,American,Caucasian
Rory Knox,Unknown,Unknown,Caucasian
Ember Snow,Unknown,Unknown,Asian
Megan Rain,Kiana Coleman,American,Caucasian
Britney Amber,"Brittney Amber, Amber Rizzo, Brittany Angel, Brittany Amber",American,Caucasian
Cami Strella,Unknown,American,Latin
Skylar Snow,Unknown,American,Caucasian
Mia Malkova,"Madison Swan, Madison Clover, Mia Bliss, Jessica, Mia Mountain",American,Caucasian
Alina Lopez,"Aline Lopez, Aleena Lopez",American,Mixed
Katie Morgan,"Katie Megan, Kate Morgan, Sarah Carradine",American,Caucasian
Xxlayna Marie,Unknown,American,Latin
Francesca Le,"Francesca Lé, Erika Estrada, Franchesca Le, Francesca Le', Erica Estrada, Francesca Lei, Francesca Leigh, Franceska Le, Franchesca Leigh, Francesca Lee, Francessca Le'",Unknown,Latin
Sweet Sophia,Unknown,American,Caucasian
Sera Ryder,Unknown,American,Caucasian
Camilla Cream,Camila Cream,American,Unknown
Serena Sterling,Unknown,American,Caucasian
Sarah Vandella,"Sara Sloan, Sarah Sloane, Sarah Vandela, Sara Sloane, Sara Vandella, Sara Vandela",American,Caucasian
Nicole Aniston,Ashley Nicole,Unknown,Caucasian
Sage Hunter,Unknown,American,Caucasian
Liz Ocean,Anna Devito,Hungarian,Caucasian
Megan Marx,Unknown,American,Caucasian
Siri Dahl,"Siri Pornstar, Siri",Unknown,Caucasian
Skye Blue,Unknown,American,Caucasian
Natalia Starr,"Natalie Star, Katarzyna Tyszka, Tiffany Polanski",Polish,Caucasian
Ivy Ireland,Unknown,American,Caucasian
Amber Alena,Unknown,Unknown,Caucasian
Amber Summer,Unknown,American,Latin
Katie St Ives,"Katie St. Ives, Katie Stives, Lilith Rose",Unknown,Caucasian
Ariella Ferrera,Elle Ferrera,Colombian,Latin
Nikki Benz,"Niki Benz, Nikke Benz, Nikky Benz, Nikkie Benz","Canadian, Ukrainian, American",Caucasian
Bunny Madison,Bunny C,American,Caucasian
Savannah Bond,Kelli Anne Oxley,Australian,Caucasian
Charlie Forde,Unknown,Australian,Caucasian
Lily Starfire,Unknown,American,Black
Honey Blossom,Unknown,Unknown,Caucasian
Zlata Shine,Unknown,Russian,Caucasian
Hazel Heart,Unknown,American,Latin
Cassie Del Isla,Cassia Del Isla,French,Mixed
Cecelia Taylor,Cecilia Taylor,American,Caucasian
Elana Bunnz,"Elena Bunnz, E Bunnz",American,Caucasian
Aidra Fox,"Morgan Teresa Gonia, Neon Lolita",American,Caucasian
Gina Gerson,"Gina Gershon, Doris Ivy",Unknown,Caucasian
Autumn Falls,Unknown,American,Latin
Laney Grey,Delaney Marie Dysthe,American,Caucasian
Octokuro,"Marina Dyagileva, Octokuro Suicide",Unknown,Caucasian
Katrina Colt,Unknown,American,Caucasian
Valerica Steele,"Valerie Steele, Val Steele",American,Caucasian
Selina Bentz,Unknown,American,Caucasian
Lilly Mays,"Monica I, Lilli Mays",Latvian,Caucasian
Keisha Grey,Unknown,American,Latin
Rebel Rhyder,Unknown,Unknown,Caucasian
Ava Addams,"Alexia Roy, Ava Spice, Ava Adams",Unknown,Caucasian
Venus Vixen,Unknown,American,Caucasian
Violet Starr,Kuleana,American,Latin
Penelope Kay,Unknown,American,Caucasian
Adria Rae,Aspen Reign,American,Caucasian
Alexis Texas,Thea Alexis Samper,American,Caucasian
Serene Siren,Bella Bends,Unknown,Caucasian
Gigi Dior,Georgina Dior,American,Caucasian
Anita Rover,Unknown,French,Caucasian
Julia Ann,"Julia Ann Tavella, Julie Ann",American,Caucasian
Pristine Edge,"Jane Doux, Jane Douxxx",American,Caucasian
Penny Barber,"Penney Play, Penny Play",American,Caucasian
Sophia Sterling,Unknown,American,Caucasian
Andi Avalon,Unknown,American,Unknown
Ohana Petite,"Andrea Galán López, Andy Bloom",Spanish,Latin
Little Caprice,"Marketa, Caprice S, Marketa Stroblova, Lola, Lolashut, Caprice A",Czech,Caucasian
Matty Mila Perez,"Matty Matty, Euphory Euphory, Marfa Pushkina, Matty Perez, Metty Metty",Latvian,Caucasian
Charlotte Mae,Unknown,American,Caucasian
Julia James,Unknown,Unknown,Caucasian
Stacy Cruz,"Stacey Cruz, Little Pia",Czech,Caucasian
Lola Aiko,Unknown,American,Latin
Kendra Lust,Unknown,Unknown,Caucasian
Aviana Violet,Unknown,American,Caucasian
Eva Elfie,"Tiny Teen, Lady Jay, Tieny Mieny",Russian,Caucasian
Mochi Mona,Unknown,American,Asian
Nova Vixen,Unknown,Unknown,Caucasian
Sophie Dee,"Sophie D, Kirsty Hill, Mary Beth",Unknown,Caucasian
Khloe Kapri,"Natalie Craft, Chloe Capri, Khloe Capri",American,Caucasian
Ella Reese,Unknown,American,Caucasian
Madison Ivy,Ivy Madison,Unknown,Caucasian
Amber Moore,Dixie Willow,American,Caucasian
Crystal Rush,"Aurelly Rebel, Anna Kuznetsova, Kristall Rush",Russian,Caucasian
Lisa Ann,"Zina Sunshine, Lisa Ann Corpora, Lee Ann Vision, Nailin Palin",American,Caucasian
Marica Hase,"Marika Hase, Marcia Hase, Marica Hayes, Marika Maze, Marica Haze, Mari Hase",Japanese,Asian
Cubbi Thompson,Unknown,German,Caucasian
Shalina Devine,"Naza A., Shalina Levine, Chalina Devine, Shalina Divine",Romanian,Caucasian
Kay Lovely,Unknown,American,Caucasian
Dani Daniels,Kira Lee,American,Caucasian
Alison Rey,Unknown,American,Caucasian
Evie Christian,Sanguine Rose,American,Caucasian
Nickey Huntsman,"Shanna Brooks, Charlotte Piper, Nicky Huntsman, Shanna Nicole Brooks",American,Caucasian
Chloe Surreal,Chloe Bang,American,Caucasian
Eva Lovia,Mia Marx,Unknown,Asian
Violet Voss,Unknown,American,Caucasian
Layla Jenner,Unknown,Unknown,Caucasian
Rebecca Volpetti,"Catia A, Kristina Zaharia, Anna Italyanka",Italian,Caucasian
Candy Alexa,Anita Olesya,Russian,Caucasian
Kimmy Granger,Kimberly Granger,American,Caucasian
Reya Lovenlight,Unknown,American,Caucasian
Armani Black,Unknown,American,Latin
Janice Griffith,Unknown,American,Caucasian
Eva Notty,Unknown,American,Caucasian
Krissy Lynn,Chrissy Hines,Unknown,Caucasian
London River,Unknown,Unknown,Caucasian
Kelly Collins,Unknown,Russian,Caucasian
Mia River,Unknown,American,Caucasian
Simon Kitty,"Simone, Simonn, Kitty Simonn, Kimberly Simon, Simon Kay",Latvian,Caucasian
Elly Clutch,Unknown,American,Caucasian
Jia Lissa,Unknown,Russian,Caucasian
Olivia Sparkle,Lea Sparkle,Czech,Caucasian
Maddy May,Maddie May,American,Caucasian
Lilly Bella,Unknown,Czech,Caucasian
Bridgette B,"Bridgett B, Bridget B, Spanish Doll",Spanish,Caucasian
Natalie Brooks,"Nasty Nat, Natalie Young",Unknown,Latin
Vina Sky,"Kelly Nguyen, Vina Skyy",American,Asian
Braylin Bailey,Unknown,American,Caucasian
Violet Gems,Unknown,American,Latin
Angel Windell,Angel Wendell,Unknown,Caucasian
Raylene,"Alexis Fontaine, Alexis Fontayne, Alexis Fountaine",American,Latin
Maria Kazi,Unknown,American,Caucasian
Vanessa Cage,Venessa Cage,American,Caucasian
Chloe Rose,Unknown,American,Caucasian
Amirah Adara,"Amirah Adera, Amira Adarah, Amira Adara, Amirah Andrah, Amirah Abada",Hungarian,Caucasian
Kelly Caprice,Lillian Stone,American,Caucasian
Jadilica,Leo Ahsoka,Unknown,Caucasian
Jillian Janson,"Anna Lynn, Jillian Jensen, Jillian Brookes, Annalynn Grace, Anna Grace",American,Caucasian
August Skye,Unknown,American,Black
Adira Allure,Unknown,American,Caucasian
Nina Blond,Nina Blonde,Unknown,Caucasian
Kali Roses,Kali Rose,American,Caucasian
Ella Knox,Unknown,"American, Mexican",Latin
Melena Maria Rya,"Maria Ryabushkina, Melena Tara, Melena Rya, Maria Rya, Melena A, Melena Suka, Marta Nubiles, Sexy Suka, Melena Maria",Russian,Caucasian
Andie Anderson,Unknown,American,Caucasian
Explicit Kait,Unknown,American,Caucasian
Aderes Quin,Unknown,Armenian,Caucasian
Skylar Vox,"Dylan Voxe, Dylann Vox",American,Caucasian
Roxie Sinner,Unknown,Syrian,Caucasian
Lasirena69,"Maria Antonella Alonso Brigati, Antonella Alonso, Antonella La Sirena, Maria Antonella",Venezuelan,Latin
Gizelle Blanco,Giselle Blanco,American,Caucasian
Agatha Vega,Unknown,Venezuelan,Latin
Britney Dutch,Unknown,Dutch,Caucasian
Aubree Valentine,Kenadie Iverson,American,Caucasian
Alex Grey,"Alexandra Brooke Cavedo, Alex Gray",American,Caucasian
Vanessa Alessia,Unknown,Czech,Caucasian
Mila Azul,Milla,Ukrainian,Caucasian
Codi Vore,Unknown,American,Caucasian
Richelle Ryan,Angela Hoad,American,Caucasian
Kayley Gunner,Unknown,American,Caucasian
Luna Luxe,Unknown,American,Mixed
Shelena,Elena Rizza,Italian,Caucasian
Katerina Hartlova,"Katerina B, Katarina Dubrova, Kathy Kozy, Kathy Heinz, Katrina Hart, Katarina Angel, Katarina Hartlova, Katrin Kozy, Katarina Kozy, Kateoina Dusbabová",Czech,Caucasian
Phoenix Marie,"Phoenix Marizzle, Melissa Hutchison",American,Caucasian
Kelsi Monroe,Bianca Brodeur,American,Caucasian
Savanah Storm,Savannah Storm,American,Caucasian
Dakota Doll,Dakota S18,Latvian,Caucasian
Zazie Skymm,"Mikki Galante, Naomi Diaz, Zazie Sky, Azazai",Hungarian,Caucasian
Clea Gaultier,Cléa Gaultier,French,Caucasian
Eva Nyx,Unknown,American,Caucasian
Alaina Dawson,"Alaina Dawsons, Alina Dawson, Kiki",Unknown,Caucasian
Mckenzie Lee,"McKinzie Lee, Paula McQuone",Unknown,Caucasian
Nata Ocean,nata gold,Latvian,Caucasian
Katerina Deville,Kat DeVille,American,Caucasian
Elizabeth Skylar,Unknown,American,Caucasian
Clara Trinity,Unknown,American,Asian
Ashby Winter,Winter Ashby,Unknown,Caucasian
Blaire Johnson,Unknown,American,Caucasian
Leah Gotti,Unknown,American,Caucasian
Tanya Tate,Tanya Thomas,Unknown,Caucasian
Thea Summers,Unknown,American,Caucasian
Kylie Shay,Lilly May,American,Caucasian
Alexis Crystal,"Dominika Pangracova, Alexis Chrystal, Kitty Cat",Czech,Caucasian
Kenzie Reeves,Ava Cumz,American,Caucasian
Polly Yangs,"Erica, Erika Mori, Dusya Ulet, Polly Yang",Russian,Caucasian
Lana Rhoades,"Lana Rhodes, Lana Rhoads, Amara Lynee Maple",American,Caucasian
Ariana Marie,Adriana Marie,American,Caucasian
Alexia Anders,Unknown,American,Asian
Joanna Angel,Unknown,American,Caucasian
Isabella Nice,Unknown,Unknown,Latin
Liv Revamped,Liv Aguilera,American,Latin
Slimthick Vic,"Slim Thick Vic, Vic Marie",Russian,Caucasian
Nicole Murkovski,"Louise Roche, Flexy Viki",Russian,Caucasian
Alexis Malone,"Ivy Alexiss, Gloranna Malone, Alexis Moon",American,Caucasian
Jessie Rogers,"Jessie Cakes, Jessi Rogers, Jessie Pinkman",Brazilian,Latin
Dan Dangler,Unknown,American,Caucasian
Asa Akira,"Akira Lee, Tracy Han, Asa Takigami",American,Asian
Penny Pax,Unknown,American,Caucasian
Tru Kait,Unknown,American,Latin
Jynx Maze,"Stephanie Nelson, Victoria Stephanie Elson, Victoria Elson",American,Latin
Ellie Tay,Ellie Taylor,Unknown,Unknown
Vanessa Marie,Unknown,Unknown,Latin
Lena Anderson,"Sloan Kendricks, Jordan West, Blaire Ivory",American,Caucasian
Aria Sloane,Unknown,American,Caucasian
Queenie Sateen,Unknown,American,Caucasian
Dakota Tyler,Unknown,American,Caucasian
Marina Gold,Unknown,Peruvian,Latin
Summer Renee,Unknown,American,Caucasian
Sophia Burns,Unknown,American,Caucasian
Nika Venom,Unknown,American,Latin
Kaci Kennedy,Unknown,Unknown,Unknown
Summer Vixen,Summer Jones,American,Caucasian
Addyson James,Unknown,American,Caucasian
Ashlyn Angel,"Maddy, Lola Lotus",American,Caucasian
Megan Murkovski,Unknown,Unknown,Caucasian
Claire Roos,Unknown,Unknown,Caucasian
Micky Muffin,Unknown,German,Caucasian
Bianca Bangs,Unknown,American,Mixed
Martina Smeraldi,Unknown,Italian,Caucasian
Cheerleader Kait,Unknown,Unknown,Caucasian
Ryan Reid,Brynlee Braxton,American,Caucasian
Aria Banks,Aria Amore,Unknown,Caucasian
Nicole Kitt,Unknown,American,Black
Justine Jakobs,Justine Kennedy,American,Caucasian
Jesse Pony,Unknown,American,Caucasian
Kimora Quin,Unknown,American,Asian
Maddy Oreilly,"Maddy O'Riley, Maddy O'Reilly, Maddy O'Reily, Brooke Paige",American,Caucasian
Rachael Cavalli,"Rachel Cavalli, Rachael Cavali, Crystal Nicole",American,Caucasian
Jackie Hoff,Bendi Taylor,Unknown,Caucasian
Theodora Day,Emma Bradley,American,Caucasian
Syren De Mer,"Syren Demer, Syren Da Mer",Unknown,Caucasian
Danae Mari,Unknown,American,Caucasian
Bonnie Blue,Unknown,British,Unknown
Maya Woulfe,Unknown,American,Caucasian
Reyna Belle,Unknown,American,Latin
Scarlet Chase,Secret Crush,Unknown,Caucasian
Ivi Rein,"Ivy Rein, Tanya",Russian,Caucasian
Blair Williams,Blaire Williams,American,Caucasian
Sonya Blaze,Unknown,Russian,Caucasian
Kama Oxi,Unknown,Ukrainian,Caucasian
Jade Kimiko,Unknown,Unknown,Asian
Eva Angelina,"Eva Angelica, Angelina Del Mar, Eve Angelina, Eva Evangelina, Nicole Clyne, Eve Angelica",American,Mixed
Spencer Bradley,Miss Spencer Bradley,American,Caucasian
Sydney Paige,Unknown,American,Caucasian
Renee Rose,Unknown,American,Caucasian
Kayla Kayden,"Kayla Lynn, Lacy Spice, Lacy Ann Spice",American,Caucasian
Sumire Mizukawa,"Miri Mizuki, Emiri Momota",Japanese,Asian
Brooklyn Chase,Unknown,American,Caucasian
Princess Alice,Valery Cherry,Unknown,Caucasian
Julia Morozzi,Unknown,Russian,Caucasian
Desiree Dulce,Desiree Night,American,Latin
Khloe Kingsley,Unknown,American,Caucasian
Britt Blair,Unknown,American,Caucasian
Amalia Davis,Unknown,Russian,Caucasian
Helina Dream,Melina D,Ukrainian,Caucasian
Elena Koshka,"Elena Kushka, Evalina Faux",American,Caucasian
Hot Pearl,Unknown,Russian,Caucasian
Anna De Ville,"Anne Lee, Anna Deville",American,Caucasian
Joseline Kelly,"Jocelyne Kelly, Jordan Leigh Gaddy Joseline Kavaski, Jocelyn Kelly",American,Caucasian
Lily Philips,Unknown,British,Caucasian
Sia Wood,Unknown,American,Caucasian
Indica Flower,"Summer Saunders, Summer",American,Caucasian
Trinity Olsen,Unknown,American,Caucasian
Sophia Kevin,Unknown,Unknown,Unknown
Sharon White,Unknown,Hungarian,Caucasian
Sophie Tyler,Unknown,Unknown,Caucasian
Lolly Dames,Lollipop Dames,American,Caucasian
Sara Luvv,"Sara Luv, Gianna Giantjunk",American,Latin
Lucy Lotus,Unknown,American,Caucasian
Athena Fleurs,Unknown,American,Caucasian
Isabella De Laa,"Isabella Della, Isabela De Laa",Unknown,Caucasian
Apolonia Lapiedra,Apolonia,Spanish,Caucasian
Sata Jones,"Olefia, Amanda Lee, Lola Love, Marlena",Unknown,Caucasian
Dani Jensen,"Dianne Kellar, Danni Jensen, Brittany Batterblaster, Daisie Kellogg, Diane Kellar, Carina Thomas",American,Caucasian
Brooke Banner,"Chrissy, Brooke Banx, Lindsay Brooke, Miss Brooke, Brook Taylor, Lindsey Brooke, Brooke Banks, Brooke Brand, Brook, Brooke Biggs",American,Caucasian
Jessica Aaren,Unknown,American,Caucasian
Imani Valor,Unknown,American,Unknown
Nancy A,"Erika, Nancy Ambrosia, Nancy Ace, Jane F.",Ukrainian,Caucasian
Abigaiil Morris,Abigail Morris,American,Caucasian
Dolly Dyson,Unknown,German,Caucasian
Jessa Rhodes,Jessica Rhodes,Unknown,Caucasian
Ashley Adams,"Carrie, Sarka, Ashly Adams, Svetla Lubova",American,Caucasian
Maya Farrell,Unknown,American,Latin
Raven Lane,Unknown,American,Caucasian
Tommy King,Unknown,American,Caucasian
Jada Stevens,"Jade Stevens, Candace Jackson, Jayda Stevens, Jacia Stevens",American,Mixed
Cherry Blossom,Lilly A,Unknown,Caucasian
Beca Barbie,Bec The Barbie,American,Latin
Tracey Lain,"Tracey Laine, Tracy Lane, Tracy Lain, Tracey Lane",Unknown,Caucasian
Jasmine Sherni,Unknown,"American, Pakistani",Asian
Madison Morgan,Maddison Grey,American,Caucasian
Samantha Cruz,"Samantha Cruuz, Samanta Cruz",Colombian,Latin
Megan Mistakes,Unknown,Unknown,Caucasian
Ashley Lane,Ashley L,American,Caucasian
Nesty,"Farkas Ildikó, Aniko Stark, Katrin Wolf, Nesty Nice, Katherine Wolf, Katerina Wolf, Farkas Ildika",Unknown,Caucasian
Sinatra Monroe,Unknown,American,Caucasian
Summer Hart,OUSweetheart,American,Caucasian
Jasmine Jae,Jasmine Jai,British,Caucasian
Sybil A,"Sybil A Kailena, Sybil Kailena, Olga Sybil, Sybille Y, Davina E",Ukrainian,Caucasian
Jojo Austin,Josie Lynn,American,Caucasian
Cindy Shine,Unknown,Unknown,Caucasian
Luna Star,"Sheila Salas, Luna Starr",Cuban,Latin
Nicole Aria,Unknown,American,Caucasian
Carmen Valentina,"Sofia Ressin, Carmen Valentine, Sofia Ressen",Unknown,Caucasian
Kylie Quinn,Unknown,Unknown,Caucasian
Baby Doll,Bella Brooks,Russian,Unknown
Christina Sage,Unknown,Unknown,Mixed
Kathryn Mae,Unknown,Unknown,Unknown
Brittany Andrews,Miss Brittany Andrews,Unknown,Caucasian
Alura Jenson,"Alura TNT Jenson, Alura Jensen",American,Caucasian
Dana Dearmond,"The Jester, Dana De Armond, Dana Dearmon",Unknown,Caucasian
Alexa Flexy,"Alexa Sexy, Alena Ruzanova, Calibri Angel, Alexa Flaxy, Olesya Kisbeka",Russian,Caucasian
Tiffany Watson,Tiffany Dawson,Unknown,Caucasian
Jade Kush,Unknown,Unknown,Asian
Nicolette Shea,Unknown,American,Caucasian
Katrina Jade,Unknown,Unknown,Caucasian
Harley Love,Unknown,American,Caucasian
Sky Moon,Unknown,Venezuelan,Latin
Charli Phoenix,Charli FTV,American,Caucasian
Rachel Starr,Rachael Star,Unknown,Caucasian
Alexa Payne,Unknown,Unknown,Caucasian
Texas Patti,Bettina Habig,Unknown,Caucasian
Caitlin Bell,Unknown,American,Caucasian
Mona Azar,Danielle Hatamian,American,Caucasian
Ariana Regent,Unknown,Unknown,Caucasian
Macy Meadows,Unknown,Unknown,Caucasian
Amber Stark,Unknown,American,Caucasian
Evelyn Claire,Unknown,Unknown,Caucasian
Angel Wicky,"Angel Double H, Audrey Argento, Welli Angel, Angel Vicky",Unknown,Caucasian
Ema Karter,Miruna Milu,Romanian,Unknown
Vicki Chase,Vicky Chase,Unknown,Latin
Gracie Gates,Unknown,American,Caucasian
Shay Sights,Shay Sikes,Canadian,Caucasian
Nikoleta,"Julija Roberta, Varvara Krasa, Nikoletta Queen",Latvian,Caucasian
Mandy Muse,"Xyla, Amanda Marie Herrera, Melissa Book",American,Caucasian
London Keyes,"London Keith, London Keys",American,Asian
Brooke Barclays,Unknown,American,Caucasian
Mckenzie Mae,Sorority Mckenzie,Unknown,Unknown
Arabelle Raphael,Unknown,Unknown,Caucasian
Nicole Vaunt,Unknown,Unknown,Caucasian
Stefany Kyler,Nata Paradise,Russian,Caucasian
Cali Sweets,"Cali Sweet, Denise Capri",Unknown,Black
Scarlett Hampton,Scarlett Johnson,American,Caucasian
Brianna Arson,Unknown,Canadian,Mixed
Lily Phillips,Lillian Phillips,British,Caucasian
Hayley Davies,Unknown,"New Zealander, Australian",Caucasian
Fiona Frost,Unknown,American,Caucasian
Billie Jean Austin,Billy Jean Austin,American,Caucasian
Barbie Brill,Dakota Dove,Hungarian,Caucasian
Remi Raw,Madisson Hall,American,Mixed
Gia Paige,Gia Page,Unknown,Caucasian
Lola Bredly,Unknown,Russian,Caucasian
Scarlett Rose,"Kenzie Kollins, Kinsley Karter, Scarlet Datz",American,Caucasian
Anna Bell Peaks,"Redandwild, Annabell Peaks",American,Caucasian
Jenna Starr,Jenna Nith,American,Caucasian
Vanessa Vega,Unknown,Unknown,Latin
Kristy Black,Kristina Cerna,Czech,Caucasian
Vanessa Sky,"Vanessa Skye, Vanessa Niky",American,Latin
Ana Bell Evans,"Anabelle Vue, Anabelle Cindy, Jamilla Melnyk, Anabelle Lili, Lucie, Anabelle Sonic, Ana Rose",Unknown,Caucasian
Jade Valentine,Unknown,American,Caucasian
Emma Bugg,Unknown,American,Caucasian
Courtney Cummz,"Ciurtney Cums, Courtney Cumz, Courtney Cummins",Unknown,Caucasian
Eveline Dellai,"Evelinka Dellai, Dellai Twins",Italian,Caucasian
Cadence Lux,Candence Luxxx,Unknown,Caucasian
Milka Onyx,"Milka Feer, Milka Way, Milka A",Russian,Caucasian
Nia Nacci,Nia Nicce,American,Black
Dakota Lyn,Unknown,Unknown,Caucasian
Frances Bentley,Unknown,British,Caucasian
Isabel Love,Unknown,American,Caucasian
Alex Blake,Unknown,American,Caucasian
Lexi Belle,"Lexi Williams, Lexi Bell, Lexi B., Jessica Macomber, Jessica McCumber",American,Caucasian
Harley King,Unknown,American,Caucasian
Lina Love,Unknown,American,Mixed
Zoey Zimmer,Unknown,American,Caucasian
Emily Pink,Unknown,Colombian,Latin
Cali Carter,"Calie Carter, Callie Carter",American,Caucasian
Olive Glass,"Olive Dundee, Glass Olive",American,Caucasian
Phoebe Kalib,Elle Voneva,American,Asian
Sarah Jessie,Unknown,Unknown,Caucasian
Baby Kitten,"Bxby Kitten, Baby Kxtten, Babykxtten Babykxtten",Unknown,Caucasian
Veronica Rodriguez,"Barbie Bree, Jessica Aljona",Unknown,Latin
Nala Brooks,Naja Brooks,American,Caucasian
Chloe Cherry,Chloe Couture,American,Caucasian
Leanne Lace,"Lee Anne, Leanne Lase",Czech,Caucasian
Allie Addison,Alli Addison,American,Caucasian
Giselle Palmer,"Honky Tonk Angel, Anne Karine",American,Caucasian
Dana Vespoli,Diana Vespoli,American,Asian
Ryan Keely,Maria Menendez,Unknown,Caucasian
Julie Ginger,Unknown,Unknown,Caucasian
Bella Spark,"Shameless Rabbit, Emma White",Unknown,Caucasian
Celestina Blooms,Celestina Bloom,American,Caucasian
Venera Maxima,"Busty Juliet, Busty Isabella, Juliet Isabella, Polina Maxim, Venera Maximus, Polina Maxima, Venera Slabs",Belarusian,Caucasian
Novella Night,Unknown,Unknown,Caucasian
Lola Pearl,Unknown,American,Caucasian
Lola Fae,Unknown,American,Caucasian
Milan Cheek,MilanCheek,Ukrainian,Caucasian
Holly Molly,Jessie Way,Russian,Caucasian
Tiana Blow,"Tianna Blow, Tori Mack, Tatiana Blow",American,Caucasian
Dez Hansen,Dezzzy Hansen,American,Caucasian
Jill Taylor,Unknown,Unknown,Caucasian
Lily Larimar,Lily Larimer,American,Caucasian
Alissa Foxy,"Victoria Garin, Foxy Alissa",Ukrainian,Caucasian
Ella Hughes,Unknown,British,Caucasian
Emma Heart,"Riley Winter, Riley Winters, Next Door Emma",American,Caucasian
Fibi Euro,Unknown,Ukrainian,Unknown
Kitana Lure,"Harper, Roquel, Maisie",Russian,Caucasian
Lumi Ray,Unknown,American,Caucasian
Lexi Victoria,Lexi Sample,American,Latin
Ivy Lebelle,Ivy Labelle,American,Caucasian
Alice Murkovski,Alice Flore,Unknown,Caucasian
Leona Mia,Ashley Mur,Unknown,Caucasian
Jezebel Madd,Tavia the Vix,American,Caucasian
Emily Addison,"Emily Leonard, Emily Palan, Mackenzie Miller",American,Caucasian
Savannah Sixx,Unknown,American,Latin
Sawyer Cassidy,Unknown,American,Caucasian
Daisy Fox,Unknown,Unknown,Caucasian
Little Dragon,"Sharon Q, Your Spicy Dragon, Your Little Dragon, Cerise Spice",Unknown,Caucasian
Rebel Lynn,Isla,Unknown,Caucasian
Katy Rose,"Kelly Star, Kate Rose, Kelly Stark, Kate Ross, Katie Rose",Czech,Caucasian
Toree,"Jenny Barnes, Vikorovko",Ukrainian,Caucasian
Briana Moon,"Briana Banderas, Briana Bounce",Russian,Caucasian
Veronica Avluv,"Victoria Sweet, Robin Lamph",Unknown,Caucasian
Miss Raquel,Mizz Raquel,American,Latin
Adrianna Nicole,"Adrinna Nicole, Seven, The Adrianaconda, Adrianna Stone, Whitney Whacker, Petal Benson, Adrienna Nicole, Adrianna Nichole, Petal",Unknown,Caucasian
Alice Zaffyre,Unknown,Unknown,Unknown
Sasha Rose,"Katja N, Julia Usova, Gloria Sanders",Russian,Caucasian
Christy Love,"Gracie, Christie",Unknown,Asian
Dillion Harper,"Dillon Harper, Dillan Harper",American,Caucasian
Alix Lynx,Layton Parker,Unknown,Caucasian
Serenity Cox,Unknown,Canadian,Unknown
Barbie Reyes,Barbie Rous,Colombian,Latin
Crystal Clark,Fiona Murphy,Unknown,Caucasian
Jayden Cole,"Ashley Summers, Jayden FTV",American,Caucasian
Linda Sweet,"Jaroslava, Jarka",Unknown,Caucasian
Jandi Lin,Jandy Lynn,Unknown,Asian
Alex Chance,Marcy Meattower,Unknown,Caucasian
Summer Angel,FoxyFitGilf,Unknown,Caucasian
Skyler Storm,Unknown,American,Caucasian
Beverly Hillson,Unknown,Unknown,Unknown
Rylee Blake,"Rylee Rain, Riley Blake",American,Caucasian
Naomi Woods,"Elissa Alexis, Lissa Polooza",Unknown,Caucasian
Putri Cinta,Unknown,Indonesian,Asian
Aiden Ashley,"Ayden Ashley, Aiden FTV",American,Caucasian
Allie James,Mallory Fox,Unknown,Caucasian
Krystal Sparks,Unknown,American,Caucasian
Lucia Rossi,Unknown,Unknown,Unknown
Samia Duarte,"Sania Duarte, Samia D",Spanish,Caucasian
Maitland Ward,"Ashley Maitland Welkos, Maitland Ward Baxter",American,Caucasian
Athena Faris,"Ariel, Ms Faris",Unknown,Caucasian
Hyley Winters,Haley Winters,Unknown,Caucasian
Olivia Austin,Unknown,Unknown,Caucasian
Bonnie Dolce,Unknown,Unknown,Caucasian
Capri Cavanni,Capri Cavalli,Canadian,Caucasian
Lana Lee,Unknown,Unknown,Asian
Charley Chase,"Charlie, Charlie Chase",Unknown,Latin
Tina Kay,"Frankie P, Tina E",Unknown,Caucasian
Athena Heart,Unknown,American,Caucasian
Lucy Mendez,Unknown,Venezuelan,Latin
Jazmin Luv,"Jasmin Luv, Jasmin FTV",Unknown,Caucasian
Angie Lynx,Angie Lee,Unknown,Caucasian
Aletta Ocean,"Doris Alien, Aletta Nubiles, Aletta Florancia, Nikita Charm, Dora Varga, Doris, Aletta Alien, Jessica Kline, Artemis Gold, Beatrice P",Hungarian,Caucasian
Emily Jade,Unknown,Canadian,Caucasian
Lucky Anne,Unknown,American,Caucasian
Sky Pierce,Unknown,Unknown,Caucasian
Emily Willis,Unknown,American,Latin
Xwife Karen,"ExWife Karen, Ex-Wife Karen",American,Mixed
Graycee Baybee,Unknown,American,Caucasian
Victoria Sin,"Victoria Sinn, Victoria Sinista, Vic Sinister, Vicky Sin, Victoria Sinister",Unknown,Caucasian
Mira Monroe,Unknown,American,Caucasian
Maya Sinn,Unknown,Unknown,Unknown
Dharma Jones,Unknown,American,Caucasian
Faye Reagan,"Faye Karli, Robin Rivers, Fay Reagan, Faye Regan, Faye Valentine",American,Caucasian
Katee V,Unknown,Unknown,Caucasian
Lily Labeau,"Lilly Lebeau, Arryn Allure, Lily Luvs",Unknown,Caucasian
Scarlett Page,Unknown,Canadian,Caucasian
Marley Brinx,Unknown,Unknown,Caucasian
Kimber Veils,"Kimber Veilz, Tera Winters, Kimber Veliz",Unknown,Caucasian
Casca Akashova,Unknown,Unknown,Caucasian
Tera Patrick,"Sara Jordan, Tara Patrick, Sadie Jordan, Linda Shapiro, Linda Ann Hopkins, Brooke Thomas, Tera Hopkins",American,Asian
Holly Hendrix,"Holly Hayes, Malika Irving, Honey Holly",American,Latin
Avery Black,Unknown,Unknown,Asian
Connie Perignon,"Connie P, Conn Perignon, Con Perignon",Taiwanese,Asian
Lennon Elizabeth,Unknown,Unknown,Caucasian
Teal Conrad,FTV Teal,Unknown,Caucasian
Olivia Madison,Unknown,American,Caucasian
Jessie Saint,Unknown,Unknown,Caucasian
Mindi Mink,Unknown,American,Caucasian
Sarah Illustrates,Sarah Caldeira,American,Latin
Ria Sunn,"Cici, Isabell",Czech,Caucasian
Sheena Ryder,Unknown,American,Latin
Erin Everheart,"Mistress Nyx, Nym Fleurette, Queen Nyx",Unknown,Caucasian
Zoe Bloom,"Zoey Bloom, Katrina",American,Caucasian
Suki Sin,Unknown,Taiwanese,Asian
Keely Rose,Layla Rose,American,Caucasian
Aften Opal,Unknown,American,Caucasian
Laura Bentley,Unknown,American,Caucasian
Isabella Jules,Unknown,Unknown,Latin
Sky Bri,Unknown,American,Caucasian
Maya Bijou,"Dezerea Lyons, Maya Dijou",Unknown,Latin
Sarah Taylor,Unknown,Unknown,Caucasian
Stella Cardo,"Stella Gardo, Christy Tokareva",Ukrainian,Caucasian
Katie Cai,Unknown,Unknown,Asian
Kianna Dior,"Kiana Wong, Kiana Dior, Kianna Orling, Kianna Diorr",Unknown,Asian
Alex Harper,"Rose B, Rose Ballentine, Alex Crawford, Rose Leeann Ballentine, Rose Lorali",American,Caucasian
Yasmina Khan,Unknown,Bangladeshi,Asian
Venus Rivers,Unknown,Unknown,Caucasian
Ellie Luna,Unknown,Ukrainian,Caucasian
Kiara Mia,Kiara Marie,Unknown,Latin
Linda Lan,Unknown,American,Asian
Mercedes Carrera,Mercedes Carrer,Unknown,Latin
Sofia Lee,Lena,Czech,Caucasian
Cherry Candle,Unknown,Polish,Caucasian
Sheena Shaw,Unknown,Unknown,Caucasian
Crystal Chase,Unknown,American,Latin
Dava Foxx,"Dava Foxxx, Dava Fox",Unknown,Caucasian
Lady Dee,"Little Dee, Sabina Pokorna",Czech,Caucasian
Amiee Cambridge,"Aimee Cambridge, Goddess Amiee",American,Caucasian
Betzz,Unknown,Czech,Caucasian
Kitana Montana,Goddess Deluxxxe,Dutch,Caucasian
Silvia Saige,"Savanah Sage, Kira, Silvia Sage",Unknown,Caucasian
Alexis James,Unknown,American,Caucasian
Milena Ray,Unknown,Belarusian,Caucasian
Clemence Audiard,Unknown,French,Caucasian
Paige Owens,Paige FTV,Unknown,Caucasian
Jazlyn Ray,Jazlyn Rae,American,Caucasian
Victoria Voxxx,Veronica Voxxx,American,Latin
Harmony Wonder,"Harmony Winters, Harmony Wonders",Unknown,Latin
Kiara Lord,"Kiare Lord, Klara Lord",Hungarian,Caucasian
Jena Larose,Jenala Rose,American,Latin
Allison Bloom,Unknown,Unknown,Caucasian
Daisy Fuentes,Unknown,American,Latin
Sona Bella,Henta1Honey,American,Latin
Sadie Rose,Unknown,American,Caucasian
Megan Love,Megan Nicole,Venezuelan,Latin
Bree Daniels,"Bree Victorie, Brea of Zeng, Bree Victoria",Unknown,Caucasian
Szilvia Lauren,"Sylvia Sarbonne, Sylvia Florent, Sylvia Loren, Olivia de Clark, Silvia Lauren, Silvia Loren, Silvia Kalman, Sharon Temple, Silvia Laurent, Szilvia Laurent, Sylvia Laurent, Silvia de Clarck, Sylvia Lauren",Unknown,Caucasian
Kira Queen,"Victory, Ada M, Queen Kira, Beatrice, Kyra Queen, Elena Rae, Sigrid V",Russian,Caucasian
Katalina Kyle,Katalina Kummz,Unknown,Caucasian
Rebeca Linares,"Rebecca Linares, Veronica Linares",Spanish,Caucasian
Nicole Nichols,Unknown,American,Caucasian
Chanell Heart,"Chanel Hart, Channel Heart, Channell Heart, Chanel Heart, Chanelle Heart",Unknown,Black
Ophelia Purr,Unknown,American,Latin
Anita Bellini,"Anita B, Anita Berlusconi, Aya, Anita D, Anita S, Anita Kis, Anita Bealusconi, Anita Bersluconi, Angie Kitt, Anita Luv",Unknown,Caucasian
Annabel Redd,Anabel Redd,American,Caucasian
Janet Mason,Janet Exposed,Unknown,Caucasian
Zafira,"Zafira Blundchen, Yasmin, Lapira, Beth, Lafira, Betty, Bettina, Zaffira, Zafira Klass, Lafirma, Zaphyra",Unknown,Caucasian
Noelle Easton,"Alexis, Mattison Reid",Unknown,Caucasian
Lela Star,"Layla, Lela Starr",Unknown,Latin
Summer Day,Unknown,Unknown,Caucasian
Emma Starletto,Unknown,Unknown,Caucasian
Mandy Waters,Slay Savage,American,Caucasian
Freya Mayer,Unknown,Russian,Caucasian
Selena Love,Unknown,American,Caucasian
Tormenta,Tormenta Storm,Unknown,Unknown
Bree Brooks,"Bre Brooks, Brie Brooks, Bri Brooks",Unknown,Caucasian
Kate England,Pearl,Unknown,Caucasian
Tanya Virago,Tanya Kenton,"Ukrainian, British",Caucasian
Nelly Kent,Nelly Kent XXX,Unknown,Caucasian
Ara Mix,Unknown,Russian,Unknown
Jezabel Vessir,"Jezabel Visser, Jezabel Vessire",American,Black
Dixie Lynn,Unknown,Unknown,Caucasian
Emma Pikiner,"Emma Pipineo, Emma T., Lollita Moreau",Russian,Caucasian
Abby Rose,Shannon Louise Nealon,Unknown,Caucasian
Angelique Lapiedra,Angelique Star,Spanish,Caucasian
Georgia Jones,"Laryssa FTV, Georgia Rose",Unknown,Caucasian
Taylee Wood,Tayle Woods,Czech,Caucasian
Mina Luxx,Unknown,American,Asian
Jessica Starling,Unknown,Canadian,Caucasian
Veronica Church,Unknown,American,Caucasian
Kallie Taylor,"Maella Megan, Mella Megan",Unknown,Caucasian
Michele Nolimi,Unknown,Unknown,Unknown
Blanche Bradburry,"Blanche Bradbury, Blanche B",Czech,Caucasian
Mary Rock,"Marchy Rock, Holly Kane",Unknown,Caucasian
Christie Stevens,Christine Stevens,American,Caucasian
Bjorg Larson,Amelia Nice,Unknown,Caucasian
Aj Applegate,"A.J. Applegate, Kaylee Evans, Ajay Applegate",American,Caucasian
Summer Col,Unknown,Colombian,Latin
Era Queen,Unknown,Ukrainian,Caucasian
Kenzie Anne,Miss Kenzie Anne,American,Caucasian
Brooklyn Gray,Unknown,American,Caucasian
Cheryl Blossom,"Lana Bunny, Lana Blossom, Lana Banny",Unknown,Caucasian
Jade Greene,Unknown,Unknown,Latin
Angel Smalls,Angel Moore,Unknown,Caucasian
Penelope Woods,Unknown,American,Latin
Asandra Dewy,"Assandra, Asandra Sun",Unknown,Caucasian
Monique Alexander,"Monique Sunshine, Monique Richards, Monique Alexandra Rock, Briana Burke, Savannah Moore",American,Caucasian
Cecilia Lion,Unknown,Unknown,Black
Rose Monroe,"Rose Monroe XXX, Rose Lane",Venezuelan,Latin
Mackenzie Mace,Unknown,American,Caucasian
Nicole Luva,Unknown,American,Mixed
Yaya Gingersnatch,Unknown,American,Caucasian
Jenna Foxx,"Tara Fox, Jenna Fox, Jenna Foxxx, Tara Foxx, Jenna J. Foxx",Canadian,Black
Lucy Foxx,Unknown,Unknown,Caucasian
Mary Popiense,Unknown,Spanish,Caucasian
Vixi Rafi,Unknown,"Ukrainian, Russian",Caucasian
Jasmine Wilde,Unknown,American,Caucasian
Cathy Heaven,"Cathy B, Cathy Haven, Chaty Heaven, Kathy Heaven, Katija, Chaty, Kathy, Evelin Garamvolgyi",Unknown,Caucasian
Ava Marina,Unknown,Russian,Caucasian
Kona Jade,Naked Hula Dancer,American,Black
Chloe Lamour,"Chloe Lamur, Chloe Lamoure, Cloe Mendini",Slovakian,Caucasian
Bea Cummins,Butterfly,American,Caucasian
Malusha,Unknown,Unknown,Unknown
Eva Ray,"Eva Rae, Miss Ray",Unknown,Caucasian
Spencer Scott,Unknown,Unknown,Caucasian
Vivien Doll,Unknown,Hungarian,Caucasian
Maisey Monroe,Unknown,Unknown,Unknown
Vivianne De Silva,Clarissa Cox,American,Latin
Angelina Moon,Linda Baier,American,Asian
Mitzi X,"Maruska A, Mini Mitzi X, Mini Mitzix, Mitzi Sinn, Mini Mitzi",Czech,Caucasian
Christy White,"Christina Andreadou, Christine White, Xristina Andreadou",Greek,Caucasian
Alyssa Bounty,"Alyssia Bounty, Alysia Bounty",Moldovan,Caucasian
Foxxxy Darlin,Unknown,American,Caucasian
Jennifer Dark,"Charise, Jenifer, Eva B., Stephanie, Eva, Jenny Dark, Eva T., Eva Teggerova",Unknown,Caucasian
Amelia Ost,Unknown,Russian,Caucasian
Luna Legend,Unknown,Unknown,Caucasian
Sladyen Skaya,Planet Jynthe,Belgian,Caucasian
Eve Angel,"Eva Shine, Ava Dobos, Sevrine, Severine, Marina Mendoza, Servine, Sweet Eva",Hungarian,Caucasian
Sydney Cole,Unknown,Unknown,Caucasian
Melztube,Unknown,American,Latin
Isis Love,"Alia Kamika Jones, Iris Love",Unknown,Latin
Elena Vedem,Unknown,Unknown,Caucasian
Kate Quinn,Unknown,Russian,Caucasian
Fae Love,Unknown,Indian,Asian
Sara Diamante,Unknown,Italian,Caucasian
Kazumi Squirts,Unknown,American,Asian
Kira Perez,Unknown,Unknown,Latin
Ada Lapiedra,"Cindy Secret, Lorena Hidalgo",Spanish,Latin
Elise London,Unknown,British,Caucasian
Jennifer Mendez,Jennifer Mendes,Unknown,Caucasian
Sofie Reyez,"Sophie Reyez, Reyez Sofie",Unknown,Latin
Ruby Moon,Unknown,American,Caucasian
Avi Love,FTV Maricella,American,Caucasian
Jessie Ames,Kisa Aleksandrova,Russian,Caucasian
Harlow Wilde,Unknown,Unknown,Unknown
Lilith Liber,Unknown,Unknown,Caucasian
Gypsy Rose,Unknown,Unknown,Caucasian
Gemma Massey,Unknown,British,Caucasian
Shyla Jennings,"Shyla Jenning, Whoa Shyla",Unknown,Caucasian
Ashlyn Peaks,Unknown,American,Latin
Gaby Ortega,Gabi Ortega,Unknown,Latin
Harley Dean,Unknown,American,Mixed
Emma Magnolia,Unknown,American,Caucasian
Misty Stone,"Misti Stone, Jenny Stone",American,Black
Bunny Colby,Nadya Nabakova,American,Caucasian
Nikki Hill,"Easy Di, Nikka Hill, Candy Kay",Ukrainian,Caucasian
Una Fairy,Gerda Ortis,Unknown,Caucasian
Naomi Foxxx,Unknown,American,Black
Raven Rockette,"Lina Savannah, Raven Rocket",American,Caucasian
Lady Lyne,Unknown,Belgian,Caucasian
Rihanna Black,Unknown,Russian,Caucasian
Anikka Albrite,"Annika Albright, Anikka Albright",Unknown,Caucasian
Shay Fox,"Shey Fox, Shay Foxx",Unknown,Caucasian
Tabatha Lust,Unknown,Argentinean,Latin
Abby Cross,"Abbey Cross, Abby Rocks, Abbie Cross, Becky Bazooka",Unknown,Caucasian
Karla Kush,Unknown,Unknown,Caucasian
Scarlet Mika,"Patricia, Patricie, Starlet, Radmira, Radomira",Unknown,Caucasian
Mila Milkshake,Unknown,American,Latin
Mina Von D,"Mini Vampp, Mini Vamp",Spanish,Latin
Juliana Marie,Unknown,Unknown,Caucasian
Jenna Sativa,Jenny Sativa,Unknown,Latin
Nicole Love,"Nicol Love, Nicole Melone",Czech,Caucasian
Sisi Rose,Unknown,American,Caucasian
Riley Nixon,Riley Cruise,Canadian,Caucasian
Victoria June,Victoria Vice,Unknown,Latin
Tall Girl Alli,TallGirlAlli,Unknown,Unknown
Stefani Kovalyova,"Izabella D, Marie, Ryana, Shirley, Izzy, Stefani Isabel, Izabella B, Daisy Shai, Izabella K, Brittany",Unknown,Caucasian
Billie Star,"Patricia, Petra, Michaela, Paulina, Billy, Billy Star, Nancy, Katia, Wendy, Katya, Pinkule",Unknown,Caucasian
Kenzie Love,Unknown,American,Caucasian
Lorreign,"Lor Reign, Lady LorReign",Unknown,Caucasian
Jaye Summers,"Juicy Jaye, Charlotte Lee",Unknown,Caucasian
Marie Mccray,"Michelle Marie McCray, Marie McCary, Maria McCray",American,Caucasian
Jessica Bangkok,"Lana Lovelimbs, Jessica Bang Cock, Jessica Bangkock, Jessica Bangkhok, Jesica Bangkok",American,Asian
Shawna Lenee,"Kara Baker, Kara Bare, Kara Mynor, Shauna Lenne",Unknown,Caucasian
Serena Santos,Unknown,American,Latin
Maddy Nelson,Unknown,Russian,Caucasian
Summer Stevens,Unknown,American,Caucasian
Sasha Pearl,Amira Ali,American,Latin
Aaliyah Yasin,"Aliyah Yasin, Bhabi Aaliyah, ThatBritishG1rl",Pakistani,Asian
Talia Amanda,Amanda Talia,Unknown,Caucasian
Antonia Deona,"Jamie Lee Summers, Jamie Lu Delamane, Jamie Leigh, Stacey Saran, Jamie Lee",Unknown,Caucasian
Tessa Fowler,Tessa Rich,Unknown,Caucasian
Daisy Stone,"Catia Blum, Katia",American,Caucasian
Chloe Foxxe,Unknown,American,Caucasian
Elsa Violet,Unknown,American,Caucasian
Lilly Hall,Lily Hall,American,Latin
Esperanza Gomez,"Esperanza Gomez Silva, Esperanza Gómez Silva",Colombian,Latin
April Olsen,Unknown,American,Caucasian
Lovita Fate,Lolo,Czech,Caucasian
Lya Cutie,Unknown,Hungarian,Caucasian
Larkin Love,Scarlett,Unknown,Caucasian
Arietta Adams,Unknown,Unknown,Caucasian
Joslyn James,"Joclyn James, Ms. James",American,Caucasian
Nikky Dream,"Nikki Dream, Lilli Calvert",Czech,Caucasian
Quinn Waters,Brooke Banks,Unknown,Caucasian
Tigerr Benson,"Koko Lee, Tiger Benson, Tigerr Juggs, Koko Li, Sweet Tigerr",British,Asian
Catherine Knight,Unknown,Chilean,Caucasian
Brandy Salazar,Brandylicious,Venezuelan,Latin
Lindsay Lee,Unknown,Unknown,Caucasian
Linzee Ryder,Unknown,American,Caucasian
Morgan Lee,Lil Kymchii,Unknown,Asian
Jasmine Daze,Jazmine Dayz,American,Caucasian
Moon Flower,Busty Barbara,Russian,Caucasian
Nuria Millan,Unknown,Spanish,Caucasian
Jolee Love,Unknown,Unknown,Caucasian
Victoria Peaks,Unknown,Unknown,Caucasian
Dulce Rivera,Unknown,Colombian,Latin
Sofi Ryan,"Hailey Lynzz, Sophie Ryan",American,Caucasian
Xenia Blondi,Unknown,Unknown,Unknown
Jayla De Angelis,Unknown,Polish,Caucasian
Lola Foxx,Lola Fox,Unknown,Latin
Britney Rose,Unknown,Unknown,Caucasian
Lana Lane,Layana Devis,Ukrainian,Caucasian
Maggie Green,"Maggie G, Maximum Maggie, Mistress Maggie",American,Caucasian
Cassidy Luxe,Unknown,American,Caucasian
Hadley Haze,Hadley Suicide,Unknown,Caucasian
Connie Carter,"Anna Gi, Mary Grey, Anna Hill, Josephine, Conny Lior, Anna Kolarova, Conny Carter",Czech,Caucasian
Carter Cruise,Unknown,American,Caucasian
Reina Rae,Unknown,Unknown,Latin
Breezy Bri,Unknown,Unknown,Caucasian
Kiki Klout,Unknown,Unknown,Latin
Eden West,Unknown,Unknown,Black
Rae Lil Black,"Kae Asakura, Rae Matsuzawa, Yuna Nishida, Akiko Kayo Matsuzawa",Japanese,Asian
Desiree Eden,Unknown,American,Caucasian
Charlotte Stokely,"Charlotte Stokley, Charlie Stokey, Charlotte Stockley",Unknown,Caucasian
Nikky Thorne,"Amanda Muffoski, Nicky Thorne, Nikky Thorn, Nikki Thorne, Nichole Windsor, Princess Nikki Cruel",Hungarian,Caucasian
Gianna Michaels,"Becky, Gianna Rossi, Mistress Gianna, Gianna Michael, Gianna Lynn, Terah Wicker, Giana Michaels, Gianna Micheals, Gianna Nelson",American,Caucasian
My Cookie Jar,"Cookie, MyCookieJar",American,Caucasian
Nina White,Unknown,Unknown,Latin
Brill Angel,Unknown,Russian,Caucasian
Bambi Blitz,Unknown,American,Caucasian
Rosalyn Sphinx,Unknown,American,Caucasian
Harper Hill,Unknown,Unknown,Unknown
Claudia Garcia,Unknown,Unknown,Latin
Cassidy Klein,"Briget Bond, Bridget Bond, Cassidy Kline",American,Caucasian
Danni Lynne,Unknown,American,Black
Aleksa Mink,Aleksandra Mink,American,Caucasian
Alison Tyler,"Danicka Tyler, Allison Taylor, Allison Tyler",American,Caucasian
Trinity St Clair,"Trinity St. Claire, Taylor Jean",Unknown,Caucasian
Silvia Wise,Silvia Abbate,Russian,Caucasian
Vera Jarw,Vera Jawr,Unknown,Caucasian
Jane White,Unknown,Russian,Caucasian
Bess Breast,Unknown,American,Caucasian
Kaisa Nord,Unknown,Unknown,Caucasian
Anny Aurora,"Lady AnnyAurora, AnnyAurora",Unknown,Caucasian
Indica Monroe,Unknown,Unknown,Caucasian
Luna Lovely,"Pandora Pendulum, Luna Love, Aarin",Unknown,Caucasian
Ava Devine,"Ava Divine, Karen Little, Ava Adore",American,Asian
Aiden Starr,"Mistress Lolila, Abby Armshlong, Mistress Lola, Lolita LeMarchand, Mistress Aiden Starr, Annie Dusenbery, Lolita Lamorehand, Aiden Star, Mistress Lolita",Unknown,Caucasian
Brittany Bardot,"Brittany Love, Brittany Lawrence",Czech,Caucasian
Mandy Rhea,Hot mom Mandy,American,Caucasian
Ivy Wolfe,Emma Scarlett,Unknown,Caucasian
Nikki Daniels,Nikki Taylor,Unknown,Caucasian
Nicole White,"Nicol White, Marketa, Nikola White, Kristyna, Nicol",Unknown,Caucasian
Nathaly Cherie,"Nathaly Cherrie, Nataly Chery, Nathaly Heaven, Natalie Cherrie, Nicole Heavenly, Nataly Cherie, Barbie Brittany, Natalie Cherie, Nathaly Cherry, Nathaly Heavenly, Blondsweetie, Nikky Jaxx",Czech,Caucasian
Taylor Vixxen,Unknown,Unknown,Unknown
Aaliyah Hadid,Unknown,Unknown,Black
Li Loo,Liloo,Unknown,Asian
Mellanie Monroe,"Melonie Monroe, Mellone Monroe, Melanie Monroe",American,Caucasian
Wendy Raine,Unknown,Unknown,Caucasian
Alina Li,Chichi Zhou,Unknown,Asian
Chloe Lapiedra,"Naiara Ribes, Naiara Ribelles",Spanish,Caucasian
Rocky Emerson,Unknown,American,Caucasian
Missy Luv,Unknown,Hungarian,Caucasian
Diana Rider,Unknown,Russian,Caucasian
Barbie Feels,Unknown,British,Caucasian
Febby Twigs,Unknown,Unknown,Caucasian
Charly Summer,Unknown,Unknown,Caucasian
Avery Cristy,Unknown,Unknown,Caucasian
Nia Bleu,"Champagne Pocky, Nia Blue",Unknown,Latin
Bad Bella,Unknown,American,Caucasian
Natalia Nix,Unknown,Unknown,Latin
Katty West,"Sabrina Marie, Katty Diamond, Katy West, Katya Wagner, Ramona Ciccone",Unknown,Caucasian
Chanel Preston,"Channel Preston, Rachel Ann Taylor, Chanel Princeton, Chanel Prestor, Chanel Payton",American,Caucasian
Sweetie Fox,Moon Fleur,Russian,Caucasian
Aubry Babcock,Unknown,Unknown,Caucasian
Daisy Fuentes,Unknown,Unknown,Unknown
Lilly Jade,Unknown,American,Unknown
Wifey,Sandra Otterson,Unknown,Caucasian
Loli Pop,"Maria Arany, Lolly Pop, Emmy J, Alicia A",Russian,Caucasian
Eva Long,Eva Long FTV,American,Caucasian
Samantha Reigns,Unknown,American,Caucasian
Audrey Reid,Unknown,Canadian,Caucasian
Jordan Maxx,Unknown,American,Caucasian
Hope Heaven,Unknown,Unknown,Caucasian
Jane Rogers,Unknown,Unknown,Caucasian
Royce Swells,Unknown,American,Caucasian
Diamond Jackson,Unknown,American,Black
Kinuski Kakku,Irina,Unknown,Caucasian
Krystal Swift,"Renata Dubska, Cristal Swift, Kristal Swift, Crystal Swift, Petra Dubska",Czech,Caucasian
Thalia Rhea,"Thalia Rae, Tiny Rhea",American,Caucasian
Ashly Rabbit,Ashley Rabbit,Russian,Caucasian
Ally Lust,Unknown,Unknown,Unknown
Blondie Fesser,Blondie Feser,Unknown,Latin
Holly Garner,"Inna Khoruzh, Ivanna Ershova",Russian,Caucasian
Elis Benson,"Eliz Benson, Jennie Blondie",Unknown,Caucasian
Sophie Rain,Unknown,American,Mixed
Samantha Saint,Elizabeth Ann Weaver,American,Caucasian
Merida Sat,"Dasha Ishere, Hello Siri, Darya Danina, Daria Danina, Ingie Q",Russian,Caucasian
Eva Abel,"Alice Klay, Sandy Fox",Unknown,Caucasian
Natalia Queen,Unknown,American,Caucasian
April O'neil,April O'Neal,Unknown,Latin
Demi Sutra,"Demi Dolce, Ajaa Xxx",Unknown,Black
Yui Hatano,Unknown,Unknown,Asian
Ivy Andrews,Unknown,American,Caucasian
Sharon Lee,Sharone Lee,French,Asian
Oxana Chic,Oxana Z,Ukrainian,Caucasian
Andi James,"Andy James, Annie James",American,Caucasian
Rome Major,Unknown,Unknown,Unknown
Brooke Tilli,Unknown,American,Caucasian
Candice Dare,"Candance Dare, Tiffany, Candace Dare, Candace Mazlin",Unknown,Caucasian
Sandy Love,Unknown,Argentinean,Caucasian
Bubblez Bankz,Unknown,Unknown,Latin
Layla Scarlett,Layla Moroccan,Italian,Mixed
Lucy Doll,Unknown,American,Latin
Bella Rose,"Bella Elise Rose, Sydney Belle","Canadian, American",Caucasian
Kaylani Lei,"Kaylani Lee, Kaylani Li, Keilani Lei",Unknown,Asian
Subil Arch,"Sibul Arch, Subil Arsh, Subie Arch, Subil A",Russian,Caucasian
Odessa,Odessa Bailey,American,Mixed
Zaawaadi,Unknown,Unknown,Black
Lexi Dona,"Lexie Dona, Mindy, Mea Sweet, Simona",Unknown,Caucasian
Simona Purr,Unknown,Unknown,Caucasian
Lila Love,Olivia Reign,Unknown,Caucasian
Taylor Sands,"Heidi, Taylor S",Unknown,Caucasian
Trixi Brooks,Unknown,Unknown,Unknown
Gia Dibella,Unknown,American,Asian
Candie Luciani,Candie Toydoll,French,Caucasian
Azul Hermosa,Sarah Tena,American,Latin
Riley Reign,Unknown,Unknown,Caucasian
Antonia Sainz,Unknown,Unknown,Caucasian
Reena Sky,"Reena Skye, Staci Marcelle",Unknown,Caucasian
Hot Kitty,Anfisa Opal,Unknown,Unknown
Andi Rose,Unknown,American,Caucasian
Hillary Scott,Hilary Scott,Unknown,Caucasian
Jill Taylor,Unknown,American,Caucasian
Kaylee Lang,Unknown,Unknown,Latin
Victoria Mur,Unknown,Unknown,Caucasian
Seka Black,Unknown,Unknown,Caucasian
Fanta Sie,Unknown,Russian,Caucasian
Ania Kinski,Ania Kinsky,Unknown,Caucasian
Julia De Lucia,Julia Cum,Unknown,Caucasian
Ramona Barlowe,"Anna Lisa, Julisha ., Fendi",Unknown,Caucasian
Dominno,"Busty Domino, Dominno Rebelde, Anna Wang, Domenica, Dominno Beltran, Bailey Kincaid, Rebelde, Dommino",Unknown,Caucasian
Charlie Valentine,Unknown,Unknown,Caucasian
Pixie Smalls,Unknown,Unknown,Latin
Nicole Rae,"Nichole Rae, Modern Aphrodite",American,Caucasian
Ellie Eilish,"Elly Idol, Elly Eilish, Aria",Unknown,Caucasian
Assolle,"Stacey Bender, Accoolle, Assolleq",Unknown,Unknown
Catalina Ossa,Unknown,Unknown,Latin
Sofie Marie,"Yummy Sofie, Wickedyummy",Unknown,Caucasian
Gabriella Paltrova,"Gabriella Roxxx, Gabi Paltrova",American,Mixed
Ashley Fires,"Aspen Blue, Ashley Aspen",Unknown,Caucasian
Zoey Monroe,"Nikki B, Zoe Monroe",American,Caucasian
Daya Dare,Dahlia Dare,Unknown,Unknown
Kwini Kim,Unknown,Unknown,Unknown
Miss Daphne Red,Unknown,British,Caucasian
Anna Kovachenko,"Tony Foxy, Anne Kovechenko, Anna Kovanchenko, Anne K",Ukrainian,Caucasian
Lola Danger,Lola Dangerous,Unknown,Unknown
Rose Lareine,Unknown,Unknown,Caucasian
Alyssia Kent,Alessia Kent,Romanian,Caucasian
Gypsy Rose,Unknown,Unknown,Unknown
Lana Roy,Sativa Booty,Unknown,Caucasian
Sweet Susi,Unknown,Unknown,Caucasian
Karina King,Unknown,Unknown,Caucasian
Rika Fane,Hannah Biasiol,Czech,Caucasian
Lily Adams,Unknown,Unknown,Caucasian
Emma Butt,"Emma Butts, Emma May, Misstress Pandora, Tara Summers",Unknown,Caucasian
Kiki Cali,Unknown,Unknown,Caucasian
Karen Fisher,"Sexy Karen, Samantha Silver, Karen XXX",American,Caucasian
Amanda Lane,"Amanda Lanes, Amanda Aims, Amanda Aimes, Tracy Maura",Unknown,Caucasian
Darcie Dolce,DJ Darcie Dolce,Unknown,Caucasian
Satine Summers,Unknown,American,Unknown
Nichole Saphir,Unknown,American,Unknown
Eva Blume,Aya Kelly,Moldovan,Caucasian
Lynna Nilsson,Ms Lynna,Unknown,Caucasian
Amy Anderssen,"Amy Azzura, Amy Juggs, Jayna James",Unknown,Caucasian
Sirena Milano,Unknown,Unknown,Caucasian
Gabriela Lopez,Unknown,American,Latin
Anna Polina,"Lea Delmas, Lilith Marshall",Russian,Caucasian
Keira Croft,Unknown,American,Caucasian
Kristina Grace,Unknown,Russian,Caucasian
Silvia Dellai,"Sylvia Dellai, Silvie, Dellai Twins",Unknown,Caucasian
Charlie Red,Charli Red,Unknown,Caucasian
Skye Angel,Unknown,American,Caucasian
Clara Mia,Unknown,Unknown,Caucasian
Amara Romani,"Amara Ramona, Amara Ramoni",Unknown,Caucasian
Piper Perri,Julienne Frederico,American,Caucasian
Anna Cummings,Unknown,American,Caucasian
Rina Ellis,Little Miss Rina,Unknown,Mixed
Mae Gunz,Unknown,Unknown,Unknown
Sasha Sutherland,Unknown,Unknown,Unknown
Hazel Grace,Hazel Hefner,Unknown,Black
Jasmine Jayne,Unknown,Hungarian,Unknown
Lika Star,Lolly Small,Ukrainian,Caucasian
Maya Kendrick,Unknown,Unknown,Caucasian
Tristan Summers,Tristan Taylor,Unknown,Caucasian
Rococo Royalle,Katherine J,Unknown,Caucasian
Mila Pie,Unknown,Russian,Caucasian
Lily Lane,Lilly Lane,American,Caucasian
Misha Cross,Mischa Cross,Unknown,Caucasian
Sinn Sage,"Dana Doubledong, Rachel Henry, Dinn Sage",Unknown,Caucasian
Abi James,Unknown,Unknown,Unknown
Christy Marks,Jerri Monet,Unknown,Caucasian
Vivian Lola,Unknown,Brazilian,Caucasian
Mila Amour,"Bo Krsmanovic, Samadhi Amour, Samadhi Amor, Mila Anne, Milena Milyaeva",Ukrainian,Caucasian
Mia Trejsi,Mia Tracy,Ukrainian,Caucasian
Riley Steele,Unknown,American,Caucasian
Abbie Cat,"Emma, Evelin G., Abbie Kat, Kristina V",Unknown,Caucasian
Dainty Wilder,Dainty Suicide,Unknown,Caucasian
Delilah Day,Unknown,Unknown,Caucasian
Angelica Heart,"Linda Blonde, Angelika Herat, Herpa Tamara, Herpai Tamara, Joanna, Angelica H",Hungarian,Caucasian
Jodi West,West Jodi,American,Caucasian
Diana Douglas,"Diana Zor, Diana Gold, Diana V, Katarine, Cindy, Selena",Unknown,Caucasian
Channy Crossfire,Unknown,Unknown,Asian
Casey Nohrman,"Elza A, Casey Norhmann, Casey Norhman, Elza Alisha, Elza Mia, Eyla Moore",Unknown,Caucasian
Raina Rae,Unknown,American,Caucasian
Sophia Lux,Sofia Lux,Unknown,Caucasian
Anna Ralphs,Anna L,Ukrainian,Caucasian
Sasha Grey,"Sascha Grey, Anna Karina, Sasha Gray",American,Caucasian
Sasha Paige,Unknown,Russian,Caucasian
Angelica Taylor,"Emma Love, Emmanuelle Novacich, Angelica Titties, August Taylor, Michelle Novacich, Nadia Villanova",Unknown,Asian
Monika Fox,Unknown,Russian,Caucasian
Vanessa Moon,Unknown,Unknown,Latin
Skin Diamond,"Raylin Joy, Skinn",Unknown,Mixed
Dorothy Black,"Dotty Love, MÃƒÂ©szÃƒÂ¡ros DÃƒÂ³ra, Lia Lyen, Meszaros Dora, Lia Lynn, Dorothy Love, Sandra Rubin, MÃ©szÃ¡ros DÃ³ra, Diana Ribbeck",Unknown,Caucasian
Geishakyd,Geisha Kyd,Dominican,Latin
Danica Dillan,"Danica Dillon, Ashley Johnston",Unknown,Caucasian
Victoria Summers,Unknown,Unknown,Caucasian
Miss Sally,Fitness Model Mom,Unknown,Unknown
Fit Kitty,Unknown,Unknown,Caucasian
Jenna Ivory,Natalie,Unknown,Caucasian
Sienna Rae,Unknown,Unknown,Caucasian
Melody Mynx,Melody Minx,American,Caucasian
Destiny Dixon,Unknown,Unknown,Caucasian
Maria Anjel,Unknown,Unknown,Caucasian
Lysagna Del Ray,Unknown,American,Caucasian
Ava Davis,Unknown,Unknown,Caucasian
Paisley Porter,"Misty Matrix, Bailey Mattingly",Unknown,Caucasian
Bianca Burke,Sparkle Bunneh,American,Caucasian
Baby Nicols,Nicols Rodriguez,Venezuelan,Latin
Katerina Kay,Katrina Kay,Unknown,Caucasian
Lacey Jayne,Unknown,American,Caucasian
Speedy Bee,Auntie Trisha,Unknown,Caucasian
Tessa Thomas,Unknown,American,Black
Karma Rx,Karma Palmer,American,Caucasian
Tasha Reign,"Layla Sin, Rachel Swimmer, Rachel Lorraine",American,Caucasian
Serena Blair,Unknown,Unknown,Caucasian
Nicole Heavens,Nicole,Russian,Caucasian
Margo Von Tesse,Unknown,Russian,Caucasian
Julia North,Dafna May,Unknown,Caucasian
Sabrina Night,"Sabien Demonia, Sabien Suicide",Polish,Caucasian
Sasha Heart,"Selina, Sasha Hart, Sabrina Star, Jillian Quist, Sabrina Starr",Unknown,Caucasian
Aila Donovan,Tammy Tyler,Unknown,Caucasian
Deauxma,Robin Pulliam (married name),Unknown,Caucasian
Amazon Darjeeling,Lila Lovely,Unknown,Caucasian
Jaclyn Taylor,Unknown,Unknown,Caucasian
Stacey Barnes,Unknown,Unknown,Unknown
Valentina Jewels,Unknown,Unknown,Latin
Haley Cummings,"Halee Cummings, Hailey Cummings, Halie Cummings, Hayley Cummings",Unknown,Caucasian
Coco Bae,Unknown,Unknown,Caucasian
Jade Baker,Unknown,American,Caucasian
Marica Chanel,"Marika Chanelle, Marica Chanelle, Marica Channel",Unknown,Caucasian
Vivian Taylor,Unknown,American,Caucasian
Ellie Murphy,Rising Phoenix,American,Caucasian
Kendra Cole,Unknown,Unknown,Caucasian
Angel Rivas,Ernestine Deleon,Unknown,Caucasian
Liv Wild,Liv Wilde,Panamanian,Latin
Katie Kox,"Kox Katie, Katie Koxxx, Kathy Cox",Unknown,Caucasian
Lily Love,"Lilly Love, Mackenzie",American,Caucasian
Olivia Trunk,Unknown,Unknown,Caucasian
Molly Maracas,Molly Milf,British,Caucasian
Alyssia Vera,Unknown,American,Caucasian
Kay Carter,Unknown,Unknown,Caucasian
Destiny Mira,Unknown,Unknown,Black
Teanna Trump,"Teanna Smile, Keanna Nichele Jones, Teanna Sweet, Teanna Smiles, Keanna Jones, Teanna West",Unknown,Mixed
Mia Piper,Hazel Grace,Unknown,Caucasian
Trillium,Unknown,Unknown,Caucasian
Gracie Glam,"Kelly Beekman, Kelly Atera",Unknown,Caucasian
Mia Kay,Unknown,Unknown,Caucasian
Mirka Bay,Unknown,Belarusian,Caucasian
Red Eviee,Unknown,American,Caucasian
Jynn Daor,Unknown,Unknown,Caucasian
Riley Rose,Unknown,Unknown,Unknown
Zoey Foxx,Unknown,American,Latin
Mazy Myers,Unknown,American,Caucasian
Tia Cyrus,Unknown,Unknown,Latin
May Thai,"Ayshana, Mai Thai","Thai, Italian",Asian
Liza Del Sierra,Lysa Del Sierra,Unknown,Caucasian
Brittney White,Brittany White,American,Black
Stevie Moon,Unknown,Unknown,Caucasian
Funky Town,Unknown,Russian,Caucasian
Luxury Girl,Kristina Sweet,Unknown,Caucasian
Bailey Base,Unknown,Unknown,Caucasian
Anastasia Lux,Unknown,Portuguese,Caucasian
Kasey Warner,"Kasy Warner, Kasey Tyler",Unknown,Caucasian
Bailey Blaze,Unknown,American,Caucasian
Megan Fiore,Unknown,Italian,Caucasian
Vika Lita,"Vikalita, Belinda Viera",Unknown,Caucasian
Alena Croft,AZBlonde,Unknown,Caucasian
Susan Ayn,"Suzen Sweet, Zusen Sweet, Ludmila",Unknown,Caucasian
Jewels Jade,"Jewel Jade, Jewels",American,Caucasian
Katrina Moreno,Unknown,Uruguayan,Latin
Kissa Sins,Unknown,Unknown,Caucasian
Bailey Brooke,"Bailey Matthews, Bailey Brookes, Mikalia Stebbins",Unknown,Caucasian
Jayden Jaymes,"Jayden Michele Jaymes, Jayden James, Michele Lee Mayo",American,Caucasian
Alexa Tomas,Alina,Unknown,Latin
Emily Bloom,"Tania Fox, Anne T",Ukrainian,Caucasian
Breiny Zoe,Unknown,Colombian,Latin
Shione Cooper,"Simone Cooper, Deborah Shinone",Czech,Caucasian
Kitty Cam,Unknown,Unknown,Caucasian
Allie Nicole,Unknown,Unknown,Caucasian
Chastity Lynn,"Chastity Lyn, Chasity Lynne, Chastity Nubiles, Chase, Chastity Lynne, Hailey",Unknown,Caucasian
Simony Diamond,"Dimony, Cynthia Nupp, Anna Karin, Henrietta Hequi, Henni, Simone Simmons, Henrietta, Henriet Simony, Heny, Simona Giglio, Britany Spheres, Henriette, Henriet, Simone Gold, Simona Banfi, Simona, Simona Diamond, Sylvie, Simone Diamond",Unknown,Caucasian
Sunny Leone,"Karanjeet Kaur Vohra, Karan Malhotra, Karenjit Kaur Vohra",Canadian,Asian
Claire Black,Goddess Claire,American,Latin
Blake Eden,Blake Bartelli,Unknown,Caucasian
Nadia White,Ariel Adore,Unknown,Caucasian
Margot Von Teese,Margo Von Teese,Unknown,Caucasian
Jade Nile,"Jadee Envy, Jade Nyle",Unknown,Caucasian
Mia Mi,"Bella Brooks, Baby Dahl, Baby Doll",Unknown,Caucasian
Scarlett Sage,Unknown,Unknown,Caucasian
Jessica Marie,Unknown,American,Caucasian
Naughty Tinkerbell,Unknown,Unknown,Caucasian
Harley Haze,Unknown,"Canadian, American",Caucasian
Mik Luv,Unknown,American,Caucasian
Angel Dark,"Viktoria Knezová, Angelina Bella, Viktoria Cullison, Dark Angel, Kristina Sutalo",Slovakian,Caucasian
Arina Shy,Unknown,Unknown,Caucasian
Angelina Diamanti,Rose Black,Unknown,Caucasian
Lucy Li,"Lucy Ly, Mosi Ly, Ullas Li, Lucy Lee, Lucy C, Scarlett Lee",Czech,Caucasian
Audrey Hollander,"Audrey Bauer, Princess Slave, Audry Hollander",Unknown,Caucasian
Georgia Koneva,Unknown,French,Caucasian
Scarlit Scandal,Unknown,American,Black
Evelina Darling,"Nataly, Natalie, Anka Minetchica",Unknown,Caucasian
Chloe Cooper,Kira Fox,American,Caucasian
Kali Kingsley,Unknown,Unknown,Caucasian
Skyla Novea,"Mayleena Smith, Percilla Riclof, Ginger Elle, Ginger Ellee, Nena Starzz",Unknown,Caucasian
Megan Inky,Unknown,Unknown,Caucasian
Alessa Savage,Unknown,British,Caucasian
Marichka,Yvain Cormich,Ukrainian,Unknown
Lyra Law,Lyra Louvel,Unknown,Caucasian
Kate Bloom,Riley Moon,Unknown,Caucasian
Vicky Love,"Vickie Love, Vicky Brown",Unknown,Caucasian
Sasha Beart,Unknown,Unknown,Caucasian
Ambar Lapiedra,Unknown,Unknown,Caucasian
Claudia Bavel,"Claudia Aguilera, Claudia Bevel",Spanish,Latin
Lilibet Saunders,Unknown,American,Caucasian
Marilyn Sugar,"Marylin Sugar, Marilyn Moore, Hana A, Mary, Sugar",Unknown,Caucasian
Paola Hard,Unknown,Spanish,Caucasian
Yumi Sin,Bella Mercury,American,Asian
Marina Visconti,"Shelia, Marina Viskonti, Sheila B, Vika Dajvodku, Marina V, Sheila, Marina Visenti, Vika B, Marina Visconni, Mariana Visconti, Roxana",Unknown,Caucasian
Anna Kolba,Unknown,Unknown,Unknown
Zoey Sinn,Unknown,Unknown,Black
Jenn Cameron,Unknown,American,Caucasian
Danni Rivers,Dani Rivers,American,Caucasian
Alex Isadora,Unknown,American,Caucasian
Sami Parker,Samantha Parker,American,Asian
Diana Doll,"Tatiana, Diana Dall, Sue Diamond",Unknown,Caucasian
Abbie Maley,Wednesday Parker,Unknown,Caucasian
Morgan Rain,Unknown,Unknown,Caucasian
Jessica Robbin,"Jessyca Rabbit, Jessica Rabbit",Unknown,Caucasian
Misty Addams,Unknown,Unknown,Caucasian
Kyla Keys,"Katlynn Keys, Kaylynn Keys, Kaylynn Keysis",American,Caucasian
Jenny Pretinha,Unknown,Brazilian,Black
Lory Lace,Unknown,Unknown,Latin
Busty Bliss,Unknown,Unknown,Caucasian
Evelin Stone,Evelyn Stone,Unknown,Caucasian
Dani Diaz,Unknown,Unknown,Latin
Michelle Thorne,"Michelle Thorpe, Michelle Thorn",Unknown,Caucasian
Francesca Dicaprio,Unknown,Unknown,Caucasian
London Lee,Unknown,Unknown,Asian
Harley Jade,Kimber,Unknown,Caucasian
Daniela Garcia,Athenea Rose,Colombian,Latin
Roxy Mendez,"Sofia Pereira, Miss Sofia",Unknown,Caucasian
Allison Moore,Unknown,American,Caucasian
Sandralyd,Unknown,Spanish,Caucasian
Amai Liu,"Tiny Tabby, Amai Liv, Ami Liv, Amai Wong, Amai Lui, Miss Amai, Jamai Liu",Unknown,Asian
Tiffany Doll,"Coco, Cecille, Ella James, Tiffany D",Unknown,Caucasian
Violet Ray,Unknown,Unknown,Caucasian
Alice Peachy,Peachy Alice,Russian,Caucasian
Joanna Bliss,"Joana Bliss, Natural Joanna",Unknown,Caucasian
Lana Sharapova,Unknown,Russian,Caucasian
Kit Mercer,Unknown,American,Caucasian
Selva Lapiedra,Unknown,Brazilian,Latin
Marsha May,"Bibi Miami, Dragon Princess, Bianca B, Lil Peachy, Bibi",Unknown,Caucasian
Anna Chambers,Unknown,Unknown,Caucasian
Florane Russell,Petra,Unknown,Caucasian
Mia James,Unknown,American,Caucasian
Natasha Teen,"Natasha 10, Natashaa 10, Medellin",Unknown,Latin
Monika May,"Maria Lee, Julia K",Ukrainian,Caucasian
Azzurra Moretti,Unknown,Ukrainian,Caucasian
Julia Robbie,Unknown,American,Caucasian
Julie Kay,Honey Haze,American,Black
Mariza Rabbit,Mariza Lamb,American,Latin
Judy Jolie,Unknown,Unknown,Caucasian
Alina West,Olina Nikia,Unknown,Caucasian
Sheila Ortega,Unknown,Unknown,Latin
Diamond Kitty,Diamond Kity,Unknown,Latin
Lady Lynn,Unknown,Unknown,Caucasian
Luna Amor,"Luna Moon, Alexya",Romanian,Caucasian
Alexis Brill,Alexis Bril,Unknown,Caucasian
September Reign,Unknown,American,Black
Honey Gold,Unknown,American,Mixed
Vinna Reed,"Shanie Ryan, Cristin, Kristal Kaytlin, Vina, Caitlin, Candy, Cristal Kaytlin, Henrietta, Kristal Caitlyn, Cristal Caitlin, Kristal Kaitlin, Tereza, Petra, Krystal Kaitlin, Vienna Reed, Kristyna, Cristin Caitlin, Christin",Unknown,Caucasian
Laura Orsolya,"Kupai Molnar Orsi, Tatiana Galore, Laura Orsoia",Hungarian,Caucasian
Fiona Sprouts,Unknown,Unknown,Caucasian
Carmela Clutch,Caramela Clutch,Unknown,Latin
Megan Venturi,Unknown,Unknown,Caucasian
Ariana Van X,Unknown,Unknown,Latin
Maddy Black,Maddi Black,Unknown,Caucasian
Hope Ryan,Unknown,Australian,Caucasian
Izzy Lush,"Ziggy Lush, Ivanka Lush",Unknown,Latin
Helena Price,Unknown,Unknown,Caucasian
Lana Winter,Robin Scherbatsky,Unknown,Unknown
Sapphire Lapiedra,"Yolanda Hernández, Sapphire Astrea",Spanish,Latin
Jenny Wullum,"Ratty Ratskeleton, Ratskeleton, Ratyolk",Unknown,Caucasian
Lenina Crowne,Unknown,British,Caucasian
Jayme Langford,"Alana Langford, Robyn Eve, Allison Ames, Jaime Langford, Jasmine Jones",Unknown,Caucasian
Mia De Vil,Unknown,Unknown,Caucasian
Pandora Red,Unknown,Russian,Caucasian
Angelica Heaven,Unknown,Russian,Caucasian
Pinky,"Pinky XXX, Sarah Mirabelli",Unknown,Black
Harlow West,Unknown,American,Caucasian
Bonni Gee,Unknown,British,Caucasian
Eve Marlowe,Megan Medellin,American,Caucasian
Nicole Ray,Nichole Ray,Unknown,Caucasian
Olivia Westsun,"Olivia Westwood, Lia Borg",Unknown,Caucasian
Sandy Morrison,Emma Evans,Ukrainian,Caucasian
Olivia Wilder,Unknown,Unknown,Caucasian
Charlee Chase,Charlie Chase,Unknown,Caucasian
Gia Dimarco,"Gia DeMarco, Gia Di Marco, Haley WIlde",American,Caucasian
Nina Kayy,"Riley Knight, Bailey Martin, Nina Kay",Serbian,Caucasian
Sienna Day,Siena Day,Unknown,Caucasian
Claudia Mac,"Martina D, Maek Claudia, Martina, Bernadette, Claudia Macc, Claudia M",Unknown,Caucasian
Kaylee Killion,Unknown,Unknown,Caucasian
Rachel Rivers,Unknown,Unknown,Latin
Ebony Mystique,Angel Mystique,Unknown,Black
Karolina Geiman,Korolina Geiman,Unknown,Caucasian
Brandy Talore,"Brandi Talore, Brandy Talor, Brandy Taylor, Brandy DDD",American,Caucasian
Lolli Pop,"Lalipop, Lallipop, Lalli, Lalli Pop, Lollipop",Unknown,Unknown
Paisley Rae,Paisley FTV,American,Latin
Isabella Chrystin,"Alexandra, Izabela Christyn, Alex Cassandra, Isabella Christyn, Isabella Chrystine, Alex, Isabella Christin",Czech,Black
River Fox,Unknown,Unknown,Caucasian
Natalie Knight,Unknown,American,Caucasian
Jessica Rex,Unknown,Unknown,Caucasian
Lea Lexis,"Lea Lush, Jasmine Capelli, Lee Lexus, Lee Lexxus, Lia Lexus, Lea Lexa, Tania Solange, Niki Blue, Lea Lexus",Unknown,Caucasian
Aliya Brynn,Unknown,American,Caucasian
Baby Gemini,Bay Gamini,American,Black
Aubrey Addams,Aubrey Adams,American,Caucasian
Blue Angel,"Leila, Vivien Piaf, Sissy Blake, Beatrice, Angel B, Vivien Toth, Viva Style",Hungarian,Caucasian
Dolly X,"Doly Inuk, Dolly Orchid",Unknown,Asian
Kayden Kross,"Kimberly Nicole Rathkamp, Jenna Nickol, Kayden Cross, Jenna Nikol",American,Caucasian
Quinn Wilde,Unknown,American,Caucasian
Kimber Woods,Lexi Vex,American,Latin
Harmony Reigns,Unknown,Unknown,Caucasian
Indica Marie,Indica,American,Caucasian
Lisey Sweet,Unknown,Unknown,Caucasian
Alexa Nova,Unknown,Unknown,Caucasian
Demi Fray,"Mila Aljenka, Lilian A Mila",Unknown,Caucasian
Lottie Magne,Olivia Lush,Unknown,Caucasian
Scarlett Venom,Unknown,Unknown,Latin
Diabella Eclair,Unknown,Venezuelan,Latin
Polly Pons,Poopea Pons,Unknown,Asian
Summer Wilder,Unknown,Unknown,Caucasian
Ava Sinclaire,Unknown,American,Caucasian
Tali Dova,Tali Dava,Unknown,Caucasian
Jade Jadoree,"Jade J'adore, Jade Jadore",Unknown,Unknown
Alexa Grace,Renee Marie,Unknown,Caucasian
Victoria Lobov,Arinka Kalinka,Unknown,Caucasian
Natalia Forrest,Unknown,Unknown,Caucasian
Taylor Gunner,Unknown,Unknown,Caucasian
Kate Shira,"Nikky B, Louise Hart, Kate Pink",Unknown,Caucasian
Daisy Bean,Unknown,American,Unknown
Lola Red,Stellar Style,Unknown,Caucasian
Sabina Rouge,Unknown,American,Caucasian
Vanessa Phoenix,"Sally Squirtz, Vannessa Phoenix, Sally Squirt",American,Latin
Red Fox,"Anfisa Jakubinsky, Nataliya Znachenko, Zania Burlechenko, Michelle H, Michelle Starr",Ukrainian,Caucasian
Aria Carson,Unknown,American,Caucasian
Lady Bug,"Marketa, Lady Bukk, Mäuschen, Irena, Riders, Irena A",Unknown,Caucasian
Tina Hot,"Tina H, Nina Sunrise, Tina Hott",Unknown,Caucasian
Stella Barey,Unknown,Unknown,Caucasian
Ryan Conner,Ryan Connor,American,Caucasian
Bunny Fae,Unknown,American,Latin
Halle Hayes,Unknown,American,Black
Mia Lelani,"Mia Le Lani, Mia Leilani",Unknown,Asian
Katya Rodriguez,Unknown,Unknown,Latin
Anuskatzz,Unknown,Unknown,Caucasian
Kailani Kai,Unknown,American,Latin
Elexis Monroe,"Savannah Jones, Savannah James, Savanna James, Savannha James, Elexis James",Unknown,Caucasian
Olivia Zlota,Unknown,Polish,Caucasian
Lucy Belle,"Lucy E, Gina Lutaja, Melody Trois, Lucy Bell",Unknown,Caucasian
Ally Horny,Unknown,Russian,Caucasian
Kate Dalia,Unknown,Unknown,Caucasian
Lindsey Lakes,Lindsey Lake,American,Caucasian
Mila Monet,Unknown,American,Caucasian
Sia Lust,Luna Daniels,Unknown,Caucasian
Scarlett Bloom,Unknown,American,Mixed
Lola Valentine,Unknown,Unknown,Caucasian
Skye Wood,Skye Young,Russian,Caucasian
Rebecca Vanguard,Sailor Luna,American,Caucasian
Carmen Caliente,Unknown,Unknown,Latin
Angel Emily,Emily Coquine,Unknown,Caucasian
Sarah Lace,Unknown,Unknown,Latin
Venus Valencia,Unknown,American,Latin
Zara Durose,"Zara De Rose, Zara Du Rose",Unknown,Caucasian
Destiny Cruz,Unknown,Unknown,Latin
Nadia Goher,The Official Egypt,Unknown,Mixed
Camila Cortez,Unknown,American,Latin
Bella Blu,Unknown,American,Caucasian
Avalon Mira,Patootie Peaches,American,Caucasian
Alessandra Jane,"Alexa Jane, Tatiana Maier, Alessandra J, Little Ferguson",Unknown,Caucasian
Kassie Wallis,Unknown,Unknown,Latin
Marina Vaylor,Unknown,Unknown,Unknown
Liya Silver,Kristina Shcherbinina,Russian,Caucasian
Jordan Pryce,"Sasha Barbie, Fuck Doll, Alexandra Cat",Unknown,Caucasian
Crazy Alisha,Asya Murkovski,Russian,Caucasian
Cj Miles,Christianne Ramelb,Unknown,Asian
Daphne Dare,Unknown,Unknown,Caucasian
Hazel Paige,Unknown,American,Caucasian
Paris White,Hannah Rachel Tullett,American,Caucasian
Sha Rizel,"Ekaterina Sidorenko, Sophie Nova, Kate Gennadievna Sidorenko, Katya Sidorenko, Katya Gennadievna Sidorenko",Unknown,Caucasian
Ginger Grey,Unknown,American,Caucasian
Yenifer Chp,Yenifer Chacon,Unknown,Latin
Leya Falcon,Whorley Quinn,Unknown,Caucasian
Elektra Rose,Electra Rose,Unknown,Caucasian
Sensual Jane,"Ioana Botezatu, Janelle",Romanian,Caucasian
Lola Taylor,"Luba B, Lolita Petrova, Lolita Taylor, Baby L, Lola Petrova",Unknown,Caucasian
Athena Anderson,Unknown,American,Caucasian
Chantal Danielle,Unknown,Unknown,Caucasian
Christiana Cinn,"Leia Christiana, Christina Cinn, Christi Cinn",Unknown,Caucasian
Lucia Love,Lucia B,Unknown,Caucasian
Brenna Mckenna,Cassie Peacock,Unknown,Caucasian
Audrey Bitoni,"Audrey Arroyo, Audri Bitoni",American,Caucasian
Chloe Chevalier,Unknown,French,Caucasian
Jayne Doh,Unknown,American,Mixed
Leigh Rose,"Isis Rose, Iris Rose",Unknown,Caucasian
Pepper Hart,Unknown,Unknown,Caucasian
Ariel Darling,Unknown,American,Caucasian
Zuzu Sweet,Sofia De Bum,Unknown,Caucasian
Mary Bitch,Unknown,Unknown,Caucasian
Agatha Shay,Unknown,Unknown,Unknown
Chanel Shortcake,Unknown,Unknown,Caucasian
Paula Shy,"Christy Charming, Paola de Sousa, Paula Pearl, Paula Lee, Misty, Sexy Carolina",Unknown,Asian
Scarlett Jones,Unknown,British,Caucasian
Aria Kai,Riley Holt,Unknown,Caucasian
Numi Zarah,Unknown,"American, Bangladeshi",Asian
Sofia Takigawa,Unknown,Unknown,Asian
Miss Jackson,Unknown,Austrian,Caucasian
Mell Blanco,Unknown,"Venezuelan, Colombian",Latin
Henessy,"Cosette Ibarra, Deborah Banks, Alina Henessy, Henessey, Hennesy",Russian,Caucasian
Kendra Spade,Michaela McCormick,American,Asian
Romy Indy,Unknown,Dutch,Asian
Reese Robbins,Unknown,American,Caucasian
Jojo Kiss,Unknown,American,Caucasian
Ada Lyn,Unknown,American,Latin
Kesha Ortega,Unknown,Unknown,Latin
Carla Boom,Unknown,Unknown,Caucasian
Rachel Raxxx,"Jessica Raxxx, Rachel Raxx",Unknown,Black
Sedona Reign,Jessi Lee,Unknown,Caucasian
Darla Crane,"Darla Krane, Darla Michaels",American,Caucasian
Ophelia Kaan,Unknown,American,Caucasian
Alexsis Faye,Unknown,Ukrainian,Caucasian
Cassie Lenoir,Unknown,Unknown,Caucasian
Chloe Toy,"Peachlink Suicide, Chloe Benson",Unknown,Caucasian
Rachel Ramsey,Unknown,American,Caucasian
Ava Koxxx,Unknown,British,Caucasian
Alex Black,"Milena, Alexandra",Unknown,Caucasian
Jay Taylor,"Yippieskip, Yippie Skip",Unknown,Caucasian
Amilia Onyx,Unknown,Unknown,Caucasian
Anna Morna,"Anastasia Morna, Ana Morna",Unknown,Caucasian
Ana Rose,Unknown,American,Caucasian
Jasmine Rouge,"Jasmin Forever, Melissa, Jasmine Rogue, Jasmin Esterra, Jasmine La Rouge, Jasmin Foster, Jasmine Forever",Unknown,Caucasian
Madison Summers,Unknown,American,Caucasian
Holly Gibbons,Unknown,Unknown,Caucasian
Bonnie Rotten,Unknown,Unknown,Caucasian
Chihiro Akino,Unknown,Unknown,Asian
Remido,Unknown,Unknown,Unknown
Massy Sweet,Lee Bumblebee,Unknown,Caucasian
Amarna Miller,Carmina,Unknown,Caucasian
Amari Anne,Anne Amari,Unknown,Black
Jennie Rose,Aries Li,American,Asian
Carina Blair,Unknown,Unknown,Unknown
Celena Marie,Unknown,American,Caucasian
Iva Nora,"Avri Gaines, Avri Norwood",American,Caucasian
Briana Banks,Brianna Banks,German,Caucasian
Rebecca More,Rebecca Moore,Unknown,Caucasian
Lucette Nice,"Lucette Diamond, Lucette Glow, Nina Heels, Jenny Diamond",Unknown,Caucasian
Jenna Haze,"Jennifer Corrales, Jenna Hayes",American,Caucasian
Reiko Kobayakawa,"Sakiko Kondoh, Sakiko Kondo, Sakiko Kondou",Japanese,Asian
Alice Brookes,Jamie Love,Unknown,Caucasian
Taissia Shanti,"Eva Shanti, Slave Nij, Nikita Jankovska, Yanika Shanti",Unknown,Caucasian
Christina Savoy,Unknown,Unknown,Caucasian
Chloe Moss,Unknown,Russian,Caucasian
Sabrina Banks,Unknown,Unknown,Caucasian
Ryan Smiles,Ryon Cherry,Unknown,Caucasian
Xochi Moon,Rainbow Scum,Unknown,Latin
April Snow,Unknown,Unknown,Caucasian
Amelia Jones,Lenka Sosh,Unknown,Caucasian
Erica Lauren,Unknown,Unknown,Caucasian
Jia Zi,Jia Ze,Unknown,Asian
Asia Vargas,Unknown,Unknown,Asian
Chloe Rose,Chloe Rosen,American,Latin
Kerry Louise,Unknown,Unknown,Caucasian
Holly Day,"Holy Day, Day Hollly",American,Caucasian
Megan Sage,Unknown,Unknown,Caucasian
Ashley Anderson,Ashly Anderson,Unknown,Caucasian
Bella Astrid,Unknown,Unknown,Unknown
Diana Prince,"Kasey Kroft, Kasey Poteet",Unknown,Caucasian
Athena Palomino,Unknown,Unknown,Caucasian
Carla Cute,"DRIELLE, CarlaCute",Estonian,Caucasian
Rayveness,"Ray Veness, Ray Vaness, Raveness, Britney Noel",Unknown,Caucasian
Tracy Delicious,"Tarra Nicol, Tracy Pearl, Tracy D, Tracy Dilicious, Summer, Tracey Lindsay, Terra, Tracy Linsa, Tracy Lindsay, Terezksa",Czech,Caucasian
Ani Black Fox,Ani Blackfox,Unknown,Caucasian
Stephanie Love,Unknown,Unknown,Caucasian
Violeta Crush,Unknown,Unknown,Unknown
Rhae Woods,Unknown,American,Black
Britney Blue,"Lacey Channing, Lacie Channing, Jayde Symz, Lacy Channing",Unknown,Caucasian
Nina North,Nina Lucas,American,Caucasian
Ellie Smoke,Unknown,Unknown,Caucasian
Valery Summer,"Valerie Sanchez, Valentina Vasquez, Valery Summers, Valerie Summer, Valery S",Colombian,Latin
Monika Light,Unknown,Ukrainian,Caucasian
Daisy Lavoy,Unknown,Unknown,Caucasian
Sasha Sparrow,Unknown,Unknown,Caucasian
Veronica Valentine,"Veronica Vega, Victoria Valentine",Unknown,Caucasian
Gigi Allens,Unknown,Unknown,Caucasian
Kenia Music,"Kenia Gonzalez, Kenia Gonzales, Kenia Ortega",Costa Rican,Latin
Bianca Bell,"Bianca Yaz, Bianca Y",Unknown,Caucasian
Emma Sirus,Unknown,American,Caucasian
Tia Maria,Unknown,American,Black
Carmella Bing,"Sarah Faas, Carmela Bing, Mrs Bing, Carmela Richards",American,Caucasian
Vanessa Decker,Vanessa Decra,Czech,Caucasian
Ashlynn Brooke,"Ashlynn Brooks, Andrea Ashlynn Brooke",Unknown,Caucasian
Gia Ohmy,Unknown,Unknown,Caucasian
Mellany Lapiedra,Mellany Glow,Portuguese,Latin
Georgie Lyall,Unknown,Unknown,Caucasian
Priya Rai,"Priya Anjali Rai, Priya Rai Anjali, Rira Raid, Priya Rai Anjeli",Indian,Asian
Isabelle Deltore,Unknown,Australian,Caucasian
Cherry Jul,"Maria Sherif, Juliya Cherry, Cherrjul",Unknown,Caucasian
Ruth Lee,Ruth Chavarri,"Venezuelan, Spanish, Uruguayan",Mixed
Emily Grey,"Gabrielle Klein, Emilie, Rachel",Unknown,Caucasian
Aubrey Sinclair,Unknown,Unknown,Caucasian
Zoe Neli,ZoeNeli ZoeNeli,American,Caucasian
Weronika Wabia,"Stratchy, Kirke, Svetlana V, Vabia",Unknown,Caucasian
Brenna Sparks,Unknown,American,Asian
Jelena Jensen,"Jelena Jansen, Jelena Jenson",American,Caucasian
Virgin Butterfly,Unknown,Unknown,Caucasian
Gloria Sol,"SofieQ, Penelope Y Sophia",Chilean,Caucasian
Patty Michova,Unknown,Unknown,Caucasian
Lola Heart,Bonny Anderson,Hungarian,Caucasian
Veruca James,"Veronica James, Veruca St Peters",Unknown,Caucasian
Curvy Claire,Unknown,Unknown,Caucasian
Angelina Castro,Angelina Mundo,Unknown,Latin
Nina Elle,Nina Cochina,German,Caucasian
Melony Melons,Unknown,American,Caucasian
Alyx Star,Unknown,American,Caucasian
Carla Cox,"Susy, Zuzana S., Manaon",Unknown,Caucasian
Holly Heart,"Holly Hearts, Holly Hotdong",American,Caucasian
Rocki Roads,"Rocki Rhoades, Rocky Roads",Unknown,Caucasian
Morgan Shipley,Unknown,Unknown,Caucasian
Chloe Foster,Bunny,Unknown,Caucasian
Lola Myluv,"Susie, Evelyn D, Dido A, Nina Blonde, Dido Angel, Lila, Kleine Lisa, Dido, Kleine Pflaume, Lola Blond, Evelyn, Lola N, Lola Dido, Lucie Nejezchlebova",Unknown,Caucasian
Lady Gang,"Princess Mihaylik, Romana",Unknown,Caucasian
Charity Crawford,Madison Bullock,Unknown,Caucasian
Vienna Black,Unknown,American,Latin
Cc Doll,Cottage Core Doll,American,Caucasian
Daruma Rai,"Daruma, Antonina C",Russian,Unknown
Lilu Moon,Lilu4u,Russian,Caucasian
Charmane Star,"Sheryn Lascano, Charmaine Star, Charmane Starr, Charmain Star, Charmane Summer",Unknown,Asian
Dacey Belle,Unknown,Unknown,Unknown
Jade Jantzen,Unknown,Unknown,Latin
Jupiter Jetson,Nova Sky,Unknown,Caucasian
Amy Quinn,Unknown,American,Caucasian
Niki Snow,"Nicky, Nikki Snow",Unknown,Caucasian
Mona Wales,"Summer Sausage, Mistress Mona",American,Caucasian
Johanka Jay,"Johanka Wild, Johanka Ark, Jade Holland, Valentina Love",Unknown,Unknown
Mia Khalifa,"Mia Khalifia, Mia Callista",Unknown,Caucasian
Lacey London,Angel Burk,American,Black
Scarlett Rosewood,Unknown,American,Native
Aria Six,Unknown,Canadian,Unknown
Mae Milano,Unknown,Unknown,Caucasian
Sovereign Syre,Unknown,Unknown,Caucasian
Dylan Ryder,"Dylan Rider, Dylan Katz",American,Caucasian
Linsey Dawn Mckenzie,"Linsey D McKenzie, Lindsey Dawn McKenzie, Linsey Dawn",Unknown,Caucasian
Mikey Star,Mikaela Star,American,Mixed
Mj Fresh,Madysun Jaques,American,Caucasian
Emily Norman,Unknown,American,Caucasian
Anikim Jones,"Quinn Saint, Anakim Jones",Russian,Caucasian
Lina Luxa,Lina Lux,French,Caucasian
Sofya Curly,Sofia Curly,Unknown,Caucasian
Avery Moon,Unknown,American,Caucasian
Lia Lovely,Jadore Jayanna,American,Black
Jolene Devil,"Emy Banx, Emy Banks",Unknown,Caucasian
Luna Wolf,"Luna Wolfs, Luna Bbunny",Unknown,Unknown
Piper Fawn,"Gabrielle Lupin, Ariel A, Lucilla, Ariel Piperfawn, Faith Lightspeed, Ariel, Karen Marie, Masha, Ariel Piper Fawn",Unknown,Caucasian
Hannah Hawthorne,"Lareina Tay, Angel Lena, Hanna Hawthorne",Unknown,Caucasian
Penny Flame,"Jennifer Ketcham, Dolly Wagner, Penny Ings, Penny Lane",American,Caucasian
Alisya Gapes,"Alysa Gap, Gapolexa, Alisa Gap",Unknown,Caucasian
Luna Rishi,Unknown,Unknown,Caucasian
Kattie Gold,"Katie Gold, Katie G, Ketie Gold, Kate Gold",Czech,Caucasian
Electra Rayne,Unknown,Unknown,Caucasian
Penny Park,Penelope Quente,Brazilian,Latin
Marykate Moss,"Mackenzie Moss, Mary Kate Moss",Unknown,Caucasian
Goldie Glock,"Goldie Cruz, Goldie Rush, Tatianna Nova, Goldie Oritz, Goldie Ortiz, Goldie Locc",Unknown,Latin
Alexis Monroe,"Olivia, Allexis Monroe, Allexis, Allexis Blow",American,Caucasian
Bella Luna,Unknown,American,Caucasian
Marie Berger,Unknown,Russian,Caucasian
Krystal Webb,Zara Mae,Unknown,Unknown
Celeste Star,"FTV Michelle, Celesete Star, Crystal Villeral, Celeste Simone, Celeste Starr, Seleste Star",American,Caucasian
Yorgelis Carrillo,Yorgelis Carillo,Venezuelan,Latin
Malina Melendez,Unknown,Unknown,Latin
Brandy Renee,Unknown,American,Caucasian
Jessica Lynn,Jessica Lynn Chartrand,Unknown,Caucasian
Gogo Fukme,Presilla Pleasure,American,Black
Kloe Love,Unknown,Unknown,Caucasian
Osa Lovely,Unknown,American,Black
Kim Velez,"Kimberly Rosse, Big Boobs Kim",Unknown,Latin
Melissa Moore,Christina Cantu,Unknown,Latin
Skye Mae,Unknown,"American, Polish",Caucasian
Jenna J Ross,Jenna Ross,American,Caucasian
Amber Angel,Unknown,American,Mixed
Sofi Smile,"Sony Smile, Sofi Smail",Unknown,Caucasian
Alyssa Reece,"Mandy Moore, Kylie, Rachel Ramrod, Mandy More",Unknown,Caucasian
Natasha Starr,"Natasha Nicole Starr, Natasha Star, Polish Princess",Unknown,Caucasian
Emma Leigh,Tessa Thrills,Unknown,Caucasian
Samantha 38G,"Samantha Smith, Samantha Anderson, Sam 38G, Samantha 38FFF",American,Caucasian
Nina Nova,Unknown,Unknown,Latin
Molly Manning,Unknown,Australian,Caucasian
Elle Alexandra,Unknown,Unknown,Caucasian
Danielle Derek,"Michelle Lacy, Crystal",Unknown,Caucasian
Aubrey Black,Unknown,Australian,Caucasian
Ava Stone,Unknown,American,Caucasian
Artemisia Love,Unknown,Unknown,Caucasian
Kiley Jay,Unknown,Unknown,Caucasian
Malia Lenoir,Unknown,French,Black
Irene Rouse,Katie Moss,Colombian,Latin
Julie Cash,"Julie Ca$h, Julie Stylez",Unknown,Caucasian
Nina Hartley,"Nina Hartly, Nina Hartwell, Nina Hartman",Unknown,Caucasian
Zoe Clark,Zoey Clark,Unknown,Caucasian
Kenzie Madison,Kenzie Page,Unknown,Caucasian
Skylar Valentine,Unknown,Unknown,Caucasian
Fae Lux,Unknown,American,Unknown
Kyra Hot,"Grace Joy, Kira Hot",Unknown,Caucasian
Laura Fox,Unknown,Unknown,Caucasian
Sonia Harcourt,Unknown,Unknown,Caucasian
Kaia Martin,Unknown,American,Unknown
Sadie Holmes,Cherry Poppins,Unknown,Caucasian
Lili Charmelle,Unknown,Unknown,Caucasian
Sara Bork,Unknown,Russian,Caucasian
Cameron Skye,Unknown,Unknown,Caucasian
Christina Santes,Unknown,Ukrainian,Caucasian
Satin Bloom,"Tonya Tyler, Satene Castro, Lucie Jurcakova, Lucy Satin",Unknown,Caucasian
Freya Dee,"Lara Ferry, Free Dee, Free De",Unknown,Caucasian
Alexa Pearl,Unknown,"American, Israeli",Caucasian
Brianna Beach,"Goddess Brianna, Ms. Beach, Melissa, Brianna",Unknown,Caucasian
Katie Kinz,Katie Kingerie,American,Caucasian
Audrey Hempburne,"Audrey Hempburn, Audrey Hempberne",Unknown,Caucasian
Skyla Sun,Unknown,"American, Filipino, Haitian",Black
Anastasia Brokelyn,Unknown,Unknown,Caucasian
Ashley Tee,Unknown,Unknown,Unknown
Michelle Martinez,"Michelle Rodriguez, Monica Belluci, Michelle Michaels, Monica Belcci",Unknown,Latin
Sadie Pop,Unknown,Unknown,Latin
Lana Kendrick,Peekandplay,Unknown,Caucasian
Mocha Menage,Unknown,Unknown,Black
Ashlee Graham,Ashley Graham,Unknown,Caucasian
Lilith Baph,"Sophia Haywar, Baph Ley",Colombian,Latin
Lauren Wood,Harper,Unknown,Caucasian
Aryana Adin,"Aryanna Adin, Chawn Jones",Unknown,Black
Lily Veroni,Lilly Veroni,Italian,Caucasian
Madalina Moon,Unknown,American,Caucasian
Anna Thorne,"Katrin Tequila, Tequila Girl, Tina Molly",Unknown,Caucasian
Molly Mae,"Bree Olson, Mollie Mae",Unknown,Caucasian
Nicole Sweet,"Nicole Swwet, Nicoleta",Unknown,Caucasian
Juelz Ventura,"Jeulz Ventura, Shayne St. Lucia, Julez Ventura, Layna Laurel",Brazilian,Latin
Blu Chanelle,"Alexa Cruz, Chanelle Blu",Venezuelan,Latin
Becky Perry,Rebecca Perry,Unknown,Caucasian
Tory Lane,"Tori Lane, Torry Freeland, Tori Freeland, Tory Freeland, Tory Freelan, Tory Land, Lisa Nicole Piasecki, Mistress Tory Lane",American,Caucasian
Leigh Darby,Ultimate MILF,Unknown,Caucasian
Mary Jane Mayhem,Mary Jane Johnson,Unknown,Caucasian
Cleo Moon,Unknown,American,Caucasian
Katana Kombat,Unknown,American,Latin
Casey Cumz,Casey Alexander,Unknown,Caucasian
Carolina Guerrero,Unknown,Colombian,Latin
Alyssa Hart,Alyssa Heart,American,Caucasian
Brett Rossi,Scottine Sheen,American,Caucasian
Izzy Bell,Unknown,Unknown,Caucasian
Bree Olson,"Rachel Marie Oberlin, Bree Olsen",Unknown,Caucasian
Bella Bellz,Bella Bends,Unknown,Caucasian
April Aniston,April Harmon,Unknown,Caucasian
Nicole Colina,Alana Fontaine,Unknown,Latin
Lya Missy,Unknown,Unknown,Caucasian
Sarai Minx,Unknown,Unknown,Black
Aria Lee,Unknown,American,Mixed
Whitney Stevens,Whiteny Stevens,Unknown,Caucasian
Audrey Noir,Feral Audrey,American,Caucasian
Tina Fire,"Tina Lina, Tina Lika",Unknown,Black
Little Reislin,Unknown,Unknown,Caucasian
Athena May,Athena Mae,Unknown,Caucasian
Piper Press,Unknown,American,Caucasian
Nekane Sweet,Unknown,Spanish,Caucasian
Bianca Breeze,Molly Jane,Unknown,Caucasian
Emelie Crystal,"Emelie Devot, Emelie Crystel",German,Caucasian
Mini Stallion,Unknown,Unknown,Black
Monica Mendez,"Monica Lopez, Isis, Monica Rios, Tabitha",Unknown,Latin
Roxy Risingstar,Unknown,Unknown,Caucasian
Kalina Ryu,Lily Ocean,Unknown,Asian
Anjelica Hanson,"Abby C, Krystal Boyd, Kathy I, Snejanna, Slim Anya, Katherine A, Abby H, Ebbi",Unknown,Caucasian
Courtney Taylor,Courtney,American,Caucasian
Naomi Bennet,"Naomi Beckett, Naomi Benett, Nome, Andrea V, Naomi Bennett, Naomi Benneta, Andrea Kucerova",Unknown,Caucasian
Jc Wilds,Unknown,Unknown,Caucasian
Anya Krey,Unknown,Turkish,Caucasian
Summer Brielle,"Brielle Taylor, Briele Taylor, Summer Brielle Taylor, Summer Taylor",American,Caucasian
Kri Lych,Sydney AV,Unknown,Caucasian
Rokki,Unknown,Unknown,Unknown
Eva Karera,"Eva Carera, Eva Carrera, Eva Karrera, Eva Karerra",Unknown,Caucasian
Naveen Ora,"Haven Aspen, Aspen Ora",Unknown,Caucasian
Ivy Maddox,Unknown,Unknown,Caucasian
Katie Cummings,Katie Cumings,Unknown,Latin
Kristina Rose,"Christina Rose, Tracey Quinn Perez, Kristyna Rose",American,Latin
Nina Nieves,Unknown,American,Latin
Gia Milana,Shay Evans,Unknown,Latin
Victoria Rainbow,Unknown,Unknown,Unknown
Elle Lee,Unknown,Unknown,Asian
Karmen Karma,Unknown,American,Caucasian
Nautica Thorn,"Nautical, Shuna Tomoki, Nautica Thorne",Unknown,Asian
Nikita Bellucci,"Nikita Belluci, Nikita Belucci, Ni Kita, Nikkita Bellucci",Unknown,Caucasian
Melanie Muse,Unknown,Unknown,Unknown
Laela Pryce,"Layla Price, Laela Price",Unknown,Caucasian
Olivia Del Rio,Olivia Dal Monte,Unknown,Latin
Alexis Kay,Unknown,Unknown,Caucasian
Peta Jensen,Scarlett Reid,American,Caucasian
Claudia Valentine,Claudia Vixen,American,Caucasian
Luna Corazon,"Luna C, Bruna Rocha",Brazilian,Black
Alia Janine,Claire,Unknown,Caucasian
Ivana Sugar,"Lillian Brayn, Ivanna Summer",Ukrainian,Caucasian
Lauren Pixie,Unknown,American,Latin
Samantha Bentley,"Samantha Burke, Taylor May, Samantha B",Unknown,Caucasian
Jamie Jett,Unknown,Unknown,Caucasian
Mina K,"Medina V, Veronika",Unknown,Caucasian
Suttin Suicide,Suttin,Unknown,Caucasian
Lena Coxx,Unknown,"French, Italian",Caucasian
Leyla Grey,Unknown,Colombian,Unknown
Silvia Soprano,Unknown,Italian,Caucasian
Alanah Rae,"NKA, Scarlett Dreams",Unknown,Caucasian
Maserati Xxx,Marco Maserati,Unknown,Black
Angel Dreaming,Angel Bae,Unknown,Caucasian
Dakota Burns,Unknown,Unknown,Caucasian
Funsized Megan,Unknown,American,Mixed
Kirsten Price,"Jadra Holly, Kristen Price, JJ Holly",Unknown,Caucasian
Amber Jayne,Amanda Jayne,Unknown,Caucasian
Lana Rose,Darina Sosu,Russian,Caucasian
Ari Parker,Unknown,Unknown,Unknown
Emma Korti,Lara Rud,Unknown,Caucasian
Juicey Janey,Unknown,Unknown,Caucasian
Taylor Blake,Unknown,Unknown,Caucasian
Marika Milani,Unknown,Unknown,Caucasian
Malena Fendi,"Malena F, Lada Brik, Black Cherry",Unknown,Asian
Hikaru Nagi,"Aka Asuka, Shiose, Arisu Hana, 汐世, Nagi Hikaru, 有栖花あか",Japanese,Asian
Mia Grey,Unknown,Unknown,Unknown
Dominica Phoenix,"Dominica Fox, Dominica Lito",Unknown,Caucasian
Danielle Ftv,"Danielle Delaunay, Genevieve",Unknown,Caucasian
Lolli Babe,Unknown,Russian,Caucasian
Elisa Bethann,Unknown,American,Caucasian
Kitty Li,Unknown,Unknown,Caucasian
Nikki Sexx,"Nikki Sexxx, Nikki Sex",Unknown,Caucasian
Brooke Haven,"Brooke Blaire, Mrs. Haven, Serena Maffucci, Serena Maria Maffucci, Brook Haven, Vanessa Chablis",Unknown,Caucasian
Riley Jean,Alex Jane,American,Caucasian
Madison Blaze,Unknown,American,Caucasian
Kendra Heart,Unknown,Unknown,Caucasian
Emma Starr,Mrs. Starr,Unknown,Caucasian
Kristi Love,"Cristi Klenot, Kristy Klenot, Claudia Sweet, Kristi Klenot, Kristy, Kristie Klenot, Klenot, Calista Sweet, Kristie Elliot",Unknown,Caucasian
Kylie Le Beau,Unknown,Unknown,Caucasian
Ali Jones,Unknown,Unknown,Unknown
Katrina Marie,Unknown,Unknown,Caucasian
Monica Sexxxton,Monica Sexton,Unknown,Caucasian
Ava List,Leticia,Unknown,Unknown
Addis Fouché,Addis Fouche,Unknown,Unknown
Madelyn Monroe,"Madelyn Mondroe, Madalyn Monroe",Unknown,Caucasian
Shrima Malati,"Nasiba Z, Martyna C, Haley, Sveta, Eliane, Sima B, Nasiba, Nicole, Sima A, Nigora, Janna, Sima, Halia, Shirma Malati, Vega, Vijaya, Shrima Malti, Amanda, Karmen T",Ukrainian,Caucasian
Sunni Daize,Unknown,Unknown,Unknown
Demi Diveena,Unknown,Unknown,Latin
Kayla Green,Unknown,Unknown,Caucasian
Molly Cooper,Unknown,American,Caucasian
Sofia Smith,Sofia Smithx,Colombian,Latin
Nikki Slick,Shiloh,American,Caucasian
Lola Sinn,Unknown,American,Caucasian
Becky Bandini,Aliza,American,Caucasian
Jamie Marleigh,Unknown,Unknown,Black
Greta Foss,Unknown,Russian,Caucasian
Ruby Sims,Ruby Reign,British,Caucasian
Tiffany Nacke,Unknown,Unknown,Caucasian
Kaira Love,"Sweet Angelina, Izzy Dark, Suzie Angelina",Czech,Caucasian
Kennedy Leigh,"FTV Kennedy, Joy Sprang",American,Caucasian
Bella Gray,Bella Grey,Russian,Caucasian
Rebecca Nikson,Unknown,Russian,Caucasian
Cytherea,"Cytheria, Cyntheria, Cyntherea, Nicole, Cynthia",American,Caucasian
Emily Austin,Sinn Dee,Unknown,Caucasian
Holly Hotwife,Vivian Marquette,American,Caucasian
Kiara Edwards,Unknown,Unknown,Caucasian
Kell Fire,Unknown,Unknown,Caucasian
Alina Ali,Unknown,Unknown,Black
Jasmine Webb,"Jasmine Spits, Jasmine Web, Mistress Webb",Unknown,Black
Vicky Vette,"V. Vail, Vicky the Viking Vixen, Vickey Vette, Sticky Vicky, Vicki Vette",Norwegian,Caucasian
Luna Rival,Unknown,Unknown,Caucasian
Alice Xo,Unknown,Russian,Unknown
Violet Clarke,"Violet Lemar, Violet Rilz, Violet Joly",Russian,Caucasian
Dolly Diore,"Aaliyah Archer, Dolly Dior, Dione",Unknown,Caucasian
Eva Brown,"Mia Brown, Foxydollsx, Foxydelisha, Martinafox",Unknown,Caucasian
Wisconsin Tiff,Unknown,American,Caucasian
Rahyndee,"Rahyndee James, MJ Joyce",Unknown,Caucasian
Jenny Wild,Unknown,Unknown,Caucasian
Julz Gotti,Unknown,American,Latin
Kelly Divine,"Lynda Marie Dempsey, Kelley Divine, Kelly Devine",Unknown,Caucasian
Ana Rose,"Denisa Deen, Anna Rose, Denisa Funiokova",Unknown,Caucasian
Rachel Roxxx,"Rachel Lyn, Amanda Smith, Rachel Lynn, Rachel Roxx",American,Caucasian
Rosie Danvers,Unknown,Unknown,Caucasian
Lydia Black,Unknown,Unknown,Caucasian
Lena Reif,"Katya Zartpopsi, Nastya Svoboda, Lena Y",Unknown,Caucasian
Kalani Luana,Kalani Lunana,American,Mixed
Julija Roberta,"Nikoleta, Varvara Krasa",Unknown,Caucasian
Mallory Knight,Unknown,American,Caucasian
Lavender Rayne,Lavender Raine,American,Caucasian
Arya Fae,Arya Faye,American,Caucasian
Stella Jegante,Sadistka Hub,Unknown,Caucasian
Soledad Lomas,Unknown,American,Latin
Chloe Lacourt,Unknown,Unknown,Caucasian
Kimber Lee,Unknown,Unknown,Caucasian
Scarlett Mae,Scarlett Minx,American,Caucasian
Luna Baby,Unknown,Unknown,Unknown
Laya Rae,Unknown,Unknown,Latin
Rinna Ly,Kateryna Ly,Ukrainian,Unknown
Akina Asmus,Unknown,Russian,Caucasian
Alyssa Lynn,Unknown,American,Caucasian
Zoey Luna,Unknown,Australian,Caucasian
Anna Starr,Unknown,American,Caucasian
Spiraling Spirit,Unknown,Unknown,Caucasian
Mimi Cica,Unknown,Finnish,Caucasian
Atlanta Moreno,Unknown,Unknown,Caucasian
Jeyla Spice,Unknown,American,Latin
Mathilda Scorpy,Unknown,Ukrainian,Caucasian
Serenexx,Unknown,British,Caucasian
Ashley Rider,Ashley Ryder,Scottish,Caucasian
Eve Laurence,"Eve L., Eve Lawrence",Unknown,Caucasian
Veronica Weston,"Tara Weston, Veronica West",Unknown,Caucasian
Stacy Crystal,"Stacey Chrystal, Marilyn Crystal, Marilyn Christal",Ukrainian,Caucasian
Alisa Horakova,"Adeline (MetArt), Minnie Z",Unknown,Caucasian
Sophia Mae,Unknown,Unknown,Unknown
Alicia Trece,Unknown,Unknown,Latin
Savana Styles,Savannah Styles,Unknown,Caucasian
Zoey Taylor,Cali Sparks,Unknown,Caucasian
Kendall Karson,Kendal Karson,Unknown,Caucasian
Misty Meaner,"Misty Meanor, Miss Demeanor",Unknown,Caucasian
Ariana Starr,Unknown,American,Mixed
Lauren Louise,Lauren Marsh,Unknown,Caucasian
Bonnie Brown,Unknown,Unknown,Unknown
Lola Bonita,Unknown,Unknown,Caucasian
Cassidy Banks,Cassidy Ellis,Unknown,Mixed
Christy Mack,"Cristy Mack, Christy Mac, Kristy Mack",American,Caucasian
Aideen Halligan,Unknown,Irish,Caucasian
Purple Bitch,"Татьяна Василькова, Lure Lady",Russian,Caucasian
Demmy Blaze,Demmi Blaze,Unknown,Caucasian
Hitomi Tanaka,"Mingo, Tanaka Hitomi",Unknown,Asian
Luna Light,Unknown,Unknown,Caucasian
Lena Polanski,"Destiny Rose, Littlepolishangel Littlepolishangel","American, Polish",Caucasian
Cece Capella,Unknown,American,Caucasian
Sophia Grace,Unknown,Unknown,Caucasian
Stacy Bloom,"Stasya Platova, Аnastasia Shpits, Pla Stasy, Pammie Lee, Lubachka, Winona McFerran",Unknown,Caucasian
Sofia Aya,Genny S,Ukrainian,Caucasian
Jaycee Starr,"Jayce Starr, Jaycee Star",Unknown,Caucasian
Veronica Vain,"Paige Jennings, RedHeadRedemption, Paige A. Jennings",Unknown,Caucasian
Michelle Can,Michelle Carr,Unknown,Caucasian
Katy Vi,"Katilynn, Mia Harris, Katherine, Vanessa Hillz, Kitty342",Unknown,Caucasian
Anie Darling,Aneta,Unknown,Caucasian
Safira Yakkuza,Unknown,Spanish,Latin
Gigi Max,Unknown,Unknown,Unknown
Aston Wilde,Unknown,Unknown,Caucasian
Olivia Luxe,Unknown,American,Caucasian
Cayla Lyons,"Kayla Lyon, Karolína Melicharová",Czech,Caucasian
Caroline Ray,"Annika Eve, Annika Roxx",Unknown,Latin
Talia Mint,"Thalia Mint, Ivanna",Unknown,Caucasian
Ellie Shou,Unknown,British,Caucasian
Sarenna Lee,"Norma Jean, Serenna Lee, Sa Renna Lee",Unknown,Caucasian
Lily Carter,"Lili Carter, Lily B., Navaeh Lee",Unknown,Caucasian
Molly Stewart,Unknown,American,Caucasian
Alexis Adams,"Jordana Ryan, Alexas Adams",American,Caucasian
Kali Renee,"Riley Anne, Mandy Jones, Riley Ann",Unknown,Caucasian
Lisa Belys,Unknown,Unknown,Unknown
Chloe Heart,Unknown,Czech,Caucasian
Rose Mastos,Unknown,Unknown,Caucasian
Andreina De Luxe,"Andreina Deluxe, Andreina DLux",Colombian,Latin
Lacey Jane,Lacey Jayne,Unknown,Caucasian
Jayden Lee,Jayden Li,Unknown,Asian
Elloise,Elfiolla,Russian,Caucasian
Sophia West,Unknown,American,Caucasian
Valerie Kay,Unknown,Unknown,Latin
Aria Khaide,Unknown,Unknown,Caucasian
Kecy Hill,"Melani Bree, Gadky Utenok, Elish, Keey Hill",Russian,Caucasian
Ashley Anne,Ashley Ann,Unknown,Caucasian
Petra Vachouskova,"Angela Diabolo, Petula",Unknown,Caucasian
Ashley Bulgari,"Zaneta, Ashley Z, Jessie, Žaneta Mottlová, Zaneta Bulgari, Dirty Ashlyn, Ashley Bulgary, Jessie A. Ashley, Ashley B",Unknown,Caucasian
Kelly Klass,"Miley Mayer, Kelly J. Klass, Hailey Hilton, Hayley Hilton, Kelli Klass",Unknown,Caucasian
Chisa Hoshino,Unknown,Unknown,Asian
Mazzy Grace,Unknown,Unknown,Caucasian
Nikki Hearts,Amanda Zerby,Unknown,Caucasian
Rachelle Summers,"Sarah, Claire, ChaosOfTrouble",Unknown,Caucasian
Leah Winters,Unknown,Unknown,Caucasian
Chanel Grey,Unknown,Unknown,Caucasian
Sybil Stallone,August Sybil,Unknown,Caucasian
Kacey Jordan,"Kacy Jordan, Kasey Jordan, Daveney Calhoun",American,Caucasian
Jessie Lee,Unknown,Unknown,Caucasian
Bigeyesxoxo,Big Eyes,Unknown,Unknown
Eveline Magic,"Aneta, Romana, Yvette Moore, Amanda, Suzzane",Unknown,Caucasian
Joslyn Jane,Officer Jane,Unknown,Caucasian
Ernesta,Unknown,Unknown,Unknown
Rachel Steele,"Mistress Rachel, Rachel Steel, Lusty Leigh, Mistress Rachel Steele, Leigh Frayn",American,Caucasian
Victoria Pure,"Amy White, Viktoria Pure, Amy Pink, Amy Wild, Diana Sweet, Emma Button",Czech,Caucasian
Alessia Luna,Unknown,Unknown,Caucasian
Francys Belle,Francis Belle,Unknown,Latin
Megan Rydes,Unknown,Unknown,Unknown
Corra Cox,Unknown,Unknown,Caucasian
Katya Clover,"Mango A, Yuzhno-Sakhalinsk, Princess Clover, Caramel S",Russian,Caucasian
Lucie Wilde,"Lucy Wilde, Lucy Wild, Busty Buffy",Czech,Caucasian
Natalie Austin,Lindsey,Unknown,Caucasian
Fabi Souls,Unknown,Unknown,Unknown
Sarah Cute,Unknown,Unknown,Caucasian
Tiny Tina,"Tina Tina, Emira K, Tiny Tin",Unknown,Caucasian
Sativa Rose,"Sative Rose, Satna Rose",Mexican,Latin
Michele James,Unknown,Unknown,Caucasian
Eliza Eves,Unknown,Unknown,Caucasian
Carmen Callaway,Maddison Callaway,Unknown,Caucasian
Tana Lea,"Kennedy Blake, Tana Morton",Unknown,Caucasian
Jenna Leigh,"Jenna Ashley, Jenna Lohan",Unknown,Caucasian
Merios,Unknown,Unknown,Unknown
Cherry Gwendolyn,Unknown,Unknown,Caucasian
Mary Kalisy,"Mandy, Britney Y, Dominika",Unknown,Caucasian
Sophie Reade,Unknown,British,Caucasian
Tiffani Madison,"Tiffany Madison, Electric Barbie Star",Unknown,Caucasian
Andrea Lux,Unknown,Unknown,Unknown
Summer Brooks,Unknown,Unknown,Caucasian
Ruby Web,Muna,Belarusian,Caucasian
Riley Reyes,Riley Reynolds,Unknown,Caucasian
Light Fairy,Flora Fairy,Unknown,Caucasian
Naomi Hughes,Unknown,American,Caucasian
Alexis Wilson,"Alexis Willson, Alexis C",Unknown,Caucasian
Alexa Throat,Unknown,Unknown,Unknown
Dirty Demi,Demi Hill,British,Caucasian
Cas Summer,Cass Summers,American,Caucasian
Salome Gil,Salomé Gil,Colombian,Latin
Jasmine Black,"Black Jasmine, Yasmine Black, Jasmyne, Ora, Mary, Ana Hot, Black Yasmin, Jasmine B",Unknown,Caucasian
Victoria Cakes,Unknown,American,Black
Alice Green,"Rachel Hastings, Allie Summers",Unknown,Caucasian
Adrianna Babin,Ella Bonita,Unknown,Unknown
Melanie Jane,Melanie Rios,Colombian,Latin
Dirty Danii,Unknown,Unknown,Unknown
Black Angelika,"Black Angelina, Angelica Black, Angelika Black, Black Angelica",Romanian,Caucasian
Anna Sokolova,"Annika A, Li Moon, Lee Moon, Kiki, Anna Lemon",Ukrainian,Mixed
Emma Beloved,"Emma Rose, EmmaBelovedxo",American,Caucasian
Dee Vine,Aurelia Karolina,Polish,Caucasian
Lexi Lowe,Lexy Lowe,Unknown,Caucasian
Aria Taylor,Unknown,American,Caucasian
Aubrey Lovelace,Unknown,American,Caucasian
Danica Mori,Danika Mori,Unknown,Caucasian
La Paisita,Unknown,Unknown,Latin
Ainsley Adams,Unknown,Unknown,Caucasian
Isabella Taylor,"Isabella De Santos, Isabella DeSantos",Unknown,Latin
Mickey Violet,Unknown,Unknown,Latin
Jada Kai,Unknown,Unknown,Asian
Heather Starlet,"Heather Starlett, Janie Summers",Unknown,Caucasian
Cynthia Vellons,"Cherry Cream, Eva Totova, Cynthia Avalon, Cyn Vell, Cynthia Vellows, Cynthia Wellons, Virus Vellons",Unknown,Caucasian
Sage Rabbit,Unknown,American,Caucasian
Lucy Mae,"Pippa McVitie, Pippa Doll, Evie",Unknown,Caucasian
Ole Nina,Daniela D,Unknown,Caucasian
Simone Style,"Stella, Simonne, Hailey Hardcore, Lize Polaster, Jessica, Yessyca, Simmone Style, Simonne Peach, Simona Style, Simona D, Anita Paycheck, Simonne Style, Simon Peach, Lisette, Yvonne Peach, Simona Galas, Simone Miranda, Jessy, Simona, Simony Style, Simone' Style, Jessica D., Simona Diamond, Simone Fox, Mandy Jaxo, Yessica, Katja",Unknown,Caucasian
Mary Bambola,Unknown,Unknown,Caucasian
Kendra James,"Lauren Lancealot, Molly Gingham, Holly Jane",American,Caucasian
Sheridan Love,Unknown,Unknown,Caucasian
Salina Shein,Unknown,Czech,Caucasian
Bella Jane,Unknown,Unknown,Caucasian
Black Angel,Unknown,Unknown,Unknown
Madison Hart,Madison Heart,American,Caucasian
Milana Ricci,"Milana May, RiRi Poison, Milana XXX May",Unknown,Caucasian
Savannah Fox,Savannah Foxxx,American,Caucasian
Naomi Blue,Naomi Porter,Unknown,Caucasian
Mara Blake,Unknown,Unknown,Caucasian
Sky Alexis,Unknown,American,Black
Callie Black,Unknown,Unknown,Caucasian
Alisha Adams,Unknown,Unknown,Caucasian
Saki Kawanami,"Miyu Shiratori, Chinatsu Aoki, Haru Imaga, Emiru Kitano, Yasuko Gachinco, Eri Sakai, Kumi Syamoto, Izumi Asato, Nami Amami",Unknown,Asian
Jenna Jameson,"Daisy Maze, Jenna Jamison, Daisy Holliday, Jenna Marie Massoli",American,Caucasian
Allie Haze,Brittany Joy,Unknown,Caucasian
Priya Price,"BonnyBlue, Bonnyblue Galstaun, Prya Price",Unknown,Latin
Sara Retali,Unknown,Venezuelan,Latin
Alice Maze,Unknown,Belgian,Caucasian
Sonny Mckinley,Unknown,American,Caucasian
Lana Analise,Lana Anal,Unknown,Caucasian
Alyssa Branch,Mindy Belle,Unknown,Caucasian
Ada Sanchez,Unknown,American,Latin
Katy Jayne,Katy Jane,Unknown,Caucasian
Natalie Porkman,"Natalie Parkman, Nataly Porkman",Unknown,Caucasian
Leelu Small,Leely Small,Unknown,Caucasian
Alicia Williams,Victoria,American,Caucasian
Alexis May,"Lexi May, Alexis Folsome",Unknown,Caucasian
Paige F,Courtney Fox,Unknown,Caucasian
Stormy Daniels,"Stormy Waters, Stephanie Gregory Clifford, Stormie",American,Caucasian
Teagan Presley,"Tegan Presley, Teagan Presly",American,Caucasian
Cipriana Maxima,"Cipriana A, Juliette, Cipriana S, Julietta, Niki, Julia Shepkina, Cypriana",Unknown,Caucasian
Abbey Rain,"Robin Hearts, Abby Rain, Julie Snow, Abby Rains",American,Caucasian
Lezley Zen,"Lesley Zen, Leslie Zen, Lezly Zen",Unknown,Caucasian
Lucy Mochi,"Asian Mochi, LucysMochi",American,Asian
Ari Alectra,Unknown,Unknown,Latin
Sasha Reign,Unknown,Unknown,Latin
Olivia Linz,Unknown,Unknown,Unknown
Moriah Mills,Raven Athena,Unknown,Black
Sunny Lane,"Holly Hodges, Sunshine Lane",American,Caucasian
Reina Heart,Unknown,Unknown,Latin
Eva Murkovski,Unknown,Russian,Caucasian
Sara Bell,Unknown,Unknown,Caucasian
Hannah Vivienne,Unknown,Unknown,Caucasian
Selena Adams,Unknown,Unknown,Latin
Nicky Mami,"Nicki Roxx, Foreign Baddie",Unknown,Unknown
Chrissy Fox,"Crissy Fox, Krisy Fox",Czech,Caucasian
Dollie Darko,"Dolly Darko, Fabrizia Suicide",Unknown,Caucasian
Maria Wars,Maria Teen,Spanish,Latin
Constancia,Unknown,Unknown,Unknown
Miss Olivia,Unknown,Unknown,Caucasian
Melrose Michaels,Unknown,Unknown,Caucasian
Ashley Coda,"Ashley Hey, Ashley Sweet, Ashley Hay",Unknown,Caucasian
Chloe Vevrier,"Chloe Vee, Chloe Zee",German,Caucasian
Nikki Zee,Unknown,Unknown,Unknown
Violet Moore,Violet Reign,American,Caucasian
Lina Love,"Linda, Dianna Wells, Olya, Lena Love, Galina, Lina A, Yana, Alena E, Alice, Lina Miles, Sveta, Alina, Emily, Lena Lovely, Gwen, Bailey, Diana Wells, Stefany, Selena, Tina, Alena, Lena, Lina X",Unknown,Caucasian
Bryci,Miss B,Unknown,Caucasian
August Ames,"Hailey Edwards, August Aimes, Augustus Ames",Canadian,Caucasian
Sage Fox,Unknown,Unknown,Caucasian
Anasteysha Lee,Unknown,Russian,Caucasian
Hannah Hays,Alicia Bennett,Unknown,Caucasian
Dolly Little,Unknown,Unknown,Caucasian
Michelle Anderson,Unknown,American,Black
Jenni Lee,"FTV Jenny, Jenny Lee",Unknown,Caucasian
Evelyn Payne,Unknown,American,Caucasian
Goldie Baby,"Olivia, Goldie G, Karen G., Ms White-Kitten, Helga Grey, Nikia",Unknown,Caucasian
Hope Harper,Crosby,Unknown,Caucasian
Lisa Sparxxx,"Lisa Sparxx, Lisa Sparkxxx, Lisa Sparx",Unknown,Caucasian
Ember Springs,"Olivia McCray, Ember, FunFlare",American,Caucasian
Loulou Petite,"Lou Lou, Lou Lou Davies, Louise Davies",Unknown,Caucasian
Melania Dark,Unknown,Unknown,Unknown
Lexi Love,"Lexi Lane, Lexxi Love, Lexi Jones, Lexy Love, Lexi Luv",Unknown,Caucasian
Maya Labella,"Marika Labela, Maya Labela",Unknown,Unknown
Candy White,Cindy White,Unknown,Caucasian
Veronica Perasso,Unknown,Unknown,Caucasian
Bambi Blessed,Yeva,Unknown,Unknown
Linda Caprice,Linda Lee,Unknown,Caucasian
Aria Lee,Unknown,Unknown,Latin
Amber Lynn Bach,"Amber at Home, Amber Bach, Busty Amber, AmberLynn Bach",Unknown,Caucasian
Lala Ivey,Unknown,Unknown,Black
Alexis Blaze,Alexa Blaze,Unknown,Caucasian
Alison Star,"Alison Lohman, Allison Star, Izabella Varga",Unknown,Caucasian
Violette Blakk,Unknown,Unknown,Caucasian
Karlie Simone,Karlie Simon,Unknown,Caucasian
Nataly Gold,"Stacey Gilmore, Morgan Nubiles",Unknown,Caucasian
Louise Jenson,Unknown,Unknown,Caucasian
Angelina Valentine,Angle Valentine,Unknown,Latin
Sofia Ferrar,Unknown,Unknown,Unknown
Krystal Davis,Sexybooty101,Unknown,Asian
Elle Brooke,Unknown,Unknown,Caucasian
Alana Rose,Unknown,Unknown,Caucasian
Felicity Feline,"Cosmo Chameleon, Felicity Fueled, Felicity Felina, Feliciti Feline, Felicity Fox",Unknown,Caucasian
Kelly Oliveira,Kelly Oliviera,Brazilian,Latin
Abby Adams,Unknown,Unknown,Caucasian
Grace Elizabeth,Unknown,Unknown,Caucasian
Everly Haze,Unknown,Unknown,Caucasian
Vivian Foxx,Vivian Fox,Unknown,Caucasian
Taylor Vixen,Taylor Vixxxen,Unknown,Caucasian
Jess West,Unknown,Unknown,Caucasian
Tyler Faith,Unknown,Unknown,Caucasian
Luscious Lopez,"Rosalia Murillo, Lucious Lopez, Jazmin Jizzstick",American,Latin
Mimi Babe,Amelia Riven,Unknown,Caucasian
Arielle Faye,Arielle Fay,Unknown,Caucasian
Niemira,"Taisiya Andreeva, Mira Niemira, Niemira Foxx",Ukrainian,Caucasian
Bryona Ashly,Unknown,Unknown,Caucasian
Morgan Rodriguez,"Lucyx, Greta, Lucka, Morgan R, Lucie, Ornella Morgan",Unknown,Caucasian
Ophelia Fae,Unknown,Unknown,Caucasian
Virgo Peridot,Unknown,Unknown,Caucasian
Stephanie Michelle,Unknown,Unknown,Caucasian
Lilly James,Unknown,Unknown,Caucasian
Sefi Kai,Sefi Caria,Unknown,Unknown
Elisa Swan,"Francesca Collins, Elise Swan, Eliza Nocturna",Unknown,Unknown
Sumiko Smile,Unknown,Unknown,Unknown
Sonya Elf,Unknown,Unknown,Unknown
Natasha Voya,Unknown,Unknown,Caucasian
Melody Jordan,Rachel,Unknown,Caucasian
Nina Capel,Unknown,Unknown,Unknown
Ryder Rey,Unknown,American,Unknown
Brittany Shae,Unknown,Unknown,Caucasian
Molly Kit,Unknown,Unknown,Unknown
Asuna Fox,"Luna Fae, Magdalena Sophia Banks, Asuna Rose",American,Caucasian
Kiki Daire,"Keki D'Aire, Kike Daire, Jennifer Bearden, Kiki Dare, Keki D'Air, Keki Dare",Unknown,Caucasian
Princess Anna,Anna Sophie,Unknown,Caucasian
Ayumi Anime,Unknown,Unknown,Asian
Loren Strawberry,Unknown,Unknown,Caucasian
Holly West,Holy West,American,Latin
Alice Thunder,Unknown,Unknown,Latin
Blondie Bombshell,Blondie Banks,Unknown,Caucasian
Susy Gala,"Susi Gala, Susy G",Spanish,Caucasian
Inna Sea,Unknown,Unknown,Caucasian
Emerald Love,Emerald Loves,Unknown,Asian
Evi Fox,"Evi Foxx, Evi Medina",Unknown,Caucasian
Victoria Nova,Unknown,French,Caucasian
Gatita Veve,"Valentina Valencia, La Gatita38",Chilean,Latin
Katy Ann,Unknown,Unknown,Caucasian
Amia Miley,"Amia Moretti, Abbey, Amea Moretti, Miss Moretti, Ileana",American,Caucasian
Angel Grave,Unknown,American,Caucasian
Brooke Wylde,"Allison Blake, Brooke White, Brooke Wyld",American,Caucasian
Ann Joy,Anna Joy,Finnish,Caucasian
Bambi Barton,Unknown,American,Caucasian
Parker Skyes,Unknown,Unknown,Unknown
Kagney Linn Karter,"Kagney Linn Karlen, Kagney Lin Karter, Kagney Lynn Karter, Kagny Linn Karter",American,Caucasian
Holly Michaels,"Holly M, FTV Holly",American,Caucasian
Nikki Sims,Next Door Nikki,American,Caucasian
Alex De La Flor,Peppa Claus,American,Asian
Breanne Benson,"Benedetta Hamzai, Breanne Grant",Unknown,Caucasian
Sapphire Blue,"Megan Sweets, Saphire Blue",British,Caucasian
Madi Meadows,"Madi Ii, Madi Moon",American,Caucasian
Sadie Hartz,Unknown,Unknown,Caucasian
Aleks Foks,Alex Fox,Russian,Caucasian
Wynn Ryder,"Wynn Rider, Vivian Godby Bauer",American,Caucasian
Nessa Devil,"Nesa Devil, Nikola Jiraskova, Nicola Begaltsis",Czech,Caucasian
Jessie Volt,"Jessi Volt, Jessie V, Jesse Volt, Jessie Voft, Jessy Volt, Elma",Unknown,Caucasian
Sydney Sweeney,Unknown,American,Caucasian
Diana Grace,Unknown,Unknown,Caucasian
Carol Goldnerova,"Carol Gold, Paula Summers, Katy Gold, Carol Masters",Unknown,Caucasian
Molly Jane,Unknown,American,Caucasian
Edyn Blair,Unknown,Unknown,Caucasian
Renata Fox,"Rebecca Fox, Renata H, Bianka, Elnara Cat",Russian,Caucasian
Lucy Laistner,Unknown,Unknown,Caucasian
Heather Vahn,"Heather Anne, Heather Vaughn",Unknown,Caucasian
Sicilia Crane,"Marie Silvia, Sicilia Model",Hungarian,Caucasian
Leah Lee,Unknown,Unknown,Caucasian
Rachele Richey,"Rachel Richey, Ashley Wisdom, Rachelle Richey",Unknown,Caucasian
Rose Rush,"Destiny Marie, Wetty Paradise",American,Mixed
Alyce Anderson,Unknown,Unknown,Caucasian
Antonia Jay,Unknown,British,Caucasian
Eva Berger,"Margo, Bertie A, Eva Ginger, Jasmine, Nika, Nada, Emmanuel A, Slave Nn, Red Sonja, Margo C",Unknown,Caucasian
Casey Deluxe,"Sexy Casey, Casey Meyer",Unknown,Caucasian
Tarra White,"Martha, Susie, Tara White, Chrissy, Terry White, Martina Mrakviova, Martina MrakviovÃƒÂ¡, Tarra Light, Tarah White, Terra Withe, Terra, Chrissy A, Martina, Marianna, Martina MrakviovÃ¡",Czech,Caucasian
Lily Rader,Lilly Rader,Unknown,Caucasian
Joclyn Stone,"Jocelyn Stone, Jocalyn Stone, Jaclyn Stone",American,Caucasian
Lalita Latina,Unknown,Colombian,Latin
Areta Ridera,Unknown,Bulgarian,Caucasian
Cherry English,Cherry the Doll,Unknown,Caucasian
Scarlet Assian,Unknown,Unknown,Asian
Shanie Gaviria,"Shanie Love, Shani Love",Unknown,Latin
Klara Devine,Unknown,British,Caucasian
Ginebra Bellucci,"Ginebra Belluci, Ginebra Belucci",Spanish,Caucasian
Sofia Rose,Unknown,Unknown,Latin
Erica Campbell,"Lena Paille, Erica Rose Campbell, Erica Rose",American,Caucasian
Alice Merchesi,"Alice Merches, Alice Cheshire",Unknown,Caucasian
Brooklyn Blue,Brooklyn Belle,Unknown,Caucasian
Cameron Dee,Embry Prada,Unknown,Caucasian
Melisa Mendiny,"Kristina Walker, Kristina Uhrinova, Cristin Uhrinova, Kristina Uhrinová, Melisa Mendini, Melissa Mendini, Carrie Du Four",Unknown,Caucasian
Sahara Leone,Unknown,Unknown,Latin
Denisa Heaven,"Denisa Heaven Jeniffer, Denisa Heaven Jennifer",Unknown,Caucasian
Barbie Sins,Unknown,Unknown,Caucasian
Kiki Minaj,Unknown,Unknown,Black
Katie Monroe,Unknown,Unknown,Caucasian
Kamryn Jayde,Kamryn Jade,Unknown,Caucasian
Di Devi,DiDevi,Unknown,Caucasian
Julia Maze,Veranika Allioni,Unknown,Caucasian
Leigh Raven,"Amanda Woods, Leigh Raven Suicide",Unknown,Caucasian
Olya Derkach,"Julieta Davidovich, Viktoria Moore",Ukrainian,Caucasian
Camila Palmer,Unknown,Colombian,Latin
Jaylene Rio,"Daylene Rio, Jaylene Rios",American,Latin
Viola Bailey,"Viola Paige, Judy Violette, Violetta Banks, Vanea, Viola Baileys",Latvian,Caucasian
Holly Halston,"Jasmin Nadine Carte, Mrs. Holly, Ms. Holly, Holly Holsten, Holly Holston",American,Caucasian
Lily Cade,Unknown,American,Caucasian
Shona River,Unknown,Unknown,Caucasian
Kayla Baum,Unknown,Unknown,Caucasian
Honey Hayes,Unknown,American,Caucasian
Daisy Monroe,Unknown,Unknown,Caucasian
Aubrey Star,"Melissa Agnolucci, Audrey",Unknown,Caucasian
Jessi Rae Moore,Unknown,American,Caucasian
Marilyn Johnson,Unknown,Unknown,Caucasian
Kitty Lynn,Unknown,American,Caucasian
Victoria Daniels,"Viktoria Daniels, Vikki, Victoria Daniel, Jana, Angelica Fox, Sisi, Viktoria Daniel, Saskia, Monika, Victoria Dayniels, Laura Neal",Unknown,Caucasian
Havana Bleu,Unknown,Unknown,Latin
Kaitlyn Katsaros,Unknown,Unknown,Caucasian
Naomi Nevena,"Naomi Nia, Lily",Unknown,Caucasian
Chloe Wildd,Unknown,Canadian,Caucasian
Anna N,"Dory, Usha",Unknown,Caucasian
Christina Shine,Unknown,Unknown,Caucasian
Sofi Goldfinger,"Sofy Goldfinger, Simona C, Sophi, Sofie Goldfinger",Unknown,Caucasian
Opal Castle,Unknown,Unknown,Caucasian
Maiko Saegimi,"Rina Kohda, Rika Kinjoh, Rika Kinjou, Rina Koda, Hasumi Nakagawa, Rika Kinjo, Rina Kouda, Aki Hanazono, Nao Shiraishi",Japanese,Asian
Stacey Poole,"Staci Poole, Stacey P",Unknown,Caucasian
Darcy Dark,Candy Cru,Unknown,Caucasian
Ash Hollywood,Ashley Theis,Unknown,Caucasian
Isa Bella,"IsaBallerina, HulkandIsa",Unknown,Latin
Vanessa Veracruz,Unknown,American,Latin
Tiffany Love,"Lady Tiffany, Tiffany Roberts, Tiffany Diamond, Mistress Tiffany",Unknown,Caucasian
Jen Loveheart,Unknown,Unknown,Unknown
Apra Shay,Unknown,Spanish,Caucasian
Nicky Hunter,"Nicki Hunter, Nickie Hunter, Nikki Hunter, Nikk Hunter, Nikky Hunter, Nichole Marie Dyben",American,Caucasian
Gianna Nicole,Unknown,Unknown,Caucasian
Sienna West,Unknown,Unknown,Latin
Diamond Franco,Unknown,American,Latin
Sweet Cat,"Sandra Sweet, Melany Fox",Unknown,Caucasian
Melissa Lynn,Unknown,Unknown,Caucasian
Paisley Paige,Unknown,Unknown,Asian
Victoria Rae,"Victoria Rae Black, Victoria Ray Black",Unknown,Caucasian
Lucretia K,"Angel B Megan, Pam E, Angel B",Ukrainian,Caucasian
Isabel Moon,Unknown,Unknown,Caucasian
Foxy Di,"Foxy Dolce, Kleine Punci, Angel C, Foxy R, Nensi B Medina, Foxi Di",Russian,Caucasian
Gwen Vicious,Unknown,Unknown,Caucasian
Luciana Lucy,"Lucianna Luci, Lucianna Lucci",Czech,Caucasian
Havana Ginger,"Mika Brown, Havanna Ginger",Cuban,Latin
Jasmine James,Unknown,Unknown,Caucasian
Mariska X,Unknown,Brazilian,Latin
Sloan Harper,Unknown,Unknown,Caucasian
Ailee Anne,Unknown,Unknown,Caucasian
Emily Mayers,Unknown,Unknown,Caucasian
Sary Gimalda,"Sary Gimaldi, Sary Galmida",Unknown,Unknown
Sofi Vega,Unknown,Colombian,Latin
Paige Turnah,"Paige Turnam, Kiri",Unknown,Caucasian
Scarlet Red,"Scarlett Red, Scarlet Redd, Charlotte, Scarlette Red",Unknown,Caucasian
Jessae Rosae,Jessae Rossae,Unknown,Caucasian
Noa Tevez,Unknown,Unknown,Latin
Bellaria,Unknown,Czech,Caucasian
Abby Somers,Unknown,Unknown,Caucasian
Layton Benton,Unknown,Unknown,Black
Kimberly Kane,"Kimberly Kame, Kimberly Cain, Kimberly Kain",Unknown,Caucasian
Sunni Wrin,Unknown,American,Caucasian
Ria Kurumi,Unknown,Unknown,Asian
Tiffany Star,"Tiff Star, Tiffany Taylor",Unknown,Caucasian
Kitty Doll,Kitty Doll88,Unknown,Caucasian
Stacy Snake,"Stacey Snake, Brenda Wang",Unknown,Caucasian
Puma Swede,"Puma, Johanna",Swedish,Caucasian
Sandra Star,Unknown,Unknown,Caucasian
Canela Skin,Ivana Ramirez,Unknown,Latin
Nicky Angel,"Yenna Lovely, Jena Lover, Jenna Lovely",Unknown,Caucasian
Sara Kay,"Sarah Kay, Izabela",Unknown,Caucasian
Dani Lynn,Unknown,Unknown,Caucasian
Proxy Paige,Unknown,Unknown,Caucasian
Lucy Heart,"Scarlet, Diliara",Unknown,Caucasian
Sahara Knite,"Smara Knite, Sahara Knight",Unknown,Asian
Cheyenne Duvallon,Unknown,Swiss,Caucasian
Mandy M,Mandy Monroe,American,Caucasian
Destiny Porter,Desi Potter,Unknown,Caucasian
Anastasia Rose,Lydia,American,Caucasian
Lady Sonia,"Gillian Young, Gill Ellis-Young, Gillian Susan Young",Unknown,Caucasian
Sexy Susi,"Susanne B, Magda Polack, Jadwiga Baginska, Susanne Nigbezsmieta",Unknown,Caucasian
Sola Zola,Unknown,Unknown,Caucasian
Rachel Evans,"Jackie Cudna, Rachel Honey, Rachel Evens, Radka Vodstrcilova, Radka, Katka",Unknown,Caucasian
Nikki Sweet,Unknown,Unknown,Caucasian
Molly Evans,Anna Ushakova,Russian,Caucasian
Lou Charmelle,Lou Charmel,Unknown,Caucasian
Winter Jade,Winter Spice,American,Latin
Alice Visby,Unknown,Unknown,Caucasian
Lucy Foxx,"Lucy Foxxlab, Lucy Foxxx, Lucy TheFoxxlab",American,Caucasian
Rharri Rhound,Rhonda Rhound,Unknown,Caucasian
Gia Tvoricceli,Unknown,Unknown,Caucasian
Chessie Kay,Chessie King,Unknown,Caucasian
Lyra Lockhart,Unknown,Unknown,Caucasian
Scarlett Foxx,Unknown,American,Caucasian
Didi Zerati,Unknown,Unknown,Caucasian
Kinsley Karter,Unknown,Unknown,Black
Lizz Tayler,"Lizz Taylor, Elizabeth Slamka, Liz Tayler, Lizz Tailer",Unknown,Caucasian
Katarina Muti,Ariel Temple,Unknown,Caucasian
Paige Delight,Rubber Ruby,Unknown,Caucasian
Selvaggia Babe,Erytheia,Unknown,Caucasian
Shae Celestine,Unknown,Unknown,Caucasian
Melrose Foxxx,"Melrose Foxx, Redd Foxx, Red Foxxx",Unknown,Black
Frida Sante,"Frida Santé, Frida Mendoza, Frieda Sante",Mexican,Latin
Brianna Bourbon,Brianna Nicole Bourbon,American,Latin
Angel Long,"Sarah Slick, Angel T., Sarah Elizabeth Read, Sarah Reed, Taz, Sarah Read",Unknown,Caucasian
Gigi Rouge,Little Gigi 79,British,Caucasian
Kira Clark,Анастасия Иванова,Russian,Caucasian
Carly Rae,Carly Reigns,American,Caucasian
Daisy Marie,"Daisey Dukes, Daisy Dukes, Valerie Cruz, Daisy Tattoo, Dayse Dukes",American,Latin
Alexis Amore,"Alexis Lamore, Fabiola Melgar, Alexis Amour",Unknown,Latin
Sheila Grant,"Shelia, Virginia Duval, Annette, Tia Wilshire, Csilla, Shelia Grant, Annie Doxa, Francesca, Gwenyth",Unknown,Caucasian
Hareniks,Unknown,Unknown,Unknown
Kayla East,Kayla Jade East,Australian,Caucasian
Honey Heston,Unknown,Unknown,Unknown
Ziggy Star,Unknown,Unknown,Caucasian
Tina Blade,Dunja Mikulcic,Unknown,Caucasian
Alice Hernandez,Alice Hernandes,Brazilian,Caucasian
Yum Thee Boss,Unknown,Unknown,Black
Melissa Monet,"Mindy DeBaise, Mellisa Monet",American,Caucasian
Dylan Phoenix,Unknown,Unknown,Caucasian
Layla London,Unknown,American,Caucasian
Kiera Winters,Unknown,Unknown,Caucasian
Payton Avery,Unknown,Unknown,Caucasian
Jay Killa,Unknown,American,Caucasian
Victoria Liu,SunBabyLiu,"Taiwanese, American",Asian
Coco Rains,Costina Munteanu,"Romanian, Austrian",Caucasian
Bobbi Starr,"Elisabeth Evans, Bobby Starr, Bobbi Star",American,Caucasian
Elisa Calvi,Unknown,Unknown,Caucasian
Abbey Brooks,"Holly Browning, Abbey Brookes, Abby Brooklly Browning, Abby Brooks, Abbey Brook, Abbey Brookess",American,Caucasian
Angela Sommers,Angela Summers,American,Caucasian
Sylvia Bateman,Unknown,Unknown,Caucasian
Amber Lynn,"Laura Adams, Amber Lynne, Amber Lin, Amber Lynn Lane, Miss Amber Lynn, Laura Lynn Allen",American,Caucasian
Izzy Green,"Abella Skies, Bella Skies",Unknown,Latin
Anna Blaze,Anna Forever,American,Caucasian
Angel Summers,Unknown,Unknown,Caucasian
Vittoria Divine,Unknown,French,Caucasian
Amy Reid,"Amy Reed, Amy Ried",Unknown,Caucasian
Kayla Paige,Kayla Page,Unknown,Caucasian
Sophie Jane,"Redhead GirlNextDoor, Sophie Jane Glew",British,Caucasian
Helena Valle,"Helena B, Elena Valle",Italian,Caucasian
Katie Thornton,"Darby Day, Tye Thornton, DarbyDay",Unknown,Caucasian
Alice Mido,Digital Geisha,Unknown,Caucasian
Emily Bellexx,Unknown,British,Caucasian
Brandy Smile,Sabrina Smile,Unknown,Caucasian
Jessica Moore,"Rebecca Smith, Rebeca Smith, Antonia Moraliti",Unknown,Caucasian
Lil Baby Lou,Unknown,Unknown,Unknown
Marie Luv,"Marcie Luv, Marie Love, Destiny Big, Supreme BITCH, Quiana Marie Bryant",Unknown,Black
Coco De Mal,"Coco Del Mar, Laposh Morda, Sakira, Coco Demal, Suzana, Coco Del Mal, Brabra, Barbra, Koko De Mal, Slimny Cash, Maria, Aleksandra, Coco De Mar",Unknown,Caucasian
Jameliz Benitez Smith,"Jameliz Watermelondrip, Jelly Beans, Jamelizzzz, Jellybeans, Daisy Blooms",American,Latin
Baby Bamby,"Lil Katt, Baby Bambi, Baby Mamby, Jasmin Aviafan, Natascha Hot",Russian,Caucasian
Devon Michaels,Devin Michaels,Unknown,Latin
Monica Santhiago,"Monique Santiago, Monica Santiago",Unknown,Latin
Elina Sansd,Elina Sands,Venezuelan,Latin
Lita Phoenix,"Linda Y, Selena, Paige",Unknown,Caucasian
Monique Mae,Unknown,Unknown,Asian
Nella Jones,Kendall Rae,American,Caucasian
Cameron Canada,Unknown,Unknown,Caucasian
Alina Belle,Alina Bell,Unknown,Latin
Marylin Crystal,"Marilyn Crystal, Stacy Crystal",Unknown,Caucasian
Mia Cheers,Unknown,Unknown,Caucasian
Mia Evans,Kacey,Unknown,Caucasian
Nikole Nash,Unknown,American,Caucasian
Helen Star,Unknown,Unknown,Caucasian
Nude Chrissy,NudeChrissy,Unknown,Caucasian
Zoe Grey,Unknown,British,Caucasian
Penelope Cum,"Carlota Teen, Charlotte Teen, Penelope Cross",Unknown,Latin
Scarlett Fall,Unknown,Unknown,Caucasian
Monique Fuentes,Monica Fuentes,Colombian,Latin
Kat Dior,Unknown,Unknown,Latin
Bonnie Shai,Unknown,Unknown,Caucasian
Michaela Isizzu,Mila K,Unknown,Caucasian
Dina Joy,Unknown,Unknown,Caucasian
Jasmine Vega,Unknown,Unknown,Latin
Natalie Grace,Demi C Bailey,Unknown,Caucasian
Sussy Sweet,Unknown,Colombian,Latin
Adriana Maya,Adrian Maya,Unknown,Black
Stella Carter,Unknown,Unknown,Asian
Avery Jane,Unknown,American,Black
Nika Murr,"Nika A, Nika Steward, Sandy Chicks, Milyway, Kenzie Rains, Nika Nut, Nika Hug, Nika Y",Unknown,Caucasian
Kaden Kole,"PolishThickness, Sara Simmons, Kaden Cole",Unknown,Caucasian
Daisy Haze,Daisy Summers,Unknown,Caucasian
Daya Knight,Eva,Unknown,Black
Persia Monir,Persia Munir,American,Caucasian
Kita Zen,Keta Zen,Unknown,Asian
Apricot Pitts,Unknown,Unknown,Caucasian
Cindy Dollar,"Marketa Svobodova, Caren Carpenter, Markyta W4B, Charlie Stevens, Sindy Dollar",Czech,Caucasian
Daizy Cooper,Lowlita,Unknown,Black
Kyleigh Ann,"Nubiles Kyleigh Ann, Elaina Raye, Elania Raye",Unknown,Caucasian
Lexi Smith,Lexi Ellis,American,Caucasian
Ava Taylor,Rachel Bernard,American,Caucasian
Monika Benz,"Stasha, Anastasia, Monicca, Anastasija",Czech,Caucasian
Rara Knupps,Unknown,Unknown,Unknown
Mercedes Mack,"Princess Bunny Money, Mercedes Mac",Unknown,Native
Andrea Grey,Unknown,Unknown,Latin
Sally Hunter,Unknown,Unknown,Unknown
Gianna Grey,Unknown,American,Caucasian
Supravie,Unknown,Russian,Caucasian
Taylor Wild,"Tori Brooks, Taylor Hunt",Unknown,Caucasian
Jennifer Jane,"Jenifer Jane, Jennifer James",Czech,Caucasian
Gemini Lovell,Chevon Atkinson,Unknown,Latin
Mia Lina,"Dara Danglemore, Melanie James, Mia Ling",Unknown,Latin
Vera King,"Lexi Foxy, Lexi Fox",Unknown,Caucasian
Stracy Stone,"Stacy Stone, Lucie Varakova, Bijou A, Melisa Anton, Bijou, Stacey Stone, Strasy Stone",Unknown,Caucasian
Aria Skye,Unknown,Filipino,Asian
Emi Mur,Unknown,Unknown,Unknown
Minxx Marley,Minxx Marii,Unknown,Caucasian
Hermione Ganger,Unknown,Hungarian,Caucasian
Anais Amore,Unknown,American,Latin
Sabrina Nichole,Unknown,Unknown,Caucasian
Yulenka Moore,Alana R,Russian,Caucasian
Crystal Greenvelle,"Crystal Greenville, Krystal Greenvelle",Russian,Caucasian
Gisha Forza,Unknown,Unknown,Caucasian
Milly Marks,Milly Marx,Unknown,Caucasian
Stoya,"Nina Blue, Stoya Doll, Jessica Stojadinovich",American,Caucasian
Veronica Clark,Veronika Clark,Unknown,Caucasian
Marina Woods,Unknown,Unknown,Caucasian
Bella Bare,Unknown,Unknown,Unknown
Leila Cove,"Behautti Bangz, Sylvie Sterling",Unknown,Caucasian
Sally Minx,"Sapphire, Liza Lis",Russian,Caucasian
Siobhan Graves,Unknown,Unknown,Caucasian
Reyna Dela Cruz,Reyna DeLaCruz,Unknown,Latin
Anastasia Devine,"Clarissa, Marie, Anastacia, Anastasia De Vine, Anastazie, Anastasia D, Anastazie Blue, Anastasia Csharka, Anastazie Blu, Marcela, Mariela, Yvonne, Corina Johnsen, Marcela Bartakova",Unknown,Caucasian
Nikki Delano,"Audra Star, Nikki Delan, Audry Star",Unknown,Latin
Kate Kuray,Unknown,Unknown,Caucasian
Jenna Presley,"Jenna Pressley, Brittni Ruiz, Brittni De La Mora",American,Caucasian
Lilly Ford,"Lilly Lit, Lily Lit, Lily Ford",American,Caucasian
Nicole Sage,Unknown,Unknown,Caucasian
Malena La Pugliese,"Milena Mastromarino, Filomena Mastromarino, Malena Nazionale",Unknown,Caucasian
Mia Melano,Mia Milano,American,Caucasian
Aubrey Gold,Aubry Gold,Unknown,Caucasian
Kitty Kate,Unknown,Russian,Caucasian
Tiffany Taylor,Summer Hanson,Unknown,Caucasian
Rae West,Unknown,American,Mixed
Silvia Saint,"Silvie Tom, Silvie, Sylvia, Silva, Silvie Tomcalova, Renate Sinth, Sylvia Saint, Silvia Granz, SuperSilvia, Sylvie, Szilvia",Czech,Caucasian
Maya Rose,Maya Rosse,Unknown,Latin
Grandma Libby,Libby Ellis,Unknown,Caucasian
Erica Fontes,Ã‰rica Fontes,Unknown,Caucasian
Sheila Marie,"Rosanna de la Vega, Rosanna Dela Vega, Shayla Marie, Mrs. Sheila",Unknown,Latin
Olivia Taylor,Margaret,Unknown,Caucasian
Alex Kane,Unknown,Unknown,Caucasian
Bobbi Dylan,Bobby Dylan,Unknown,Caucasian
Jenny Kitty,Unknown,Russian,Caucasian
Yui Misaki,Unknown,Unknown,Asian
Marina Angel,Tiffany Marina,Unknown,Latin
Kathy Through,"katy zachry, Katy Zachry",Russian,Caucasian
Niky Rabbit,Niky Bimbo Doll,Argentinean,Latin
Alice Antoinette,Unknown,Unknown,Caucasian
Kinsley White,Unknown,Russian,Caucasian
Sophia Sultry,Unknown,Unknown,Caucasian
Luna Kitsuen,Luna C Kitsuen,Unknown,Caucasian
Tara Ashley,Brenda,Unknown,Caucasian
Bonnie Kinz,"Bonie Kinz, Kylie Pylant, Kylie Page",American,Caucasian
Diamond Banks,"Amathyst, Amethyst Banks",Unknown,Black
Emily Right,Unknown,Unknown,Caucasian
Roxy Lips,Julia Love,Russian,Caucasian
Isa Gomez,Unknown,Colombian,Latin
Kyla Cole,"Faye, Olivia, Nikita, Mindy, Lynn, Rayia, Martine, Ester",Unknown,Caucasian
Chantal Ferrera,"Simone Sen, Chantal Ferrara, Eva Evermore",Czech,Caucasian
Lily Madison,Unknown,British,Caucasian
Jewel Diamant,Unknown,Unknown,Unknown
Taylor Whyte,Taylor White,Unknown,Caucasian
Briseida Myers,Jennifer Llopis,Spanish,Caucasian
Eufrat,"Jana Potysova, Lenka, Evfrat Mai, Jana Hall, Eufrat Tenka, Eufrat Mai, Patty Gower, Terenka Eufrat",Unknown,Caucasian
Sarah Banks,Unknown,American,Black
Luxe La Fox,Unknown,Unknown,Mixed
Silvana Lee,Marcela Fernandez,Colombian,Latin
Nala Nova,PixelFairy,Unknown,Caucasian
Silvie Deluxe,"Silvia Deluxe, Sylvia DeLuxe, Simona, Silvie De Lux, Sylvie Deluxe, Elance A, Sylvie De Luxe, Silvie Delux, Silvie Dellux, Silvie H.",Unknown,Caucasian
Alli Rae,Unknown,American,Caucasian
Luna Mills,Unknown,Unknown,Asian
Stasia Si,"Alice Will, Stacey",Russian,Caucasian
Beth Bennett,"Bethany Nicole Bennett, Beth Bennet, Beth Dee",New Zealander,Caucasian
Lena Love,"Lena G, Patricie, Lina, Lucie Cerna, Holly L, Lina Love",Unknown,Caucasian
Adalind Gray,Unknown,Unknown,Caucasian
Erika Mori,Polly Yang,Russian,Caucasian
Natasha Marley,"Tasha Marley, Natasha Jean Marley, Sweet Marci",British,Caucasian
Britt James,Unknown,Unknown,Caucasian
Lina Arian,"Lina Joy, Reana, Arian, Efina Dinara, Greta A, Efina, Arian Joy, Arian Lyn, Ariana, Dinara, Erian",Unknown,Caucasian
Astrid Star,Unknown,Unknown,Caucasian
Scarlett Snow,Unknown,Unknown,Caucasian
Raven Redmond,Unknown,Unknown,Black
Aurora Snow,"Rebecca Claire Kensington, Victoria, Angel, Kim",Unknown,Caucasian
Cleopatra Rios,"Anna B, Melanie, Temptress, Anny, Moira, Greti Pihler, Cindy, Brianna, Anna Karela, Diana, Debbie, Sonya B, Sonja B, Anna Debine, Anya Dybina, Anna Sweet, Melissa, Brianna Rios, Julia, Milan, Anna, Anna P, Temptres, Abby, Anya, Abbey, Abbey Wyatt, Tonya, Annabel, Anne, Dora, Anaa",Unknown,Caucasian
Michelle Anthony,Unknown,Unknown,Caucasian
Shaiden Rogue,Unknown,Unknown,Caucasian
Samantha Hayes,Unknown,Unknown,Caucasian
Brooke Beretta,Unknown,Unknown,Caucasian
Nikki Holland,Unknown,Unknown,Caucasian
Marceline Moreno,Unknown,Unknown,Caucasian
Jenna Noelle,Unknown,Unknown,Caucasian
Alaina Taylor,Unknown,American,Unknown
Esperanza Del Horno,Unknown,Unknown,Latin
Angel A,Unknown,Unknown,Caucasian
Marissa Mei,"Kelly Azalea, Marissa May",Unknown,Caucasian
Christen Courtney,Courtney Christen,Hungarian,Caucasian
Diana Rius,Unknown,Spanish,Latin
Ariana Cortez,Unknown,Unknown,Unknown
Annie Archer,Unknown,Unknown,Caucasian
Aleska Diamond,"Alexa Diamond, Aleksa Diamond",Hungarian,Caucasian
Rita Faltoyano,"Rita Twain, Rita Faltayano, Rita Faltojano, Daniella, Rita Faltoiano, Rita Fox, Rita Gacs, Rita Faltiano, Rita Gács",Unknown,Caucasian
Bella Anne,"Bella Baby, Bella Shepard, Bella Babe",Unknown,Caucasian
Addison Lee,Miss Lee,Unknown,Caucasian
Emma Indica,Em Indica,Unknown,Caucasian
Ali Cash,Debraciana Ali,American,Latin
Cindy Starfall,Unknown,Vietnamese,Asian
Liza Rowe,Unknown,Unknown,Mixed
Sharon Pink,Annetta,Unknown,Caucasian
Alice Drake,Unknown,Unknown,Caucasian
Irina Cage,Unknown,Unknown,Caucasian
Tiger Lilly,TigerLilly,Unknown,Caucasian
Luna Lynx,Unknown,Unknown,Caucasian
Brianna Moore,Unknown,Unknown,Black
Europe Dichan,Europe Di Chan,Unknown,Caucasian
Lisa Dawn,"Brittany Shy, Milana Bene, Liza Dawn",Ukrainian,Caucasian
Livv Fitt,Unknown,American,Caucasian
Porsha Carrera,"Porsha Karrera, Porche Carrera, Porcha Carrera",Unknown,Black
Lily Rosse,Unknown,Colombian,Latin
Donna Bell,"Rebecca Storm, Dona Bell, Donna Bella, Donna Belle",Unknown,Caucasian
Kennia Lex,"Emily First, Kenia Flex, Emily F, Kennia Flex",Russian,Caucasian
Presley Hart,Pressley Hart,Unknown,Caucasian
Akari Asagiri,"Yohko Kinoshita, Monami Motoyama, Akari Minamino, Minori, Yoko Kinoshita, Youko Kinoshita, Hiyori, Asagiri Akari, Akari Asakiri",Unknown,Asian
Charli O,Unknown,American,Caucasian
Amber Maddie,Unknown,Unknown,Unknown
Carmen Croft,"Carmen Craft, Marketa Chovaneckova",Unknown,Caucasian
Ella Nova,"Sister Mauer, Claire Cucumber",Unknown,Caucasian
Jupiter Stassy,"Miya, Evalynne",Ukrainian,Caucasian
Sandra Sanchez,Lenka Drozd,Unknown,Caucasian
Athina Love,"Zsofia Love, Tyra Moon, Anthia Clayton",Unknown,Caucasian
Sylvia Buntarka,Sylvia Blunt,Unknown,Caucasian
Jasmine Grey,Cosmickitten_,American,Asian
Kate Alton,Missy,Unknown,Caucasian
Krissy Knight,Unknown,Unknown,Caucasian
Lia Lor,"Lia Lior, Brady Paige",Unknown,Caucasian
Coco Scorpio,Unknown,Unknown,Asian
Ariela Donovan,Unknown,Unknown,Caucasian
Rachel James,Unknown,American,Caucasian
Kacie Castle,Unknown,American,Caucasian
Bella Reese,Melissa Angeloni,Unknown,Caucasian
Giulia Diamond,Unknown,Unknown,Caucasian
Valentina Lapiedra,"Valentina La Piedra, Andrea La Piedra, Andrea Lapiedra",Spanish,Latin
Chyanne Jacobs,"Chyane Jacobs, Cheyenne Jacobs, Tiffany Lanier, Cheyanne, Chayanne Jacobs, Chyanna Jacobs",Unknown,Black
Anna Delos,Unknown,Unknown,Caucasian
Cherry Hilson,Cherri Hilson,Unknown,Black
Bobbi Eden,"Vixen De Ville, Bobbie Eden, Bobby Eden, Priscilla Hendrikse",Unknown,Caucasian
Kleio Valentien,Unknown,American,Caucasian
Brookie Blair,Unknown,Unknown,Caucasian
Marie Dee,Katie Dee,American,Caucasian
Cristina Miller,Unknown,Unknown,Latin
Felicity Hill,"Flick, Flick Hill, Miss Felicity H",Unknown,Caucasian
Brittany Oneil,"Busty Brittany, Britney O'Neil, Brittany O'Neil",Unknown,Caucasian
Stella Flex,"Marselina Fiore, Paula Brown, Stella Shine",Unknown,Caucasian
Bambi Black,Unknown,Unknown,Caucasian
Jureka Del Mar,Unknown,Unknown,Asian
Violet Summers,"Elizabeth Marie Brandani, Lizzy Brandani",Unknown,Caucasian
Noemie Bilas,Noemi Bilas,Unknown,Black
Alita Lee,Unknown,Unknown,Latin
Xoey Li,Unknown,Unknown,Asian
Yinyleon,Unknown,Unknown,Latin
Isabella Star,"Lucy Blond, Emily Cutie",Unknown,Caucasian
Cute Sunny,"Klara, Sunny Rise, Kristie Dobbs, Roza Zadova, Avina Delis, Netu, Avina, Lorraine Floyd",Unknown,Caucasian
Amirah Sky,Unknown,"American, Israeli",Unknown
Mika Tan,"Saraswati Taetafa, Mika Okinawa",Unknown,Asian
Brisa A Ossana,"ElizabethFoxy, Oxavia, SquirtFoxy, Polina",Unknown,Caucasian
Lena The Plug,Lena Nersesian,Unknown,Caucasian
Kiera King,Kiere King,Unknown,Caucasian
Nicole Vice,"Baryla Vice, Nicole Voss",Unknown,Caucasian
Katarina Rina,Unknown,Unknown,Caucasian
Tina Snows,Unknown,Irish,Caucasian
Zoey Nixon,Zoe Nixon,Unknown,Caucasian
Kizzy Sixx,Unknown,Unknown,Caucasian
Suzie Carina,"Saint Adams, Sweet Suzie, Suzy Carina",Unknown,Caucasian
Addison Ryder,Davina Davis,American,Caucasian
Ally Tate,Unknown,Unknown,Caucasian
Danielle Maye,"Danielle Mayes, Danielle May",Unknown,Caucasian
Yuuri Himeno,"Iwashita Momoka, Momoka Iwashita, Anna Okina, Miho Ichiki, Azumi Nakama, Yuri Himeno, Yuhri Himeno",Japanese,Asian
Jadynn Stone,Unknown,American,Mixed
Alana Evans,"Allana Evans, Anna Evans, Jenna Talia",Unknown,Caucasian
Elena Spano,Unknown,Italian,Caucasian
Ivy Sherwood,Ivy Surewood,American,Black
Chloe Ryder,Unknown,American,Caucasian
Luna Lark,Unknown,American,Caucasian
Mackenzie Page,Unknown,Unknown,Caucasian
Alix Lovell,Willow Devine,Unknown,Caucasian
Mako Saeki,Unknown,Unknown,Asian
Melissa Ria,"Melissa Zia, Lucie Saganová",Unknown,Caucasian
Venus Rising,Unknown,American,Caucasian
Polly Flame,Unknown,Unknown,Caucasian
Flower Tucci,"Carole Molloy, Flower Tuci",Unknown,Caucasian
Bernie Svintis,"Runa, Rune Kimele, Runa Kimele",Unknown,Caucasian
Lylith Lavey,Lilith Lavey,Unknown,Caucasian
Maria Ozawa,Miyabi,Unknown,Asian
Robyn Bruce,Robyn J,Unknown,Caucasian
Michy Perez,Unknown,Unknown,Latin
Jackie Ohh,Unknown,Unknown,Caucasian
Sidney Summers,Sidney Babygirl,American,Caucasian
Sage Pillar,Violet Pixie,Unknown,Caucasian
Nadia Jay,Unknown,Unknown,Black
Tommie Jo,"Tommie Jo Connolly, Tommie Jo Connoly, TJ",British,Caucasian
Lexi Luv,Unknown,Rwandan,Black
Gigi Rivera,"Nicole Leaann Rodriquez, Gigi Ribera",American,Latin
Brooke Haze,Unknown,Unknown,Caucasian
Remi Jones,Unknown,American,Caucasian
Cali Caliente,Unknown,Unknown,Black
Nina Skye,Unknown,Unknown,Caucasian
Mya Evans,"Alla Peek, Maya Evans",Unknown,Caucasian
Daniela Andrea,Unknown,Unknown,Latin
Bella Crystal,Lybec Crystal,Russian,Caucasian
Verona Vaughn,"Bella Diamond, Maria Beaumont, Belinda DAmour, Belinda D'Amour",Unknown,Caucasian
Lovely Lo,Unknown,American,Caucasian
Miko Dai,"Layla Mynxx, Layla Mynxxx",Unknown,Asian
Tahlia Lane,"Thalia Lane, Tahlia Honey, LidzyaL",Unknown,Black
Trina Michaels,Moody Michaels,Unknown,Caucasian
Karlie Montana,"Karly Montana, Karli Montana, Karlye Montana, Carli Montana",American,Caucasian
Milana Milka,"Milana A, Kamilla D, Gulya Pechkina, Kami A, Milana Jones, Milana Vital",Unknown,Caucasian
Jenny James,Unknown,Unknown,Caucasian
Sabrina Moore,"Sabrina Meor, Sabrina Moor, Sabina Moore",Unknown,Caucasian
Asia Lee,Unknown,American,Asian
Marry Queen,"Mary Queen, Queen Mary, Miroslava Holzapflova, Terry Fine, Mila Sweet, Mora Mia, Miela",Czech,Caucasian
Mckenna Lynn,Unknown,Unknown,Caucasian
Leilani Lei,Sexy Milf Leilani,Unknown,Caucasian
Piper Presley,Unknown,Unknown,Caucasian
Bambi Brooks,Unknown,Unknown,Caucasian
Kacy Lane,Kaci Lynn,American,Caucasian
Sherice,"Rona Sisechka, Ronya Choki, Minerva, Miss Sherice",Unknown,Caucasian
Carrie Ann,"Carrie Anna, Cerrie Ann, Carrie Ann Pickett, Carrie Anne",Unknown,Caucasian
Skyler Nicole,Unknown,Unknown,Black
Leanne Crow,Crow Leanne,British,Caucasian
Lovenia Lux,"Alice Taylor, Luvena Luv, Loveini Lux, Lorenia Lux, Lovena Luv, Lavana Lou",Unknown,Caucasian
Ivy Aura,Ivy FTV,Unknown,Caucasian
Stevie Lix,Stevie Nix,Unknown,Caucasian
Devon Green,Devon FTV,Unknown,Caucasian
Ariel Rebel,The Rebel,Unknown,Caucasian
Tiffany Brookes,"Tiffany Brooks, Ashley Renee Brooke Yeary, FTV Nicole",Unknown,Caucasian
Tabitha Poison,Unknown,Unknown,Caucasian
Jasmine Summers,Unknown,Unknown,Latin
Miss Alice Wild,Unknown,British,Caucasian
Brixley Benz,Annette Benz,Unknown,Black
Blair Hudson,Unknown,Unknown,Caucasian
Juno Calliope,Unknown,American,Caucasian
Korina Kova,Unknown,Unknown,Caucasian
Suzie Sun,"Suny Titti, Lara Ann",Unknown,Caucasian
Nelya Jorden,"Kastiel Cherry, Riley Jorden, Nelya Small",Unknown,Caucasian
Lily Ivy,Unknown,Unknown,Caucasian
Monica Asis,Unknown,Unknown,Latin
Black Tina,Unknown,Unknown,Caucasian
Dj Sakura,Unknown,Unknown,Unknown
Misha Montana,Unknown,Unknown,Caucasian
Kate Legend,Unknown,Unknown,Caucasian
Lola Cheeks,Unknown,Unknown,Caucasian
Sierra Skye,"Sierra Syke, Becca Riley",Unknown,Caucasian
Angie Koks,Alessia Lebedeva,Unknown,Caucasian
Violet Smith,Unknown,Unknown,Black
Gianna Gem,Unknown,Unknown,Caucasian
Nicole Black,Nickol Black,Kazakhstani,Caucasian
Alisa I,"Alisa Amore, Jessica Albanka, Inez Fulitko",Unknown,Caucasian
Zerella Skies,Caitlin Fink,Unknown,Latin
Lolly Gartner,Scarlett,Unknown,Caucasian
Sporting Terry,Victoria West,Unknown,Caucasian
Eva Strauss,"Sandra, Olivia, Ivia, Sarah, Iwa, Iwia, Catrine, Sandra X, Iwia A, Iva, Iwea, Sona, Ivy",Unknown,Caucasian
Denice K,"Denise Klasko, Denise Klarskov, Kinky Trisha, Denise Kunt, Denise Kiarskov, Denice Klarskov, Chelsea Sweet, Chelsea Crush",Unknown,Caucasian
Alexa Black,"Lena Levente, Legazi Divine",Russian,Caucasian
Rebeka Black,"Lindsey Sheron, Rebecca Sharon, Lindsay Sharon, Rebecca Black",Unknown,Caucasian
Montse Swinger,"Montse Blue, Montse Little",Unknown,Caucasian
Hanna Montada,Unknown,Spanish,Caucasian
Harlow Harrison,Unknown,Unknown,Caucasian
Sarah Mollica,Unknown,Unknown,Latin
Shae Summers,Unknown,Unknown,Caucasian
Vanessa Videl,"Vanessa Vidal, Vanessa Videll, Vanessa Vadal, Vanessa Videz, Venessa Videl",Unknown,Caucasian
Felicia Bennet,@just_me_beybey,American,Caucasian
Klarisa Leone,"Clarissa Leone, Klarisa Leow, Klarissa Leone, Petra Bandolova, Klarisa Bulgari",Unknown,Caucasian
Tiffany Leiddi,Tiffany Leidi,Unknown,Caucasian
Katie Pardon,Unknown,American,Caucasian
Taylor Wane,"Farron Hyte, Taylor Wayne, Joanna Gee",Unknown,Caucasian
Ivy Rose,Ivy Snow,Unknown,Caucasian
Sasha Jane,Unknown,Latvian,Caucasian
Micky Bells,Unknown,Unknown,Caucasian
Tifa Quinn,Unknown,American,Mixed
Ava Austen,Unknown,Unknown,Caucasian
Zoe Sparx,"Zoe Sparks, Andi Rye",Unknown,Caucasian
Holly Kiss,Holly XX,Unknown,Caucasian
Ginger Corners,Unknown,Unknown,Caucasian
Ashley Aleigh,Unknown,Unknown,Black
Mia Grandy,Unknown,Unknown,Caucasian
Amanda May,Unknown,Unknown,Unknown
Mea Melone,"Mia Melone, Mea Malone, Mea Antonio",Unknown,Caucasian
Tiffany Blue,Unknown,Latvian,Caucasian
Mia Hurley,Unknown,Unknown,Latin
Sexy Vanessa,"Sexxxy Vanessa, Vanessa Bella",Unknown,Latin
Sereyna Gomez,"Serenya Gomez, Serina Gomez",Czech,Caucasian
Jodie Taylor,"Jodi Taylor, Bree, Brook Scarlet",Unknown,Caucasian
Yana Love,Unknown,Ukrainian,Caucasian
Roxanne Rae,"Roxanne Ray, Roxie Rae, Roxanna Rae",Unknown,Caucasian
Carolyn Reese,"Carolynn Reese, Caroline Reese",Unknown,Caucasian
Alektra Blue,"Elektra, Alectra Blue, Alectra",American,Caucasian
Whitney Westgate,Alexis Myers,Unknown,Caucasian
Violette Pure,"Violette Pink, Violet",Unknown,Caucasian
Alice Marie,Unknown,Unknown,Caucasian
Angel Banks,Unknown,Unknown,Black
Tylee Texas,Unknown,American,Caucasian
Stella Raee,"Stella Ray, Stella Brooks",American,Caucasian
Viktoria Sweet,Victoria Sweet,Unknown,Caucasian
Carly Rae Summers,Carly Rae,British,Caucasian
Bella Mur,Unknown,Unknown,Caucasian
Linda Leclair,Linda Leclaire,Unknown,Caucasian
Gwen Stark,Grace,Unknown,Caucasian
Alice Wayne,Unknown,Unknown,Caucasian
Yui Kyouno,"Miu Asakura, Shiori Tsuchida, Yui Kyono",Unknown,Asian
Katy Kiss,Unknown,Unknown,Caucasian
Sara Blonde,Unknown,Colombian,Latin
Mishel Dark,Unknown,Unknown,Unknown
Jeni Angel,Jennifer Angel,Unknown,Black
Heidi Van Horny,Angelika Ricci,Unknown,Caucasian
Miriam Sinn,"Carol Silni, Nimfa Nice, Nympha, Nymfa",Unknown,Caucasian
Cameron Canela,Unknown,Unknown,Latin
Mary Butterfly,Unknown,Unknown,Latin
Melody Foxx,Unknown,Unknown,Caucasian
Tori Montana,Unknown,Unknown,Black
Olga Cabaeva,"Mistress Veronica, Olga Cabaeca, Lana Phukzalot, Olga Cabeva, Patrizia Berger",Unknown,Caucasian
Anastasiia Ustinova,"Anastangel, Stacey Angel",Unknown,Caucasian
Empress Elfiie,Unknown,Unknown,Caucasian
Lacerta,Unknown,Unknown,Unknown
Naomi Ryder,Unknown,American,Caucasian
Nikita Reznikova,Unknown,Unknown,Caucasian
Aria Giovanni,"Aria Geovani, Aria Giovani, Aria Geovannni",Unknown,Caucasian
Samantha Rouge,Unknown,Unknown,Unknown
Violet Viper,Unknown,Unknown,Caucasian
Christy Canyon,"Sara Wine, Christie Canyon, Tara Wine, Linda Daniel",American,Caucasian
Vasya Sylvia,Unknown,Russian,Caucasian
Tanner Mayes,"Jillian Courtney Gayle Glover, Tanner Mayberry, Tanner Mays",Unknown,Caucasian
Cindy Hope,"Cindy Hose, Klaudia Suppan",Hungarian,Caucasian
Gitta Blond,"Brigi B., Nicol Bestia, Gita Blonde",Unknown,Caucasian
Selena Ivy,Unknown,Unknown,Latin
Rachel Aldana,Rachel Aldena,Unknown,Caucasian
Santana Red,Unknown,Unknown,Latin
Caomei Bala,Unknown,Unknown,Caucasian
Ricki Raxxx,Rikki Raxxx,Unknown,Caucasian
Madelyn Marie,"Madeline Marie, Kendall M. Sartiano",Unknown,Caucasian
Samantha Ryan,Erica Erect,Unknown,Caucasian
Gabi Ashton,Unknown,Unknown,Unknown
Kiki Vidis,"Kiki Vidas, Katie Dimarco",Unknown,Caucasian
Berta Lusty,Unknown,Unknown,Unknown
Brie Belle,"BlairesBigpp, Bougie_bb, BrieBelle, Bougie bb",American,Caucasian
Paris The Muse,Unknown,American,Black
Audrey Royal,"Audrey Charlize, Audrey C",Unknown,Caucasian
Alice March,Unknown,Unknown,Caucasian
Jessica Blank,"Bella Bang, Jessica Alessandra, Jessica Blond, Polly Boom, Jessica Alexandra, Jessika Blond",Russian,Caucasian
Mila Solana,Unknown,Unknown,Latin
Richh Des,Unknown,Unknown,Caucasian
Gianna Lynn,"Gianna Jolynn, Gianna Lynne, Gianna Joylynn",Unknown,Asian
Sophia Isabella,Unknown,British,Caucasian
Leyla Fiore,Leila Fiore,Unknown,Caucasian
Savannah Stevens,Unknown,Unknown,Caucasian
Sarah Peachez,"Real Peachez, Peachez",Unknown,Caucasian
Cara Mell,"Colette, Xenia Caramell, Rena",Unknown,Caucasian
Isabella Clark,"Irina, Isabelle Clarke, Izobella Clark, Vendy",Unknown,Caucasian
Riley Jacobs,Unknown,Unknown,Caucasian
Cassandra Nix,Casandra Nix,Unknown,Caucasian
Candy Giada,Unknown,Unknown,Caucasian
Avril Sun,"Candy Love, Paulina Ulloa",Unknown,Caucasian
Olivia Nice,Unknown,Hungarian,Caucasian
Linet Slag,"Maya, Linette Thierno, Linet A, Linnet",Unknown,Caucasian
Rebeca Villar,Unknown,Brazilian,Black
Hadley Mason,Hadley Viscara,Unknown,Caucasian
Britney Stevens,"Brittney Stevens, Brittany Stevens",Unknown,Caucasian
Maddie Cross,Jennifer Cross,American,Caucasian
Julia Kyoka,"Julia Boin, Julia Cmore, Kaoru Miyako, Julia Oppai",Japanese,Asian
Sweet Ophelia,Unknown,Unknown,Unknown
Liana Luck,Elizabet A,Ukrainian,Caucasian
Odds Parker,"Ora Lynae, Ari Penx",American,Caucasian
Loren Minardi,"Lauren Minaldy, Lauren, Lauren Minardi",Unknown,Caucasian
Lara Frost,"Julia Reutova, Lora Palmer, Yuliya Reutova, Reuty Q, Mira Biliss, Liza Raykina, Juleeya Reutova",Ukrainian,Caucasian
Michelle Moist,"LadyBuzzKatt, Mistress Moist, Rachael Meyer",Unknown,Caucasian
Aimee Black,Unknown,American,Caucasian
Julia Roca,Paulina,Unknown,Caucasian
Hannah Brooks,Unknown,Unknown,Caucasian
Ahanu Reed,Unknown,American,Caucasian
Katia De Lys,Unknown,Unknown,Latin
Bethany Lily April,"Bethany Emsley, Beth Lily, Charlie B",Unknown,Caucasian
Ashley Wolf,Unknown,Unknown,Caucasian
Lola Chanel,"Evi Rai, Evi Rei",Unknown,Black
Arina Fox,Foxy Elf,Unknown,Caucasian
Tata Neesa,"Little Nice Fox, Sweet Julie, Neesa, Anna David, Kitty Cute, Batty B, Nessa",Unknown,Caucasian
Jaye Rose,"Jay Rose, Jessica Dawson, Jessica Davis, Rosie Jaye",British,Caucasian
Sandra Luberc,Kameya,Unknown,Caucasian
Susana Melo,"Suzanne Melo, Susan Melo, Suzana Melo",Unknown,Caucasian
Ayumi Shinoda,"Noriko Kikuchi, Kiko Kikuchi, Miki, Satsuki, Ami, Miwako Ikeda",Unknown,Asian
Linda Weasley,"Lina Mercury, Sabina",Unknown,Caucasian
Kate Rich,Maria B,Russian,Caucasian
Mira Sunset,Mira Varga,Unknown,Caucasian
Sofy Soul,"Sofy Torr, Sofy Torn",Unknown,Caucasian
Candy Scott,Unknown,Unknown,Caucasian
Ramona Lapiedra,Unknown,Spanish,Latin
Lily Glee,Unknown,American,Caucasian
Ainslee Divine,Unknown,Unknown,Caucasian
Tera Joy,"Tera Voy, Sweet Teresa, Terra Joy, Tereza Sweet, Sweet Rita",Unknown,Caucasian
Victoria Blaze,"Gianna, Vikky, Florencia, Viktoria Blaze, Viky Sapphic, Sabrina, Victoria B",Czech,Caucasian
Charlotte Queen,Ashley Lopez,Venezuelan,Latin
Ryder Skye,"Ryder Sky, Rider Skye",American,Asian
Lana Ray,"Lana Roy, Lana Rey, Giselle, Galina, Nakita Star, Lana Rat",Unknown,Caucasian
Billi Bardot,Holly Hale,Unknown,Caucasian
Stacey Robinson,"Scarlet, Scarlet Louise, Scarlet Martini, Scarlet Red",British,Caucasian
Belladonna,"Belladona, Bella Donna",Unknown,Caucasian
Anya Ivy,Sexxxy Ivy,American,Black
Candi Blows,"Lauren Starr, Ellie Rose",Unknown,Caucasian
Jenna Fireworks,Unknown,Unknown,Caucasian
Angela Haddie,Diana Dee,Unknown,Caucasian
Gabby Quinteros,"Gaby Quinteros, Mrs. G. Rollins, Gabby Q, Curious Gabby",Unknown,Latin
Avy Lee Roth,"Mrs. Roth, Avy Lee, Ivy Lee Roxxx, Avi Lee Roth, Avey Lee, Avy Roth",Unknown,Latin
Brandy Aniston,"Tatum Pierce, Brandi Bryant, Brandi Aniston",Unknown,Caucasian
Amy Douxxx,Unknown,Hungarian,Caucasian
Kate Anne,"Kate Anne Cooper, Kate-Anne Cooper",Unknown,Caucasian
Lizi Vogue,Unknown,Unknown,Caucasian
Devon Lee,Devyn Lee,Unknown,Caucasian
Valentina Ricci,Valentina Belge,Unknown,Caucasian
Rita Rush,"Luna Sweet, Rita Moor",Unknown,Caucasian
Angelica Cruz,Unknown,Unknown,Latin
Sophie Lynx,"Sophie Linx, Estea, Sophie C, Toronyosi Eszter",Unknown,Caucasian
Mason Moore,Miss Ryder,American,Caucasian
Nina Milano,Unknown,Unknown,Caucasian
Jessie Andrews,"Julie Helm Camp, Jessie Allure, Jessy Adrews, Jessie Edwards, Jessi Andrews",American,Caucasian
Karol Lilien,"Sarol Briana, Karol Joon, Carol Blonde, Samantha Joon, Dhenuska, Karol Orchid",Unknown,Caucasian
Cosima Dunkin,"Candace Hayes, Cosima Knight, Keira Nicole",Unknown,Caucasian
Naughty Alysha,"Alysha Morgan, Naughty Alysha Morgan",Unknown,Caucasian
Hailey Little,Unknown,Unknown,Caucasian
Candice Brielle,"Darina L, Darina Window, DaleeQ, Snezhka, Candice B, Alice Sweetest, Niky, Felicity, Darina Litvinova, Alice, Candy D",Unknown,Caucasian
Elen Million,"Iskra, Ellen Milion",Russian,Caucasian
Lera Buns,"Lera Feral, Valeria Lerochka",Russian,Caucasian
Angelina Lati,Mariana Flores,Unknown,Unknown
Sandra Romain,"Mistress Sandra Romain, Sandra Romaine, Sandra Maty, Mrs Romaine, Sandra Roman, Maria Popescu, Sandra Mertz, Marioara",Romanian,Caucasian
Jewell Marceau,Unknown,American,Caucasian
Ariana Aimes,"Julie Even, Ariana Ames, Georgia Ames",Unknown,Black
Layla Summers,Unknown,Unknown,Caucasian
Taylor Wilde,"Shantelle Taylor, San-Eye, Sensai, Shantelle Stevens",Unknown,Caucasian
Athena Rayne,Tina Rayne,American,Caucasian
Julianna Vega,Unknown,Unknown,Latin
Alexandra Targaryen,Unknown,Spanish,Caucasian
Charley Atwell,Charleya,British,Caucasian
Diana Lawrence,Unknown,Unknown,Unknown
Sophie Sparks,Unknown,Unknown,Caucasian
Allison Fox,Unknown,American,Caucasian
Jenaveve Jolie,"Jeneveve Jolie, Jenaveve Jolee, Jenavive, Jenavieve Jolie",Unknown,Latin
Sally D'angelo,Sally Dangelo,Unknown,Caucasian
Karli Brookes,"Karlie Brooks, Kharlie Brooks",Unknown,Caucasian
Tokyo Lynn,Unknown,Unknown,Latin
Faith Leon,"Faith Felucci, Faith Foxxx, Faith Leone, Faith Leigh, Tori Taylor",Unknown,Caucasian
Lenna Lux,Leena Lux,American,Asian
Emylia Argan,"Nikola Houdova, Nicoleta Emilie, Nicoleta Emile",Unknown,Caucasian
Ashlyn Molloy,Ashley Scott,Unknown,Caucasian
Yhivi,Xhivi Kim,Unknown,Caucasian
Elin Flame,"Elin Holm, Flame Firegirl, Elina Holm",Unknown,Caucasian
Crissy Moran,"Crissy M, Christina McMillan, Chrissy Moran, Chrissy Morgan",American,Caucasian
Victoria Zdrok,"Vic Zdrok, Victoria Nika Zelenetskaya",Unknown,Caucasian
Percy Sires,Unknown,American,Caucasian
Kitty Carrera,Unknown,Unknown,Latin
Tara Morgan,Unknown,Unknown,Caucasian
Janey Doe,Unknown,Unknown,Caucasian
Margarita C Peachy,"Olga, Elena, Angelica Palam, Julia, Mary Cameron, Peach B, Nastya, Ann, Danielle, Kate, Mary, Megan, Margarita C, Peach",Russian,Caucasian
Hollie Mack,Melissa Vail,Unknown,Caucasian
Dani Blu,Unknown,Unknown,Caucasian
Cassidey,"Paisley Adams, Bobbie Adore, Paizley Adams, Annie Bunze, Cassidey Rae, Annie Bunz",Unknown,Caucasian
Brittany Bliss,FTV Ariane,Unknown,Latin
Dee Dee Lynn,"RawrBabyX, RawrBabyXX, DeeDeeLynn, Dee Dee",Unknown,Caucasian
Amaris,"Kortney Y, Koko Amaris",Unknown,Caucasian
Candice Demellza,Candice Demelzza,Unknown,Caucasian
Cheyla Collins,Unknown,Venezuelan,Latin
Amber Ivy,AmberIvyxo,Unknown,Caucasian
Essie Got Back,"Essie Gotback, Esperanza",American,Latin
Barbie Nicole,"Skyler Nicole, Skyler Haze, Nicole Angele Raccagno",Unknown,Caucasian
Velvet Skye,Unknown,Unknown,Caucasian
Roxy Taggart,"Paula Boboul, Roxy Taggert, Adriana H",Unknown,Caucasian
Sophia Leone,Sophie Leone,American,Latin
Layla Sin,"Wendy, Layla Sinn, Laylla Sin",Unknown,Caucasian
Susza K,"Viva, Georgina, Polina Kadynskaya, Georgia, Susza",Ukrainian,Caucasian
Maisie Lewis,Unknown,British,Caucasian
Lady Buxxx,Unknown,Russian,Caucasian
Harmony Rivers,Unknown,Unknown,Caucasian
Kiko Baka,Unknown,Polish,Caucasian
Zara Ryan,"Devyn Lux, Kat Orian",Unknown,Caucasian
Layla Love,Unknown,Unknown,Caucasian
Lucy Pinder,Lucy Katherine Pinder,British,Caucasian
Lea Guerlin,Unknown,Unknown,Caucasian
Sami White,Unknown,Unknown,Caucasian
Amanda Tate,Unknown,American,Caucasian
Lexa Raider,Unknown,Unknown,Latin
Yuki Mori,Yukki Mori,Unknown,Asian
Karter Foxx,Karter Foxxx,Unknown,Caucasian
Cadey Mercury,"Cadence Page, Angel Rey",Unknown,Caucasian
Minnie Lighter,Unknown,Russian,Caucasian
Danielle Soul,"Anna Palatka, Danielle Rose, Dany, Lera, Daniella Margot",Unknown,Caucasian
Eve Bardot,Lexxi Lust,American,Caucasian
Selena Rose,"Sasha Bleu, Selena Santana, Sasha Collins",Unknown,Latin
Demi Morgan,Meg Foxie,Unknown,Caucasian
Serena Wood,"Doria A, Serena J, Sharlotta, Amelia",Ukrainian,Caucasian
Asha Heart,"RedSaffron, Emerald Goddess, Lucie H",Polish,Unknown
Andrea Retali,Unknown,Unknown,Latin
Pepper Kester,"Lacie, Pepper Gant",Unknown,Caucasian
Bibi Bugatti,Unknown,Unknown,Caucasian
Kaede Niiyama,Kaede Nitta,Unknown,Asian
Aika Hoshino,Unknown,Unknown,Asian
Brianna Brooks,Unknown,Unknown,Caucasian
Kelly Madison,Unknown,American,Caucasian
Anissa Jolie,Unknown,Unknown,Caucasian
Arya Stark,Alya Stark,Unknown,Caucasian
Camilla Creampie,Unknown,Unknown,Caucasian
Charlotte Cross,"Charlotte O'Ryan, Charlotte ORyan",Unknown,Caucasian
Bibi Jones,"Brittney Beth, Britney Maclin, Britney Grdina, Britney Beth",American,Caucasian
Lexa Reed,Unknown,Unknown,Unknown
Erin Star,Unknown,Unknown,Caucasian
Stevie Shae,"Stevie Shay, Blondie Boom",Unknown,Caucasian
Presley Dawson,"Pres Dawson, Daraley, Jody",Unknown,Caucasian
Holly Randall,Mia Holly Randall,Unknown,Caucasian
Madison Queen,Madison Quinn,Russian,Caucasian
Bella Vaunt,Unknown,American,Caucasian
Pepper Xo,Brooke,Unknown,Caucasian
Ola Ramona,Unknown,Ukrainian,Caucasian
Naudi Nala,"Aviana Lace, Naughty Nala",American,Mixed
Raven Hart,Raven Heart,Unknown,Caucasian
Avery Nona,"Ani Hyza, Marcela Gaona",Unknown,Caucasian
Jada Doll,Unknown,Unknown,Latin
Josephine James,"Jo Mason, Jo, Josephine Hadfield, Josaphine James, Collette, Jo Hadfield, Lady Josephine, Jo-Anne",Unknown,Caucasian
Angeline Red,Unknown,Unknown,Caucasian
Phoebe Blue,Unknown,Unknown,Unknown
Daphne Klyde,"Erika Black, Dafne, Dari, Erica, Dasha, Darya, Erica Black, Darya Y, Daria Black, Erica B",Ukrainian,Caucasian
Rua Morrigan,Unknown,Unknown,Unknown
Nikki Peach,Araz,Unknown,Caucasian
Annie Cruz,"Nicole Noodle, Anny Cruz, Annie Cruze, Kyra, Anne",Unknown,Asian
Halle Bailey,Unknown,Unknown,Black
Kinsley Eden,Kingsley Eden,Unknown,Caucasian
Jasmine Gomez,Unknown,Unknown,Latin
Violet Monroe,"Megan, Violet Raye, Violet Ray, Violet Vagnshaft",American,Caucasian
Michelle Maylene,Michelle Mayleen,Unknown,Asian
Bronze Goddess,"Sofia Hayes, Siren Eyes",American,Mixed
Lanny Barbie,"Lenny Barbie, Lani Barbie, Lannie Barby, Lannie Barbie, Lanni Barbie, Lani Barbi, Lanny Barby",Canadian,Caucasian
Lana Violet,"Lana Videl, Kita Lane, Lanaviolet Nubiles",American,Asian
Moka Mora,Moka FTV,American,Latin
Hanna Hilton,"Erica Carnahan, Hannah Hilton, Hana Hilton",American,Caucasian
Naomi Russell,"Nyomi, Naomi St. Claire, Naiomi, Nyomi Russell",Unknown,Caucasian
Alice Pink,Unknown,Unknown,Caucasian
Simone Sonay,"Simona Solay, Simone Soney",Unknown,Caucasian
Poppy Pleasure,Zhopka Sladkaya,Hungarian,Caucasian
Lilly Banks,"Lily Banks, Ashlie Oliver",Unknown,Caucasian
Dana Wolf,Unknown,Unknown,Caucasian
Sadie Swede,Unknown,Unknown,Caucasian
Liza Pinelli,"Raffaella Mori, Michelle, Lola, Liza Sandrelli, Lisa Pinelli, Reka",Hungarian,Caucasian
Carolina Cortez,Unknown,Unknown,Latin
Trixie Moore,Unknown,Unknown,Caucasian
Nela Decker,Unknown,Unknown,Caucasian
Penelope Reed,Pennie Reed,American,Latin
Deny Moor,"Charlie Angel, Diane Moore, Zuzana Presová, Tea Sky, Zuzana Pressova, Demi Moor",Czech,Caucasian
Shyla Stylez,"Shyla Styles, Amanda Auclair, Shyla Stylex",Canadian,Caucasian
Cassandra Calogera,"Arial Jordan, Busty Ariel, Katie Rabbett, Tania, Cassandra",Unknown,Caucasian
Sweet Hole,"Alita Angel, Leah Maus, Sweet Hale",Unknown,Caucasian
Rei Kitajima,Rei-maru,Unknown,Asian
Emily Thorne,"Danielle Rose, Emily Archy, Lola Fetucci, Lola Shine, Lola Shy",Unknown,Caucasian
Luna Silver,Aaeysha,Unknown,Asian
Melody Wylde,"Sweet X Melody, Melody FTV",Unknown,Asian
Lia Louise,"Talia Nesbit, Lou Nesbit",Unknown,Caucasian
Brea Bennett,"Brea Bennet, Naveah",Unknown,Caucasian
Harper Red,Unknown,American,Caucasian
Bianca Beauchamp,Unknown,Unknown,Caucasian
Kriss Kiss,Unknown,Russian,Caucasian
Kendra Secrets,Unknown,Unknown,Caucasian
Brenda James,Unknown,Unknown,Caucasian
Ms London,Unknown,Unknown,Black
Nikita Denise,"Nakita Denise, Denisa Balazova, Nikita Denice, Nikita Denisa, Nikia Denise",Unknown,Caucasian
Alexxa Vice,Lexxi Rocks,Unknown,Caucasian
Austin Kincaid,"Austin Kinkade, Austin Kinkaid, Mrs. Austin, Melissa Meadows, Ms. Austin, Veronica Knight",American,Caucasian
Raeley Love,Unknown,Unknown,Latin
Bella Elise Rose,"Bella Rose, Sydney Belle",Unknown,Caucasian
Xev Bellringer,Unknown,Unknown,Caucasian
Kanon Hisaki,Kanon Yamazaki,Unknown,Asian
Miriam Prado,Mariam Prado,Unknown,Caucasian
Khali Noire,Unknown,Unknown,Latin
Misty Quinn,"Kosame Dash, Andreina Simet",Unknown,Latin
Adele Unicorn,"Sandra Polakova, Adelle Unicorn",Czech,Caucasian
Isabella Lui,Isabella Livi,Unknown,Caucasian
Heather Bonanza,Unknown,Unknown,Unknown
Mia Miku,"MiaMikuVip ., Mia March",Unknown,Caucasian
Hannah Grace,Unknown,Unknown,Caucasian
Ariel X,"Sophie Serpentine, Ariel Carmine, The Assassin, Granada Hills, Ariel XXX",Unknown,Caucasian
London Laurent,Unknown,American,Caucasian
Brynn Tyler,Londyn Allison,American,Caucasian
Tanner Cruz,"Carmen Knoxx, Arabella Noelle",Unknown,Caucasian
Darce Lee,"Manon Artek, Darcee Lee, Darcia Lee, Dadlee Lee",Hungarian,Caucasian
Gabi Gold,Unknown,Unknown,Caucasian
Chloe Marie,Shannon Glavin,Unknown,Caucasian
Tiffany Thompson,"Tiffany Love, Tiffany TSC, Samie Hedges, Tiff Love",Unknown,Caucasian
Miranda Miller,Unknown,American,Caucasian
White Wave,"Whitewave, Agnes V",Unknown,Unknown
Leyla Black,"Janet Arquez, Laura Reyes, Laurita Lapiedra, Lauren Reyes, Jenet Arquez",Unknown,Caucasian
Anastasia Black,Samantha Grant,Unknown,Caucasian
Lily Steele,Unknown,Unknown,Caucasian
Melany Mendes,Melany Mendez,Unknown,Caucasian
Eva Yi,Unknown,Unknown,Asian
Sierra Sanders,Sierra Miller,Unknown,Caucasian
Kiarra Kai,"Kiarra Nava'Hoe, Kiarra Navahoe, Kiarra Moon, Kiarra Nava Hoe, Kierra Kai",Unknown,Latin
Sarah Shevon,Sara Shevon,Unknown,Caucasian
Kitti Milkgore,"Porcelain Flesh, Hanna Wullum, Milkgore",Unknown,Caucasian
Owl Crystal,Chloe Brekkingonnell,Russian,Caucasian
Gina Devine,Nikita,Unknown,Caucasian
Mia Sollis,"Margy, Lynette",Unknown,Caucasian
Arish Lamborghini,Unknown,Unknown,Caucasian
Yuuka Tsubasa,"Chika Wakasugi, Yuka Tsubasa",Unknown,Asian
Tiffany Rayne,"Stacy, Angie Deniro",Unknown,Caucasian
Ariana Shine,Ariana Shaine,Unknown,Caucasian
Anetta Keys,"Aneta Å mrhovÃ¡, Aneta Brawn, Aneta Keys, Aneta Smrhova, Cindy Sweet, Aneta Ã…Â mrhovÃƒÂ¡",Czech,Caucasian
Jamie Foster,"sally mullins, Clare Fonda",British,Caucasian
Alex More,Alex Moore,Unknown,Caucasian
Jeny Smith,the Sexy Thing Jeny,Unknown,Caucasian
Em Yang,Unknown,Unknown,Unknown
Taylor Rain,Nikki Star,Unknown,Caucasian
Kate Marie,Unknown,Unknown,Caucasian
Mandy Bright,"Mrs. Bright, Mandy Bryght, Mandi Bright",Unknown,Caucasian
Caprice Jane,Unknown,Unknown,Caucasian
Emma Evins,"Emma O'Hara, Emma OHara",Unknown,Caucasian
Francesca Felucci,"Francesca Ferucci, Francesca Ferruci, Fiorella Seada, Francesca Fellucci, Francesca Felneel, Francesca Felluci",Unknown,Caucasian
Jade Luv,Unknown,Unknown,Asian
Slay Kay,Unknown,Unknown,Latin
Tania Amazon,Amazon,Unknown,Caucasian
Angel Allwood,Angela Allwood,Unknown,Caucasian
Queti Revello,Unknown,Unknown,Unknown
Mia Murkovski,Unknown,Unknown,Unknown
Alexa Grace,Unknown,Unknown,Caucasian
Cyrstal Rae,"Cyrstal Ray, Crystal Rae",Unknown,Caucasian
Jacky Joy,"Justine Mensch, Jackie Joy, Jackie Jay, Jack Joy",Unknown,Caucasian
Kirsten Fog,Unknown,Unknown,Unknown
Lindsey Olsen,Lena Shy,Unknown,Caucasian
Abigaile Johnson,"Abagail Johnson, Spunky Bee, Abigail Johnson",Unknown,Caucasian
Amber Chase,Mandy Mainvein,Unknown,Caucasian
Alina Angel,Unknown,Iraqi,Mixed
Adel Bye,"Suzie, Mia Sun, Adella, Virginy Adel, Mary Lane, Alina Vita, Olisa, Ordi, Adele Virgin, Virgin Adel",Unknown,Caucasian
Carla Morelli,Unknown,Colombian,Latin
Monique Woods,Unknown,Unknown,Caucasian
Mandy Flores,"My Mandy Girl, Mymandygirl",Unknown,Caucasian
Iris Kiss,Iris Kiss Kiss,Unknown,Caucasian
Margot Dulac,Lana Athena,Unknown,Caucasian
Robbin Banx,"Zoe Gregory, Zoe Gregory-Paul",British,Caucasian
Joey White,Unknown,Unknown,Caucasian
Kourtney Love,Tatiana Alvarez,Colombian,Latin
Marina Juicy Blonde,Unknown,Unknown,Unknown
Asia Rivera,Asia Oakley,Unknown,Asian
Gina Barrett,Unknown,Unknown,Caucasian
Mary Moody,Unknown,Unknown,Caucasian
Cherry Torn,Unknown,Unknown,Caucasian
Tiffany Rousso,"Tifanny Russo, Tiffany Rousse, Tiffany Rosso, Tiffany Russo, Tifany Russo",Unknown,Caucasian
Nyx Baltimore,Nyx Monroe,Unknown,Caucasian
Ms Yummy,"Alexia Phillips, Alexia Elaine, Ms. Yummy",Unknown,Black
Ana Ribera,"Anita Ribera, Anna Rivera",Spanish,Latin
Talulah Mae,Unknown,Unknown,Unknown
Kaia Kanepi,Unknown,Unknown,Caucasian
Serpente Edita,"Alice Feline, Alice Marshall, Verka Kalancha",Unknown,Caucasian
Irish Essie,"Essie Gilligan, Essie Quinn","Irish, British",Caucasian
Gabriella Ford,Unknown,Unknown,Latin
Jackie Rogen,Unknown,Unknown,Latin
Gracie Green,"Gracie May, Gracie May Green",Unknown,Caucasian
Christy Ley,Unknown,Unknown,Unknown
Lily Fatale,Unknown,Unknown,Caucasian
Katja Kassin,"Kayla Kassin, Ute Ebert, Katja Kassen, Katja Kassan, Katja Kassim",Unknown,Caucasian
Mary Carey,"Mary Cary, Marey Carey, Mary Ellen Cook",American,Caucasian
Jordyn Falls,Unknown,Unknown,Black
Avy Scott,"Avril Scott, April Scottt",Unknown,Caucasian
Candy Sweet,"Jacqueline, Toka Sparnem, Candy C, Candy O, Candy Sweet C, Sweet Candy",Unknown,Caucasian
Morgan Moon,"Corinna, Michelle, Michaela, Michi, Kayleigh Montijano, Michi Moon, Morgane, Misa, Miah",Unknown,Caucasian
Kate Jones,"Katerina Svedova, Donna Klara, Kate Johes, Kathy Jones, Kate Johnes, Kate Vonep",Unknown,Caucasian
Apryl Rein,Unknown,Unknown,Caucasian
Victoria Casanova,Unknown,Unknown,Unknown
Britney Spring,"Camilla, Anna Kinsky, Britney S, Brittany Spring, Annie, Brittany, Sima, Alisa, Chennin, Madeleine Dixon",Unknown,Caucasian
Elise Graves,Unknown,Unknown,Caucasian
Little Angel,Unknown,Unknown,Caucasian
Zoe Doll,"Soraya Alcala, Zoey Doll",Unknown,Caucasian
Koda Monroe,Lola Bunny,Unknown,Unknown
Vega Vixen,"Liza, Zsanett Egerhazi, Zsanett, Sandy Fantasy, Sandy Zsanett, Jary Valentine, Abbie, Zsannette, Tonya, Sandy E, Femke, Jane, Sandy A, Zsanett Ã‰gerhÃ¡zy, Femke A",Unknown,Caucasian
Daphne Rosen,"Daphen Rosen, Daphne DDD",Unknown,Caucasian
Sabrisse Aaliyah,Sabrisse Fox,Unknown,Caucasian
Elena Lux,Unknown,Hungarian,Caucasian
Lucia Fernandez,"Luci Boobs, Lucia Pechotes, Lucia la Pechotes, Lucie Fernandez",Spanish,Latin
Lea Pam,"Léa Pam, P.A.M Léa, Léa PAM",French,Caucasian
Ruby Walker,Unknown,Unknown,Unknown
Corinna Blake,"Taylor Lee, Corinne Blake, Corrina Blake",Unknown,Caucasian
Azzy Star,Unknown,Canadian,Caucasian
Stacy Jay,Unknown,Unknown,Caucasian
Whitney Conroy,"Ines Rozehnalova, Nessy Nesso, Nessy Wild",Czech,Caucasian
Ricki Rose,Unknown,Unknown,Unknown
Stella Bliss,Amelia Bae,Russian,Caucasian
Melissa Debling,Melissa D.,Unknown,Caucasian
Alina Foxxx,Alina Fox,Ukrainian,Caucasian
Julie Jess,Unknown,Unknown,Caucasian
Charma Kelley,"Charma Kelly, Amber Herd, Ruby Redbottom",Unknown,Caucasian
Natalie Monroe,Unknown,Unknown,Caucasian
Audrey Holiday,Aubrey Holiday,Unknown,Caucasian
Dolly Leigh,FTV Alana,Unknown,Caucasian
Penny Lee,Unknown,Unknown,Caucasian
Subgirl,SubGirl0831,American,Caucasian
Luiza Marcato,Unknown,Unknown,Latin
Caylian Curtis,"Kathy Birch, Cari, Katy Lee, Katerina Stankova, Kitty, Kateriny Stankove, Caylan Curtis, Kathy Lee, Carylian Curtis, Caylin",Unknown,Caucasian
Larissa Leite,Leticia Leite,Unknown,Caucasian
Deva Cassel,Unknown,Unknown,Unknown
Natasha Lyonne,Natasha Bianca Braunstein,Unknown,Caucasian
Maya Rose,Unknown,French,Caucasian
Foxy Slave,Aura Sin,Unknown,Unknown
Stella Paint,Unknown,Unknown,Caucasian
Ashlyn Rae,"Miley, Ashlynn Rae",Unknown,Caucasian
Sammie Rhodes,"Sammy Rhodes, Laura Fisher, Sammi Rhodes",Unknown,Caucasian
Mirari Hub,Unknown,Russian,Unknown
Aruna Aghora,"Aruna Achora, Assoli, Daryl Croft",Russian,Caucasian
Alice Wonder,Serafina,Unknown,Caucasian
Ariel Grace,Unknown,Unknown,Caucasian
Lil Missy,Lil Missy UK,Unknown,Unknown
Jasmine Waterfall,Unknown,Unknown,Caucasian
Suraya Ndia,Unknown,Unknown,Asian
Rainy Storm,Unknown,Spanish,Caucasian
Little Candy,"Little Kandy, Kandy Kors, Little Randy",Unknown,Caucasian
Lily Thot,Unknown,Unknown,Caucasian
Fallon West,Unknown,Unknown,Caucasian
Helena Locke,Unknown,American,Caucasian
Velicity Von,"Mrs. Von, Velecity Von, Felicity Von, Velocity Von",Unknown,Caucasian
Andi Anderson,"Andie Anderson, Andi Heart",Unknown,Caucasian
Brittney Skye,"Brandie Rae Rothwell, Britney Skye, Britany Skye, Brittaney Skye, Britany Sky, Brittany Skye",American,Caucasian
Mischa Brooks,"Jessica Malousek, Misha Brooks, Mischa Brookes",Unknown,Caucasian
Amber Deen,Unknown,Unknown,Caucasian
Angelina Brill,Unknown,Unknown,Caucasian
Stacy Silver,"Silver Stacy, Stacy Lovecock, Staci Silver, Dana Mandátová, Stacey Silver, Stacie Silver",Unknown,Caucasian
Angelik Duval,Angelique Duval,Unknown,Caucasian
Pamela French,"Pamela, Pamela Kayne",Unknown,Caucasian
Sophia Smith,Unknown,Unknown,Caucasian
Lulu Lush,Unknown,Unknown,Caucasian
Tais Mercedes,Unknown,Unknown,Caucasian
Liza Shay,"Pledge Alexis, Liza B, Dulce Young",Unknown,Caucasian
Sandra Shine,"Judit, Judith Devine, Leia Sid, Judit Dios, Judith Divine, Toni, Judy",Hungarian,Caucasian
Black Angel,"Sandra, Melanie, Marcella, Gabrielle Clayton, Melana, Angel Black, Angel B, Angel C., Salma, Sandra Q, Dark Angel, Ester",Unknown,Caucasian
Sammie Spades,Mandi Rhodes,Unknown,Caucasian
Jenn Lara,Unknown,Unknown,Latin
Susanna Glam,Unknown,Unknown,Caucasian
Emma Anturin,Emma_Anturin,Unknown,Latin
Rachel Rose,Maria Sanchez,Unknown,Latin
Skylar Green,Skyler Green,Unknown,Caucasian
Malisa Moir,"Rose Blonde, Malisa Moire, Rose Blond, Bronislava Jatiova, Rose Delight, Veronika Ruzickova, Silver Moon, Rose, Belinda",Unknown,Caucasian
Karina Oblepihova,"GrabFuck, Doll Hole, DollHole",Russian,Caucasian
Stephanie Moon,"Sweet Moon, Stefany A, Stefany Nubiles, Stefanie Moon",Unknown,Caucasian
Bruna Santos,Unknown,Brazilian,Latin
Devil Khloe,Natalia Valencia,Colombian,Latin
Sloan Rider,Unknown,Unknown,Caucasian
Madlin Moon,Unknown,Unknown,Caucasian
Lilit Ariel,"Ariela, Lillianne",Unknown,Caucasian
Cherry Devivre,Unknown,Russian,Caucasian
Sandy Sweet,Sandee Sweet,Unknown,Latin
Delotta Brown,Delatta Brown,Unknown,Black
Roma Amor,Roma Love,Chilean,Latin
Alexia Rae,"Rae Alexia, Raeleen Ryder",American,Caucasian
Eva Tender,Unknown,Unknown,Caucasian
Brandi Johnson,Unknown,Unknown,Caucasian
Marria Leeah,Unknown,Unknown,Unknown
Tami Fruit,Julie Bernal,Argentinean,Caucasian
Claudia Adams,"Alena Fisher, Claudia Jaimes, Monica Baal, Claudette, Andrea Black, Cheril Benz",Unknown,Caucasian
Samantaa Lee,Unknown,Colombian,Latin
Nicol Mandorla,Lady Diana,Unknown,Caucasian
Madeline Amour,Unknown,Unknown,Caucasian
Ali Harper,Unknown,Unknown,Unknown
Xstacy Milam,Unknown,Unknown,Unknown
Abella Anderson,"Amy Quesada, Anna, Latina Ruvi, Amy",Unknown,Latin
Lulu Love,"Domino, Lullu Love",Unknown,Caucasian
Isabella Swan,Unknown,Unknown,Unknown
Kitty Cashew,KittyCash3w .,British,Caucasian
Nikki Brooks,Victoria Cruz,Unknown,Caucasian
Madison James,Unknown,Unknown,Caucasian
Liz Rainbow,"Lia Rainbow, Liz C",Spanish,Caucasian
Brandi Bae,Unknown,American,Caucasian
Alexa Chains,Unknown,Unknown,Unknown
Jeny Baby,"Jennifer West, Jenny Baby",Unknown,Caucasian
Asuka A,Unknown,Unknown,Asian
Andy San Dimas,"Rock Christina, Dexey Paige, Sarah Joelle, Andie San Dimas, Sarah Joelle Hildebrand, Becky Black, Andy Sandimas, Andi Love, Inked Andi, Andi Crush",Unknown,Caucasian
Nadia Styles,"Naudia Styles, Nadia Stylers, Nadia Stylz, Nautia Styles, Nadia Apples, Nadia Nakasaki, Ryan Fuentes",Unknown,Latin
Milena D,"Milenna Rebrik, Milena Angel",Unknown,Caucasian
Alysson Sterling,Unknown,Unknown,Caucasian
Lady Olivia Fyre,"Goddess Fyre, Lady Fyre, Olivia Fyre",Unknown,Caucasian
Mia Rider,"Mia Ryder, Alexis Lee, Kim Monroe, Alexis Monroe",Unknown,Asian
Sonya Sweet,"Sonia Sweet, Soniy Sweet",Russian,Caucasian
Josie Tucker,Unknown,Unknown,Caucasian
Titi Ramone,Unknown,American,Caucasian
Megan Winters,Unknown,American,Caucasian
Bella Maree,Unknown,Unknown,Caucasian
Maria Nagai,Kashiwagi Kurumi,Unknown,Asian
Mischel Lee,"Tereza Slavikova, Michaela",Unknown,Caucasian
Kay Jay,"Jessica Tolyda, Kay J",Ukrainian,Caucasian
Amber Addis,"Amber Flamme, Amber Hayes",American,Caucasian
Bobbi Shay,Unknown,Canadian,Caucasian
Jessie Simmons,"Niky Thepair, Sandra Drake",Unknown,Caucasian
Lenis Diamond,Unknown,Colombian,Latin
Eliza Jane,Unknown,Unknown,Caucasian
Leda Elizabeth,Leda Bear,Unknown,Caucasian
Lolli Jones,Unknown,American,Caucasian
Kaylee Haze,"Kaylee Nicole, Kylie Nicole",Unknown,Caucasian
Annabelle Rogers,Annabelle Cums,Unknown,Caucasian
Matti Mars,Unknown,American,Caucasian
Delta White,Unknown,Unknown,Caucasian
Lena Cova,Sarah Young,Unknown,Caucasian
Kanon Ohzora,"Ozhora Kanon, Kanon Ozora",Unknown,Asian
Christina Shmidt,"Christina Schmidt, Melissa Mane, Aurora A., Christina Smith",Unknown,Caucasian
Kitt Jones,Unknown,American,Caucasian
Lila Moss,Unknown,Unknown,Caucasian
Monika Akai,Unknown,Unknown,Unknown
Ricki White,"Melissa Copen, Rikki White, Riki White, Ricky White",Unknown,Caucasian
Nova Flame,Unknown,American,Caucasian
Staci Carr,Staci Karr,Unknown,Caucasian
Nadia Noja,Unknown,Unknown,Caucasian
Mila Ex,Unknown,Unknown,Caucasian
Tracy Gold,"Morgane Tyler, Noleta Nubiles, Tracey Gold",Unknown,Caucasian
Amber Stars,"Monique Symone, Amber Star",Unknown,Black
Milana Blank,Unknown,Russian,Caucasian
Alisha Martinika,Avrora Lacosta,Unknown,Caucasian
Darryl Hanah,"Darryl Hannah, Daryll, Mrs. Deryl, Darryl, Daryl",Unknown,Caucasian
Holly Wood,Hot Ass Hollywood,Unknown,Caucasian
Adel Asanty,Adel Asanti,Unknown,Caucasian
Sofi Adam,Sofi Rose,Unknown,Caucasian
Nikki Waine,Nikki Wayne,Unknown,Caucasian
Sofia Siena,Adona,Unknown,Caucasian
Dulce Maylene,Unknown,Unknown,Caucasian
Kourtney Rae,Unknown,American,Caucasian
Kendall Black,Unknown,Unknown,Caucasian
Sherezade Lapiedra,Unknown,Unknown,Latin
Malena Morgan,Unknown,Unknown,Caucasian
Tia Layne,"Tia Lane, Nicola Layne",Unknown,Caucasian
Nicole Skirts,"KNicoleDZ, NicoleSkirts, KaylaFx",American,Caucasian
Rizzo Ford,Unknown,Unknown,Caucasian
Anna Sugar,Sugar Ann,Unknown,Caucasian
Cayenne Klein,Kayenne Klein,Unknown,Caucasian
Caramella Del X,Caramella XXX,Unknown,Latin
Uptown Bunny,Unknown,American,Caucasian
Orla Melissa,Unknown,Unknown,Caucasian
Kortney Kane,"Kourtney Kane, Hanna K, Courtney Kane",Unknown,Caucasian
Brook Logan,Princess Brook,Unknown,Caucasian
Sage Teller,Unknown,Unknown,Unknown
Nami Lee,Unknown,Japanese,Asian
Katsuni,"Celine Joelle Tran, Katsumi",Unknown,Asian
Rei Sky,Unknown,Unknown,Latin
Princess Emily,Unknown,American,Black
Norah Nova,Shortie Breeze,Unknown,Caucasian
Gia Smith,Gia Rosse,Unknown,Latin
Capri Anderson,"Stella Costanza, Alexis Capri",Unknown,Caucasian
Brianna Love,"FTV Brianna, Briana Love, Brianna Luv",Unknown,Caucasian
Mia Stone,"Illona Karups, Mia Luv, Mia Johnson, Ellie, Ilona, Mia Jonson",Unknown,Caucasian
Monica Sage,Unknown,Unknown,Asian
Lisa Lee,"Lisa DeMarco, Lisa De Marco, Lisa Reynolds",Unknown,Caucasian
Madi Laine,Unknown,Unknown,Asian
Marta Villalobos,Martha Villalovos,Spanish,Caucasian
Alison Avery,Unknown,Unknown,Caucasian
Lissa Aires,Unknown,Unknown,Latin
Solomia Maievska,Unknown,Ukrainian,Caucasian
Lullu Gun,Lulu Gun,Unknown,Caucasian
Kendall Kayden,Unknown,Unknown,Caucasian
Kitten Latenight,Unknown,Unknown,Caucasian
Malibu,Malibu Barby,Unknown,Caucasian
Lisa Sparkle,"Lisa Sparker, Liza Sparkle, Kinga Black, Kinga Varga, Lisa Sparlk, Kinge, Lysa, Varga Kinga",Unknown,Caucasian
Merry Pie,"Patricya L, Maria Pie, Patritcy A, Dunja Kazimkina",Unknown,Caucasian
Abby Mccoy,Unknown,Unknown,Caucasian
Mai Ly,"Touch Mai, Mia Lynn, Erin Virgin, Mia Melons, Tiny Mia, Mai Fantasy, Mia Crush, Cute Cindy, Maily Chung",Unknown,Asian
Yasmine De Leon,"Feisty Pinay, Jasmine Deleon",American,Black
Kat Knife,Unknown,Unknown,Unknown
Ivy Rose,Unknown,Unknown,Caucasian
Jolie Noir,Unknown,German,Caucasian
Midia,Unknown,Unknown,Unknown
Lyric Sky,Unknown,American,Black
Elfa Floria,Unknown,Unknown,Caucasian
Kessie Shy,Kessy Shy,Unknown,Caucasian
Amy Brooke,"Amy Brooks, Heather Schlosser",Unknown,Caucasian
Zimra Geurts,Unknown,Dutch,Caucasian
Michu Wars,HelloMichu,Unknown,Caucasian
Jana Cova,"Jana Kova, Yana Cova, Jana Oujeska, Jana F",Unknown,Caucasian
Candace Von,"Canadace Von, Candice Von, Canace Von",Unknown,Black
Daisy Ducati,"Tina Trousersnake, Nikki Lux",Unknown,Black
Jenny Manson,"Janny Manson, Jenny Mason",Unknown,Caucasian
Angel Del Rey,Angel Del Ray,Unknown,Latin
Valentina Bianco,Unknown,Unknown,Caucasian
Kate Kennedy,Kate Kenzi,Unknown,Caucasian
Alicia Lacao,"Alicia Lacao-Green, Liss Makeup, Liss Dolledup",British,Caucasian
Kaya Knight,Unknown,Unknown,Asian
Lil Karla,Unknown,Unknown,Caucasian
Mencia Francis,"Mensia Francis, Mercia Francis",Russian,Caucasian
Marie Leone,Marie Lorne,Unknown,Black
Madison Scott,"Madison Star, Crystal Hayden",American,Caucasian
Heidi Romanova,"Adel O, Vanessa, Heidi R, Adel, Adel C, Heidi Rom",Unknown,Caucasian
Lama Grey,Lama HiYouth,Russian,Caucasian
Sabrina Spice,Stefi Grass,Romanian,Caucasian
Roxy Raye,Roxy Ray,Unknown,Caucasian
Jenny Fer,Jenny Ferri,Unknown,Caucasian
Mandi May,Unknown,American,Mixed
Jericha Jem,Sylvie,Unknown,Latin
Bella Rossi,"Brenda BatterRam, Tiffany Rocks",Unknown,Caucasian
Natalie Hawke,Unknown,Unknown,Unknown
Ann Marie La Sante,Annmarie Lesante,Unknown,Caucasian
Evelyne Foxy,"Evelyn Foxy, Evelin, Eveline Foxy, Evelyne",Unknown,Caucasian
Sasha Zima,Diana,Unknown,Caucasian
Devyn Heart,Unknown,Unknown,Latin
Jaymee Green,Unknown,Unknown,Black
Milana Angel,Little Angel,Unknown,Caucasian
Erika Bellucci,"Erica Belluci, Gerta",Unknown,Caucasian
Dominique Palermo,Unknown,Italian,Caucasian
Briar Rose,Unknown,Unknown,Caucasian
Hanna Shaw,Hannah Shaw,Unknown,Asian
Lil Karina,"Karina Lin, Lea Mini, KarinaLil, LilKarina",Kazakhstani,Asian
Jamie Valentine,"Jasmine Valentine, Jaime Valentine",Colombian,Latin
Elle Rose,Jessie Jay,Unknown,Caucasian
Alice Frost,Lucy Blaze,Unknown,Caucasian
Melissa Pitanga,"Melisa Kioto, Camila, Mila Pitanga, Camila Pitanga, Melisa",Unknown,Latin
Sara Stone,"Charlotte FTV, Sarah, Sara Next Door, Sarah Stone",American,Caucasian
Lera Murr,Unknown,Unknown,Caucasian
Brooklyn Springvalley,Unknown,American,Caucasian
Laura Dickens,"Sheryl Blossom, Sheril Blossom",Unknown,Caucasian
Aspen Romanoff,Unknown,Unknown,Caucasian
Hadiya Honey,Unknown,American,Mixed
Ines Cudna,Inez Cudna,Unknown,Caucasian
Honey Demon,"Honey Diamond, Honey Damon",Romanian,Caucasian
Ally Cooper,Unknown,Unknown,Caucasian
Jennica Lynn,Zorrosteaser,Unknown,Caucasian
Minni Joy,Norah Juliette,Australian,Latin
Aria Alexander,Sasha Nexx,Unknown,Caucasian
Persia Pele,Rose Bancroft,Unknown,Caucasian
Candy Red,"Candy P, Amy Ledenez",Unknown,Caucasian
Agnia Mo,Unknown,Unknown,Caucasian
Babi Star,Unknown,American,Latin
Christine Roberts,"Krisztina Bella, Kristina Bella, Sandy Wolf, Cristina Bella, Christina Nurse, Krisztina Szegedi, Patty Taylor, Sari Monella, Szegedi Bella, Christina Bella",Unknown,Caucasian
Milena Devi,"Milena D, Ilona C",Unknown,Caucasian
Sexy Venera,Unknown,Unknown,Caucasian
Emily Kae,"Emily Kai, Emily Kaie, Alex Gameson, Emily Karl, Amanda",Unknown,Caucasian
Winnafred Flurry,Unknown,American,Mixed
Amelie Belain,Ulysse,Unknown,Caucasian
Delilah G,"Natalie Andreeva, Annabell Danica, Natalia Andreeva, Natali Andreeva, Danica Jewels, Natalya Nemchinova",Russian,Caucasian
Nelly Sullivan,"Nelli Sullivan, Zara, Nellie, Nelly Sulivan, Stella Moran, Myra Orlovskaya",Unknown,Caucasian
Mone Divine,"Monet Devine, Marcia Devine, Monet Divine, Mone Devine",Unknown,Latin
Lesya Milk,Unknown,Unknown,Caucasian
Mimi Monet,Unknown,Unknown,Unknown
Leila Botwin,Unknown,Unknown,Caucasian
Gina Snow,Unknown,Unknown,Caucasian
Helena Hope,Unknown,American,Caucasian
Jade Skyy,Unknown,Unknown,Unknown
Pamela Morrison,Unknown,Unknown,Caucasian
Tacori Blu,"Jade JaDore, Jade J'adore",Unknown,Latin
Nagi Tsukino,"Rie Mizumitsu, Nana Shirai, Rei Suimitsu, Rei Minamitsu",Unknown,Asian
Laura Sweet,"Pussy-Babe18, Vlasta, Alexis Leone, Petra, Fabienne",Unknown,Caucasian
Daisy A,Unknown,Unknown,Caucasian
Yae Triplex,Unknown,Argentinean,Latin
Silvia Ruby,Silvia Rubi,Unknown,Caucasian
Dakota Pink,Unknown,Unknown,Caucasian
Alexis Rodriguez,"Alyssa Gadson, Miss Rican",Unknown,Latin
Alexxxis Allure,"Alexa Allur, Alexis Allure, Alexxis Allure",Unknown,Caucasian
April Blue,"Fanny Schidt, Little April",Unknown,Caucasian
Kimmy Olsen,Unknown,Unknown,Caucasian
Coralyn Jewel,Nikki Jewel,Unknown,Caucasian
Natasha White,Unknown,Unknown,Caucasian
Lillie Pie,Lil Pie,Unknown,Unknown
Payton Simmons,Unknown,Unknown,Caucasian
Addie Andrews,Unknown,American,Caucasian
Anastasia Knight,Unknown,American,Caucasian
Molly Cavalli,Innocent Eve,Unknown,Caucasian
Marina Maya,Unknown,Unknown,Caucasian
Maya Hills,"Mya Hills, Maia",Unknown,Asian
Honour May,Unknown,Unknown,Caucasian
Marta La Croft,Alexandra Sivroskaya,Unknown,Latin
Hope Howell,Unknown,Unknown,Caucasian
Calypso Muse,Tatiana Farnese,Unknown,Latin
Melisa Rose,"Melisa Most, Melissa Wenson, Dema",Unknown,Unknown
Tricia Oaks,"Trisha Storm, Trisha Bangs",Unknown,Caucasian
Queen Rogue,Unknown,Unknown,Latin
Kassie Lee,Unknown,Unknown,Unknown
Victoria Rose,"Veronika Rose, Veronica Rose, Victoria Rosse, Lil Sue, Tawnee, Zabine, Victoria Rossi",Unknown,Caucasian
Natasha Rios,Unknown,Brazilian,Latin
Vile Vixen,Unknown,Unknown,Caucasian
Emily Brix,Unknown,Unknown,Caucasian
Vanessa Lane,Kristen Marie Sturdevant,Unknown,Caucasian
Jesse Jane,Mistress Cindy Taylor,American,Caucasian
Megumi Haruka,"Yuuko Inoue, Saki Suzuki, Miyabi Takahara",Unknown,Asian
Aleksandrina,Aleksandrina Avgeadod,Russian,Caucasian
Terry Nova,Busty Terry,Czech,Caucasian
Gabriella Daniels,"Lilly, Gabriela, Gabriela Daniels, Liliya, Gabriela Stevenson, Lilly Spak, Gabriella D, Liliana, Lily, Gabriella Danielsova",Unknown,Caucasian
Riley Mae,Unknown,Unknown,Caucasian
Diana Verhiniz,Kitty Sun,Unknown,Unknown
Kathy Lee,"KathyLee Bans, Kathy Lee Bans",Colombian,Latin
Vina Rae,Unknown,Unknown,Unknown
Gracie Bon,Unknown,Panamanian,Latin
Selena Triss,Unknown,Unknown,Caucasian
Cristi Ann,Unknown,Unknown,Latin
Lexi Stone,"Angela McLin, Traci Tripod",Unknown,Caucasian
Dolly Fox,Unknown,Unknown,Caucasian
Nina Dolci,"Stuttering Nina, Naughty Nina",Unknown,Caucasian
Brooke Tyler,Alexa Brooke,Unknown,Caucasian
Flamy Nika,"Flame Nika, Nika Flamy, Juliette Bellamy",Russian,Caucasian
Alexandra Daddario,"Alex Daddario, Alexandra Anna Daddario",American,Caucasian
Shara Jones,"Wendy Moon, Zara Jones, Jana",Unknown,Caucasian
Megane Lopez,Unknown,Unknown,Caucasian
Shantel Feya,"Lora, Chantel Feya, Svetik, Mirabell, Sanda Q",Unknown,Caucasian
Annette Schwarz,"Annetta Schwarz, Annette Swartz, Anette, Annette Schwartz",Unknown,Caucasian
Sarah Sultry,Unknown,Ukrainian,Caucasian
Monroe Fox,Unknown,Unknown,Caucasian
Janyk Brones,Unknown,Unknown,Caucasian
Rose Sarinz,Unknown,Unknown,Unknown
Alexis Golden,Unknown,Unknown,Caucasian
Kendall Woods,Kendall Woodz,Unknown,Black
Lolly Ink,Lolly Foxx,Unknown,Caucasian
Lexi Layo,"Lexy Layo, Alice Peterson, Abigail Ash",Unknown,Caucasian
Ruka Kanae,Unknown,Unknown,Asian
Karly Baker,Neveah Snow,American,Caucasian
Emejota,Unknown,Spanish,Unknown
Tabitha Stevens,"Kelly M. Garrette, Tabatha Stevens",American,Caucasian
Natalie Lust,"Tori Lynn, Tori Gaines",Unknown,Caucasian
Amelia Li,Unknown,Unknown,Asian
Bella Angel,Unknown,Unknown,Caucasian
Lottii Rose,"Mia Jane, Delina G, Lottie Rose",Unknown,Caucasian
Jewels Vega,Unknown,Unknown,Caucasian
Empera,"Vladlena, Nicolette A, Jessy C, Lada, Vlada B, Vlada, Jessi Empera",Unknown,Caucasian
Perla Rubia,Unknown,Unknown,Caucasian
Verlonis,AlinaCuteBabe,Unknown,Caucasian
Brooke Paige,Brook Page,Unknown,Caucasian
Keilani Kita,Unknown,Unknown,Asian
Aria Logan,"Arian Logan, Minori",Unknown,Caucasian
Alexis Zara,Unknown,Unknown,Latin
Mila Marie,Unknown,American,Mixed
Barbara Bieber,Barbara Bieder,Unknown,Caucasian
Mia Huffman,Unknown,American,Latin
Kari K,"Ariana Lee, Kari Miller, Carrie C, Miroslava Kaprova, Alanis, Kari Milla, Kari Mila, Kara, Kary, Kari Sweets, Kari Sweet, Katherine",Unknown,Caucasian
Mariana Martinez,Mariana Martix,Unknown,Latin
Ava Nicks,"Anastas Christen, Anastasia Christen, Ava Dawn",Unknown,Caucasian
Ariel Tylor,"Ellis Baileys, Ilonka Csont, Mellissa ClubSeventeen",Unknown,Caucasian
Charlotte Lapiedra,Unknown,Spanish,Caucasian
Binky Baez,Binky Beaz,Unknown,Latin
Eden Sinclair,Eden Sin,Unknown,Caucasian
Atlantis Deep,"Blondie Australia, Aussie Atlantis",Unknown,Caucasian
Dania Vega,Unknown,Unknown,Latin
Melissa Grand,"Melissa Benz, Chantal, Melisa Benz",Unknown,Caucasian
Lynn Drew,Unknown,Colombian,Latin
Alice Kelly,Unknown,Russian,Caucasian
Lindsey Woods,Unknown,Unknown,Latin
Gia Vendetti,Unknown,Unknown,Latin
Ashton Blake,Unknown,Unknown,Caucasian
Charlotte Chanel,Unknown,American,Caucasian
Veronika J.,"Nicca, Renka, Anita, Annita, Aneta, Erica Lightspeed, Kyra, Anetta V, Vera, Daphne, Aneta J, Veronika, Nicca A",Unknown,Caucasian
Kristy Sea,Unknown,Unknown,Unknown
Devil Khloee,Unknown,Unknown,Latin
Valentina Rossini,"Belly Fontana, Defrancesca Gallardo, Gia L'Orenzo, Defrancesca Valentina, Gia Lorenzo",Unknown,Caucasian
Elena Generi,Unknown,American,Caucasian
Jenny Blighe,Unknown,Unknown,Caucasian
Satomi Nagase,Unknown,Unknown,Asian
Seltin Sweety,Selti Sweet,Russian,Caucasian
Anastasia Ocean,Emerald Ocean,Unknown,Caucasian
Mackenzee Pierce,"Mckenzie Pierce, MacKenzie Pierce, Mckenzee Pierce",Unknown,Caucasian
Stefani Marz,Unknown,Unknown,Caucasian
Isis Taylor,Classic,Unknown,Latin
Mayara Lopes,Mayara Secret,Brazilian,Latin
Adreena Winters,Unknown,Unknown,Caucasian
Paige Ashley,"Sophie Kirk, Ashley Page",Unknown,Caucasian
Bailey Brooks,Your Aubsome,Unknown,Caucasian
Megan Salinas,"Mercedez Pequeno, Megan Montero",American,Latin
Alona Bloom,Unknown,American,Asian
Fernie Warisa,Fernie,Thai,Asian
Lilith Grace,Unknown,American,Caucasian
Annasteisa Cherry,Unknown,Russian,Caucasian
Alby Daor,Unknown,Unknown,Caucasian
Eva Springs,Unknown,Unknown,Unknown
Keira Heart,Unknown,American,Caucasian
Bella Hunter,"AJ May, Jessica Rose",Unknown,Caucasian
London Reigns,London Reinas,Unknown,Black
Anastasia Treplev,"Anastasiya Treplev, Treplev, Anastasia Trepleff",Unknown,Unknown
Anita Blanche,"Kriss (spygasm.com), Anita Blanch (putalocura.com)",Unknown,Caucasian
Arteya,Arteya Dee,Unknown,Caucasian
Emma Fantasy,Emma Fantazy,Unknown,Caucasian
Cherry Apricots,Cherry Apricot,American,Caucasian
Karina Grand,Lana roberts,Unknown,Caucasian
Julie Vee,"Juliya, Juliya C, Vicca, Judy S, Halena, Halena A",Unknown,Caucasian
Kasey Miller,Daisy Lynne,Unknown,Caucasian
Samantha Alexandra,"Tiffany Wendy, Sam Alexandra, Sophie",Unknown,Caucasian
Ms Saigon,Ms Sexy Saigon,Unknown,Asian
Lucie Sin,"Klara, Andrea 2987, Riddy Red, Violet, Riddy, Lisa",Unknown,Caucasian
Raven Vice,Unknown,American,Caucasian
Jaimie Vine,Unknown,Unknown,Caucasian
Megan Maiden,Unknown,Unknown,Caucasian
Kyouko Maki,"Kyoko Maki, Maki Kyohko",Unknown,Asian
Greta Milos,"Eva Raso, Eva Blonde, Trisha Adams, Mariba Olkins, Eva Galios",Unknown,Caucasian
Nataly Ordoñez,"Naty Ordonez, Nataly Ordonez",Unknown,Unknown
Rikki Six,"Bailey Skye, Rikki Sixx",Unknown,Caucasian
Alana Rains,"ATK Alana, Alena Rains, Molly Ray",Unknown,Caucasian
Bella Rico,"Bendita Locura, Bella Rica, Rubi Rico",Spanish,Caucasian
Alisa Love,Unknown,Unknown,Caucasian
Alejandra Rico,Unknown,Colombian,Latin
Monica Sweetheart,"Monika Sweetheart, Monika Listopadova, Monika Rakoczyová, Monica Tore, Monica Sweetearth",Unknown,Caucasian
Avery Adair,Unknown,Unknown,Caucasian
Miss Amerika,Unknown,Unknown,Unknown
Gigi Silver,Unknown,Unknown,Unknown
Irina Dyvyn,Unknown,Unknown,Unknown
Cat Bangles,Unknown,American,Latin
Elle Tan,Unknown,Unknown,Caucasian
Madison Parker,"Medison Parker, Barbara Bonita, Isabel, Fröschl Zsanett, Stefany Honey, Isabel A, Zanett Froschl",Hungarian,Caucasian
Cindy Behr,Unknown,British,Caucasian
Angel Deluca,Unknown,Unknown,Caucasian
Anina Silk,"Tina Fox, Natasha Curle",Unknown,Caucasian
Heather Honey,Unknown,Unknown,Caucasian
Paulina Soul,Unknown,Unknown,Caucasian
Sweet Vickie,Unknown,American,Caucasian
Megan Coxxx,"Riva Jean Dyer, Alicia Foxx, Megan Cox, Wild Anna, Lola Lyx",Unknown,Caucasian
Johane Johanson,"Danica Devilla, Sasha Swift, Johane Johansson, Joanne Johansson",Unknown,Caucasian
Sindy Vega,"Cindy, Ilona, Lola",Czech,Caucasian
Abby Charles,Unknown,American,Caucasian
Mia Thonson,Katiuska,Unknown,Unknown
Melody Petite,Bella Rodriquez,Unknown,Latin
Ariana Reychers,"Ofelya Rubens, Larisa",Russian,Caucasian
Sia Florence,"Sia Florance, Vichka, Vicinke",Unknown,Caucasian
Mina Tran,Unknown,American,Asian
Daniela Ortiz,Unknown,Unknown,Latin
Anna Katz,Unknown,Russian,Caucasian
Emma Shay,Unknown,Unknown,Caucasian
Mia Ferrari,"Shelley Bliss, Sheylley Bliss, Shelly Bliss",Unknown,Caucasian
Giulia Wylde,Unknown,American,Caucasian
Anny Walker,Baby Anny,Unknown,Caucasian
Naughty Allie,Allie Chase,American,Caucasian
Axa Jay,"Axa Sawford, Axajay",Unknown,Caucasian
Jenny Doll,Unknown,Unknown,Caucasian
Lily Jordan,Unknown,Unknown,Latin
Allesandra Snow,"Alessandra Snow, Alli, Leann Larue, Alasandra Snow",Unknown,Caucasian
Mina Moreno,"Gina Ferocius, Gina Ferocious",Spanish,Latin
Nao Mizuki,"Wakana, Yui Mizukawa",Unknown,Asian
Ashli Orion,"Ashley Orion, Ashlii Orion",American,Caucasian
Megan Moore,Unknown,Unknown,Caucasian
Eva Parcker,Eve Parcker,Unknown,Caucasian
Roxanne Miller,Unknown,Unknown,Caucasian
Olya Seteykina,"Olga Seteykina, Lucy BB, Olha Seteikina, Montana Minx",British,Caucasian
Aida Sweet,"Zelda, Adia Sweet",Unknown,Caucasian
Tisha Sun,Unknown,Unknown,Unknown
Roxy Royce,Unknown,Unknown,Caucasian
Latex Lucy,Lucy Summers,Unknown,Caucasian
Violet Cox,Unknown,Unknown,Caucasian
Constance Devil,"Bianca Jordan, Jana Polnicka, Jana Pro, Jana Molto, Costance Devil, Katty Black, Sylvie Dreams",Unknown,Caucasian
Kylie Ray,Unknown,Unknown,Unknown
Dillion Carter,Unknown,Unknown,Caucasian
Felicia Clover,Unknown,Unknown,Caucasian
Yui Nishikawa,Unknown,Unknown,Asian
Emma Brown,"Margo, Heather., Emma J, Leda, Alice Moss, Jana Q, Emma Del Rey, Jana Q Leda, Ulia, Nora",Unknown,Caucasian
Wikki K,Unknown,Unknown,Unknown
Alyson Mystery,Unknown,American,Latin
Lexi Montana,Unknown,Unknown,Caucasian
Lauren Lively,Barbie Beach,American,Caucasian
Felicia Kiss,"Milka Gribok, Felicia Cuerpo",Unknown,Caucasian
Maria Jade,Marie Jade,Unknown,Caucasian
Yuffie Yulan,Unknown,Unknown,Caucasian
Raven Swallowz,"OHGirl, SexyOHGirl",Unknown,Black
Anaya Leon,"Aaliyah, Kaia Kane, Anaya Leone, Anaya Lee",Unknown,Caucasian
Victoria Peach,Victoria May,British,Caucasian
Mya Mays,Unknown,American,Black
Jessica Drake,Unknown,American,Caucasian
Nikki Fox,Nikky Fox,Unknown,Caucasian
Anabelle Pync,Ellie May,Unknown,Caucasian
Alika Penagos,Pris Angel,Colombian,Latin
Kimberly X,Unknown,Unknown,Caucasian
Caley Hayes,"Cali Hayes, Cali Kinley, Jessica Brown",Unknown,Caucasian
Rihanna Samuel,"Sandra Beránková, Rihanna Jamvel, Rihanna Vamuel, Rihanna Jamuel, Rihanna Samuels",Unknown,Caucasian
Laila Lust,Unknown,Unknown,Caucasian
Jessica Malone,Jessica Gold,Russian,Caucasian
Peneloppe Ferre,Unknown,Unknown,Caucasian
Cotten Rees,"Cotton Reed, Cotton Reedd",American,Caucasian
Denise Milani,"Denisa Milani, Denisa Krajíčková, Denise Trlica, Denisa Trlica",Unknown,Caucasian
Anna Rose,"Denisa Deen, Ana Rose",Unknown,Caucasian
Haizea Diamond,Unknown,Unknown,Unknown
Petra Blair,Unknown,Unknown,Caucasian
Stepsis Suzie,"Suzie Sparklez, Suzie Sparkle, Insane Suzie",Unknown,Unknown
Shay Sweet,"Kristy Lynn Castle, Kristy Castle",Unknown,Caucasian
Catie Minx,CateVicious,Unknown,Caucasian
Jarushka Ross,"Jaroslava, Jizella Ross",Unknown,Caucasian
Scarlett Domingo,"Scarlett Bcn, Scarlett D, Scarlet Domingo, Scarlett Dee, Scarlet Rebel, Mia Scarlett",Unknown,Latin
Vanilla Deville,"Janilla DeVille, Vanila Deville",Unknown,Caucasian
Advoree,Unknown,Unknown,Black
Taylor Ashley,Ashley Doll,Unknown,Caucasian
Ella Milano,Ela Milano,Unknown,Latin
Katie Lewis,Brooke Logan,Unknown,Caucasian
Lil Voss,"Lilia Zhuravska, Red Bird, Kayly Redbird, Lil Vos",Ukrainian,Caucasian
Cindy Crawford,Cynthia Lynett Crawford,Unknown,Caucasian
Medusa Porn,Medusa XXX,Spanish,Latin
Cristy Ren,Kristina Alexandrovna Gotfrid,Unknown,Caucasian
Kitana Flores,Jazmyn,Unknown,Latin
Layla Rose,Amelie TSC,Unknown,Latin
Lena Nicole,"Erika, Ashlyn Page, Ashlynn Jameson, Paris, Lena Shelby, Nicole Aston, Lena Sunshine, Ashlynn Rage, Leana",Unknown,Caucasian
Alice Fantasy,Alice Fernandez,Venezuelan,Latin
Samantha Flair,Unknown,Unknown,Caucasian
Zeynep Rossa,Zeynep Rosa,Unknown,Caucasian
Kennedy Kressler,Kennedy Kessler,Unknown,Caucasian
Carly Parker,"Carley Parker, Carli Parker",Unknown,Caucasian
Polly Doll,Unknown,Russian,Caucasian
Gauge,"Gauge White, Sally Gauge, Paige Gauge",Unknown,Caucasian
Rachel Love,"Rachael Love, Rachal Love",Unknown,Caucasian
Lily Chey,"Lily C, Kristina Aivazova, Lili, Lilii, Anastasia P, Anastasia Sia, Anastasia Panteleeva, NastyQ, Anastasia, Natalia E, Anat, Dominika, Raisa, Guerlain, Violetta",Unknown,Caucasian
Veronica Rayne,"Veronica Raine, Bunny Halifax, Mia East, Veronica Riene, Veronica Rain",Unknown,Caucasian
Irina Bruni,"Meggy, Ashley G, Dana C, Ashley B, Zaya, Irina O",Unknown,Caucasian
Rei Mizuna,"Mari, Shizuka Satonaka, Rei Makinami",Unknown,Asian
Dakota Skye,"Kota Sky, Dakota Doll",American,Caucasian
Nyomi Banxxx,"Nyaomi Banxxx, Naomi Banxxx, Naomi Banks, Naomi Bankxx, Naomi Knoxxx",American,Black
Regina Rich,"Jeanne Mathieu, Regina Mua",Unknown,Caucasian
Mary Jean,Maryjean,Unknown,Latin
Ren Nuisance,Unknown,American,Mixed
Diana Zol,"Adina @ Showy Beauty, Diana Z",Unknown,Caucasian
Leanna Sweet,"Leanna Love, Yasmine, Leanne Sweet",Hungarian,Caucasian
Sara Rich,"Veronica Rich, Lottie Mileva, Mia Parker, Mileva, Liloo Von",Unknown,Caucasian
Jessica Jaymes,Jessica James,Unknown,Caucasian
Celine Noiret,"Olivia Plum, Olivia Weston, Olivia Fezy",Unknown,Caucasian
Mila Milan,"Paola Ula, MilaMilanXXX",Austrian,Caucasian
Akira May,Unknown,Unknown,Caucasian
Sandra Sweet,"Sandra Meyer, Debi ., Sandra S",Unknown,Caucasian
Danielle Reid,Dani Reid,Unknown,Black
Ashley Pink,Ocean Pearl,Unknown,Black
Busty Ema,Unknown,Unknown,Caucasian
Vallerie White,"Valerie White, Valerie Sparks",Unknown,Caucasian
Kaiia Eve,Unknown,Unknown,Caucasian
Emily Crush,Unknown,Unknown,Caucasian
Sammm Next Door,SammmNextDoor,American,Unknown
Bethany Benz,Caviar,Unknown,Mixed
Kira Thorn,"Kira Torn, Kita Thorn, Kira Thorne, Zoya Glotka",Unknown,Caucasian
Sadie Blake,Elena Gilbert,Unknown,Caucasian
Jessica Moy,Unknown,Unknown,Latin
Lisa Amane,Unknown,Italian,Caucasian
Alyssa Cole,Unknown,Unknown,Caucasian
Adriana Sephora,"Kelly Collins, Adrianna Sephora",Brazilian,Latin
Paris Lincoln,Unknown,Unknown,Caucasian
Angel Black,"Alberta Blance, Lana Sweet",Unknown,Caucasian
Monika Wild,Monica Wild,Unknown,Caucasian
Briella Bounce,Mariah Kiss,Unknown,Caucasian
Erica Candfield,"Blondeee (OF), Erica (FTVgirls)",American,Caucasian
Alin Luxe,Unknown,Ukrainian,Caucasian
Lotus Lain,Unknown,Unknown,Black
Andy Adams,Unknown,Unknown,Caucasian
Haley Sweet,"Haley Sunshine, Haley Sweets, Hailey Sweet",Unknown,Caucasian
Kelsey Kage,Unknown,Unknown,Caucasian
Daria Zemskaya,"Cherry Vine, Sherry Vine",Unknown,Caucasian
Veronica Zemanova,"Veronica Seman, Veronika Schnetzlerová, Eva Zemanova, Veronika Zemanova",Czech,Caucasian
Jessyka Swan,Jessica Swan,Unknown,Caucasian
Simone Lopez,Nikki Chase,Unknown,Caucasian
Gina Lynn,Gyna Lynn,Unknown,Latin
Jill Kelly,"Seth Damien, Jill Kelley, Calista Jay, Jill Kennedy, Adrienne Moore, Seth Damian, Calista Jammer, Jill Roberts",American,Caucasian
Tiffany Cane,Tiffany Case,Unknown,Caucasian
Tanita,Unknown,Unknown,Caucasian
Mia Sanders,Unknown,Unknown,Caucasian
Salee Lee,Unknown,American,Asian
Thayana Babyy,Unknown,Unknown,Latin
Zoey Paige,Unknown,Unknown,Caucasian
Petra Karoshova,Unknown,Slovakian,Caucasian
Lola Rose,Unknown,Unknown,Caucasian
Deborah Bum,Unknown,Unknown,Caucasian
Allie Sin,"Naughty Nati, Alie Sin",Unknown,Caucasian
Cindy Carson,"Cindy Alone, Cindy Bubble, Cindy Loarn",Hungarian,Caucasian
Blake Wilde,Unknown,Australian,Caucasian
Viola Cami,"OnlyViola ., Viola Caimi",Unknown,Unknown
Serena Avary,Serena Avery,American,Caucasian
Mia Li,"Mai Li, Pauline Popsicle, Mia Little",Unknown,Asian
Laura Lion,"Black Queen, Yvette Boutillon, Lenka Prášilová, Laura Linn, Lenka Pr., Lenka Moskwitsch, Lenka Prasilova, Lenka Lyons, Laura Hon, Laura Lyon",Unknown,Caucasian
Ella Cruz,Unknown,Unknown,Latin
Gem Jewels,Unknown,Unknown,Mixed
Alexia Gold,Miss Gold,Unknown,Caucasian
Amy Green,"Amy G., Ammy Green",Unknown,Caucasian
Agness Miller,Agness Agneska,Unknown,Caucasian
Traci Lords,"Tracie Lords, Traci Elizabeth Lords, Nora Kuzma, Tracy Lords, Kristie Elizabeth Nussman",Unknown,Caucasian
Rose Red,Rose Red Tyrell,Unknown,Caucasian
Bianca Dantas,Unknown,Brazilian,Latin
Martina Mink,Unknown,Unknown,Caucasian
Holly Belle,"Lolly A, Candy Waist, Holly Anderson, Holly Pearce",Unknown,Caucasian
Kacey Quinn,Unknown,Unknown,Caucasian
Kitana A Demida,"Zeta D, Kitana A",Unknown,Caucasian
Brooke Jameson,Carmen Jay,British,Caucasian
Uma Zex,"Uma Thompson, Uma Sex, Uma Watson",Unknown,Caucasian
Farrah Dahl,Farrah Foxxx,American,Caucasian
Alessandra Miller,Unknown,Unknown,Latin
Ela Darling,Adela Anaconda,Unknown,Caucasian
Nikki Knightly,"Nikki Bloh, Lexy Rose",Unknown,Caucasian
Missy Monroe,"Missy Malone, Misty Monroe, Missy Lovely, Missy Monique, Missy Marie, Melissa Marie Brassell",Unknown,Caucasian
Katie Summers,Kati Summers,Unknown,Caucasian
Eli Tetona,Eli Molina,Unknown,Caucasian
Aimee Addison,"Julie Michel, Brenna Landis, FTV Lara, Justine Adams",Unknown,Caucasian
Hot Wife Rio,Rio Blaze,Unknown,Latin
Tahlia Paris,Tahlia Paris Polan,American,Caucasian
Fiery Lioness,Unknown,Unknown,Unknown
Calita Fire,Unknown,Unknown,Unknown
Delilah Strong,"Delilah Damonne, Deliah Stroney, Dalilah Strong, Delilah Damone",Unknown,Caucasian
Isabella Rossa,"Isabella Rose, Isabella",Unknown,Caucasian
Valory Irene,"Valory Palinska, Valory Fleur, Vallory, Valory Simpson",Ukrainian,Caucasian
Emy Reyes,Emy Diaz,Unknown,Latin
Pashence Marie,Luna Lynn,American,Caucasian
Alexis Love,"Milena, Briana",Unknown,Latin
Kat Worley,Unknown,American,Caucasian
Kourtney Chase,Unknown,Unknown,Caucasian
Divina Maruuu,"Mariana Daniela Rifai, DivinaMaruuu, Divina Maru",Argentinean,Latin
Pocket Tease,Pocket Sins,Unknown,Latin
Nika Noire,"Nika James, Nika Blue, Anamaria Mirdita Cyrus, Nikki Noir, Nika Noir",Unknown,Caucasian
Milkavi,Milka Vi,Unknown,Caucasian
Annie Body,"Anastasia X, Anastasia X. Annie T. Body, Anne",Unknown,Caucasian
Princess Lili,Unknown,Russian,Caucasian
Sophi Summers,Unknown,American,Caucasian
Vitalievna,Unknown,Unknown,Unknown
Alektra Lux,Unknown,American,Caucasian
Nikita Von James,"Nikita James, Nikkita James",Russian,Caucasian
Lauren Phoenix,"Mistress Lauren Phoenix, Loren Phoenix, Lauren Phoniex",Unknown,Caucasian
Kelly Wells,Kelly Fuck'N Wells,Unknown,Caucasian
Sheri Vi,"Karina, Victoria Sheremetyeva, Sherry Vi, Joanna, Divina",Unknown,Caucasian
Shannon Kelly,"Shannon Barber, Shannon Liza Kelly, Shannen Kelly",Unknown,Caucasian
Lucky Bee,Unknown,Unknown,Caucasian
Angel Vain,Unknown,Unknown,Caucasian
Angelica Coralvine,Unknown,"American, Russian",Caucasian
Zoey Uso,Unknown,Unknown,Caucasian
Ema Kisaki,"Ruka Kitagawa, Haruki Katou",Unknown,Asian
Robbin Rose,Robin Rose,Unknown,Unknown
Monica Sierra,Unknown,Unknown,Unknown
Gina Varney,Unknown,Unknown,Caucasian
Vanessa Bruni,Unknown,Italian,Caucasian
Anneth Dmitrieva,Anneth,Moldovan,Caucasian
Amanda Borges,Amanda Burgos,Unknown,Latin
Amber Sym,Tara Marie,Unknown,Caucasian
Adel Morel,"Tiva Cox, Amber B, Olyvia",Unknown,Caucasian
Milana Fox,Hannah,Unknown,Caucasian
Layla Belle,Layla Quinn,Unknown,Caucasian
Ariana Grand,Unknown,Unknown,Caucasian
Ember Stone,Amber Stone,Unknown,Caucasian
Peaches,"Monica, Monica Cute, Sweet Peaches, Monika, Peaches Johnson",Hungarian,Caucasian
Hazel Dew,"Marel Dew, Lulu Burnett, Mary Frost",Unknown,Caucasian
Samantha Mack,"Goddess Samantha, Busty Galore, The Face Crusher",Unknown,Caucasian
Samanta Lily,"Samantha Lily, Sexy Lovely Sam",Russian,Caucasian
Veronika Fasterova,"Verunka, Verunka's Dreams, Veronique A, Judy Jade",Unknown,Caucasian
Stassi Rossi,Unknown,Unknown,Caucasian
Charlie Nice,Unknown,Czech,Caucasian
Cameron Cohen,Unknown,Australian,Caucasian
Anjela Vital,"Anna Riv, Angela Vidal, Angelika Cristal",Unknown,Caucasian
Nina Pink,Unknown,Unknown,Black
Lala Tada,Unknown,Unknown,Unknown
Emily Walters,Unknown,British,Caucasian
Ai Kano,Kano Ai,Japanese,Asian
Chelsy Sun,"Chelsey Sun, Alina, Lucie Y, Sladky Mesic, Suzan, Lucka, Chelsea Sun",Unknown,Caucasian
Jessika Rains,"Nurse Jess, Hotwife JJ, Jessie Jett",Unknown,Caucasian
Erotic Medusa,Unknown,American,Black
Magdalene St.michaels,Magdalena St. Michaels,Unknown,Caucasian
Devin Striker,"Devon Blue, Debra Dillon",Unknown,Caucasian
Madison Sky,Maddie Mouse,American,Caucasian
Viva Athena,Unknown,Unknown,Asian
Tessa Taylor,"Tess FTV, Candace Wurl",Unknown,Caucasian
Mona Blue,Mona Blu,Hungarian,Caucasian
Asia Rae,Unknown,Unknown,Black
Myste Vixen,Unknown,Canadian,Black
Vittoria Dolce,Unknown,Unknown,Caucasian
Polly Petrova,"Graci Moraes, Grazy Moraes, Grazy Almeida",Unknown,Latin
Miaa Moore,Mia Moore,Unknown,Caucasian
Sophie Evans,"Sofie Evans, Sophia Evans, Sofia Evans, Sophie Evens",Unknown,Caucasian
Ava Parker,Ava Harper,Unknown,Caucasian
Valeria Sladkih,"Deluxe Bitch, Milky Mickey",Russian,Caucasian
Telari Love,Unknown,Unknown,Caucasian
Aida Swinger,Ayda Swinger,Unknown,Caucasian
Nikki Rhodes,"Nikki Rose, Nikki Roze, Nikki Coxxx",Unknown,Caucasian
Devyn Cole,Unknown,Unknown,Caucasian
Lavina Dream,Unknown,Romanian,Caucasian
Melanie Memphis,Charelle,Unknown,Caucasian
Iris Lucky,Unknown,Colombian,Latin
Eva Fay,Unknown,Italian,Caucasian
Andi Ray,RealCurvesLA,Unknown,Caucasian
Carol Miller,Unknown,Unknown,Caucasian
Firegirl,Unknown,Polish,Caucasian
Belka Smereka,Faneti Reni,Unknown,Caucasian
Claudia Garcia,Unknown,Unknown,Latin
Samantha Joiner,Unknown,Unknown,Unknown
Lilith Lust,"Rainia Belle, Rainia Fair",Unknown,Caucasian
Luna Light,Unknown,Unknown,Latin
Chiquitta,"Nikola Dolezelova, Nikoletta Dolezelova",Czech,Caucasian
Evie Rees,Unknown,British,Caucasian
Lara Brookes,"Lara Brooks, Laura Brooks",Unknown,Caucasian
Maya Gates,"Ayla Santi, Mya Gates",Unknown,Latin
Mimi Malibu,Unknown,Unknown,Unknown
Leanna Decker,"Rachel Reid at thisyearsmodel.com, Leanna Adkinson",Unknown,Caucasian
Yurizan Beltran,"Yuri Luv, Yurizan Beltran Lebanue, YuriLuv, Sweet Yurizan",Unknown,Latin
Tera Link,Unknown,Unknown,Caucasian
Alexa Nicole,"Aleska Nicole, Aleksa Nicole",Unknown,Latin
Shy Love,"Shy Luv, Sheelagh Patricia Blumbergh Albino, Ms. Shy Love, Shye Luv",German,Latin
Karina White,Karina FTV,Unknown,Caucasian
Annina Ucatis,"Annina Hills, Vanity Svenson",German,Caucasian
Yayoi Yoshino,Unknown,Unknown,Asian
Chloe Duval,Ashlay Thomass,Unknown,Caucasian
Molly Cute,Unknown,Russian,Caucasian
Min Galilea,Unknown,Unknown,Latin
Alice Miller,"Betty D, Aliana, Dominique, Malena, Fast Girl, Paulina, Alexa Blue, Alina, Jasmine, Linda. Alyce, Ava, Polly E, Gloria, Rosemary, Alisa Miller, Polina",Unknown,Caucasian
Yenn Cat,Unknown,Unknown,Caucasian
Blair Summers,Unknown,Unknown,Latin
Violet Spice,Unknown,Unknown,Caucasian
Macey Jade,Unknown,American,Caucasian
Lana Waifu,"LanaPieee, LanaWaifuxo, LanaWaifu, Lana Pie",Unknown,Caucasian
Ally Style,"Joanaa Black, Alena Sopcakova, Ally Styles, Joanna Black",Unknown,Caucasian
Natasha Ty,Unknown,Unknown,Asian
Sexy Nala,Unknown,Unknown,Unknown
Hannah Hunter,"Anna Gilano, Hanna Hunter",Unknown,Caucasian
Mariah Dime,Unknown,Unknown,Latin
Stephanie West,Unknown,Unknown,Caucasian
May Hashira,Unknown,Unknown,Black
Taisa Banx,"Terrah Sanborn, Tasia Banx, Taisa Banks",Unknown,Latin
Amber Nevada,Amalia Nebada,Unknown,Caucasian
Lana Croft,"Lana Laine, Luna Croft",Unknown,Asian
Moona Snake,Unknown,Unknown,Caucasian
Jessica Annelle,Unknown,Unknown,Caucasian
Bunnie Hughes,AJ Bunnie Hughes,Unknown,Caucasian
Jessi Gold,"Jassie Gold, Marsa",Unknown,Caucasian
Veronika Kay,Unknown,Unknown,Caucasian
Melody Parker,Unknown,American,Caucasian
Juliette Mint,Bryanna Renee,American,Caucasian
Mila Jade,Kimberly Faith,Unknown,Asian
Cate Holiday,Unknown,Unknown,Unknown
Venice Rose,Unknown,Unknown,Unknown
Jessica Koks,"Kiki (kiki18.com), Vivienne, Kiki 18, Penny, Sylva NÄ›meÄkovÃ¡, Sonja L., Livia, Sylvia, Livia A., Ferrara, Sylva N., Larisa, Noemi, Janica, Silvia, Jessica Cox, Irma, Sonja, Ferrara Gomez, Ferrera Gomez, Katka",Unknown,Caucasian
Pocahontas Carioca,Unknown,Unknown,Black
Micky Lynn,"Micki Lynn, Mikki Lynn, Mickey Lynn",Unknown,Caucasian
Teddi Rae,Nicole,Unknown,Caucasian
Alicia Foxx,Megan Foxx,Unknown,Caucasian
Emily Benjamins,Puerto Rican Princess,Unknown,Latin
Yasmin Scott,Unknown,Australian,Caucasian
Valentina Blue,"Salome, Valentina, Barbara, Valentine Blue, Nora",Unknown,Caucasian
Anna Lovato,Unknown,Unknown,Caucasian
Ava Dalush,Ava Delush,Unknown,Caucasian
Karson Kennedy,Unknown,Unknown,Caucasian
Little Lupe,"Lupe Fuentes, Lupe Star, Zuleidy Lapiedra",Colombian,Latin
Banaqwa,Unknown,Unknown,Unknown
Nathalia Correa,Unknown,Unknown,Unknown
Naksu,Unknown,Unknown,Unknown
Jessie Taylor,Unknown,Unknown,Caucasian
Kyra Black,Kira Black,Unknown,Caucasian
Tiffany Mynx,"Tiffany Minx, Shannon Colleen Cummings",American,Caucasian
Khloe Kreamer,Mommy's fun time,American,Caucasian
Kristal Summers,"Krystal Summers, Shayla Summers, Shayla, Krista Grabowski, Brandy Summers, Krystal Summer, Crystal Summers",Unknown,Caucasian
Holly Brooks,Victoria Strong,American,Caucasian
Alyssa Divine,Unknown,Unknown,Mixed
Vanessa Blake,"Jessica Johnson, Miss Vanessa Blake",Unknown,Caucasian
Cyndi Sinclair,Cyndi Cynful,American,Caucasian
Inna Innaki,"Inna Sirina, FTV Inna",Unknown,Caucasian
Lexy Blaze,Unknown,Unknown,Unknown
Jemma Valentine,Gemma Valentine,Unknown,Caucasian
Payton Hall,Unknown,American,Caucasian
Emori Pleezer,Unknown,Unknown,Latin
Mali Luna,Unknown,Unknown,Latin
Licky Lex,"Lenka, Chilli Pepper, Nicky Lex, Tereza, Thelma, Lucy, LickyLex, Lexie",Unknown,Caucasian
Lovely Vanessa,"Vanessa B., Vanessa Sweets, Vanessa White",Polish,Caucasian
Izzy Rae,Unknown,Unknown,Unknown
Brook Little,"Brookie G, Brooke G, Brookie, Brooke Little, Brookie Little, Brook L, Brooke",British,Caucasian
Chloe Welsh,Unknown,Unknown,Caucasian
Caroline Pierce,"Caroline, Carolina",Unknown,Caucasian
Katie Banks,Katie Evan,Canadian,Caucasian
Jade Luv,Unknown,Unknown,Caucasian
Emma Mae,"Ashley Barr, Emma Monday",Unknown,Caucasian
Lorelei Lee,"Lee Lorelei, Loreilee Lee",Unknown,Caucasian
Aria Haze,Daria,Unknown,Caucasian
Zena Little,"Ennie Sweet, Xenia, Ennie Sapphic, Ennie, Abigail, Sindy Black, Lilly Klass, Milagres",Unknown,Caucasian
Carollina Cherry,Carolina Cherry,Unknown,Caucasian
Callie Brooks,Callie Maze,Canadian,Caucasian
Eliza Allure,Eliza Alure,Unknown,Caucasian
Roxy Jezel,"Roxy Gesselle, Soolin Tanachaisugit, Roxy Jewel, Roxy Heart",Unknown,Asian
Thea Lun,Unknown,Russian,Caucasian
Alison Lip,"Just Kiss, Ari",Russian,Caucasian
Naya Fire,"Naya, Stacia Durk",Ukrainian,Caucasian
Berry Babe,Unknown,Unknown,Caucasian
Mandi Mayes,Unknown,American,Caucasian
Lauren Hill,Unknown,Colombian,Latin
Kissin Zhera,Unknown,Unknown,Caucasian
Veerle V,Unknown,Unknown,Caucasian
Vee Vonsweets,Unknown,Unknown,Latin
Kathai,Kate Ap,Thai,Asian
Lindsay Meadows,"Wildflower, Danielle, Lindsey Meadows",Unknown,Caucasian
Kari Pitinova,Unknown,Unknown,Unknown
French Chloe,"Chloe Alisson, Valerie Rigal, Chloe L'Amoure, Chloe Martin",Unknown,Caucasian
Kathy Anderson,"Ketty Anderson, Katy Anderson, Kacenka N, Ketty Angel, Monika Novakova, Katty Anderson, Katy Moore, Katia Anderson, Kathy Andreson",Czech,Caucasian
Willow Winters,Unknown,Unknown,Caucasian
Kitty Valance,Unknown,American,Mixed
Adriana Teal,Unknown,Unknown,Unknown
Lilli Lou,Unknown,Unknown,Unknown
Jasmeen Lefleur,"Jasmeen Le Fleur, Jasmine LeFleur",Unknown,Asian
Franceska Jaimes,"Silvia Romero, Franceska James, Sweet Sugar, Patricia Jaimes",Unknown,Latin
Kerry Marie,"Karrie Marie, Busty Kerry Marie, Kerry Marie Rigg, Kerry Marie White",Unknown,Caucasian
Daisy Summers,Daisy Haze,Unknown,Asian
Julie Silver,"Julia Silven, July Silver, Julia Silver, Melissa Tiger",Unknown,Caucasian
Red Louboutin,Unknown,Unknown,Caucasian
Daphne Laat,Unknown,Dutch,Caucasian
Lacy Tate,Lacey Tate,Unknown,Caucasian
Alice Martin,Unknown,Unknown,Unknown
Jazmine Cruz,"Jazmine Cruze, Jasmine Cruz, Jasmine K, Jasmin Cruz",Unknown,Asian
Summer Rose,Unknown,British,Caucasian
Wild Nicol,Nicol Wild,Unknown,Caucasian
Lena Nitro,"Sherly Nitro, Nitro Lena, Shirly Nitro",Unknown,Caucasian
Pamella Cristiny,"Pampam, Pmellamakeup",Brazilian,Latin
Kae The Brat,Unknown,Unknown,Unknown
Minka,"Satin, Minka XXX",Unknown,Asian
Jamie Michelle,Jamie Michelle Hunter,Unknown,Caucasian
Ava Sparxxx,Brianna Rae Hayden,Unknown,Caucasian
Gal Gadot,Unknown,Israeli,Caucasian
Amy Amor,Unknown,Ecuadorean,Latin
Sabrina Sabrok,Lorena Fabiana Colotta,Argentinean,Latin
Marie X,MarieX,British,Caucasian
Anorei Collins,"Lexxxi Luxe, Josie Jumboner",American,Caucasian
Kandie Monaee,"Princess Kandiee, Princesskayy69",Unknown,Black
Beverly Hills,"Veronika Vixen, Beverly Hillz",Unknown,Caucasian
Bri Klein,Brie Klein,Unknown,Caucasian
Chloe Carter,Unknown,Unknown,Caucasian
Mena Li,"Mena Mason, FunkyColdMena, Menali",Unknown,Asian
Kayla Kleevage,"Kayla Kleavage, Kimberlee Port",Unknown,Caucasian
Sweety Plum,"Sweet Butterfly, Sweetie Plum",Unknown,Caucasian
Cherry Fae,Krystal Orchid,Unknown,Caucasian
Mia Milkers,"Molly Milkers, Mia Pink, Mia Milk",Unknown,Caucasian
Alana Summers,"Melonie, Alana Summer",Unknown,Caucasian
Tiny Texie,Unknown,Unknown,Caucasian
Mini Vanilli,Unknown,Unknown,Caucasian
Lana Lea,Unknown,American,Caucasian
Chrissy Greene,Chrissy Nova,Unknown,Caucasian
Jaida Violet,Unknown,Unknown,Black
Mia Bloom,Unknown,Ukrainian,Caucasian
Lorena Sanchez,Unknown,American,Latin
Nicole Graves,"Coco, Naughty Coco",American,Caucasian
Aviannah Elise,"Alexa Vosse, Coco Noel, Payton West",Unknown,Caucasian
Brooke Lynn Santos,"Brooke Lynn, Brookelynn Santos",American,Latin
Miss Lexa,Unknown,"Canadian, American",Latin
Marceline Moore,"Clany, Marceline, Clary Lesbian",Unknown,Caucasian
Ruka Ichinose,Ruca Ichinose,Unknown,Asian
Monica Rise,Unknown,Unknown,Caucasian
Sofi Shane,Unknown,Unknown,Caucasian
Alice Paradise,POLY WHITE,Unknown,Caucasian
Ivana Hyde,Unknown,Unknown,Caucasian
Meg Vicious,Unknown,Argentinean,Latin
Elizabeth Bentley,Unknown,Unknown,Caucasian
Ava Little,Unknown,Unknown,Caucasian
Sami St Clair,"Sami St Claire, Sam St Claire, Sammi St Clair",Unknown,Caucasian
Carmen Fox,Katherine Aarmen,Unknown,Caucasian
Jean Michaels,Mara,Unknown,Latin
Brianna Rose,"Andrea Alexa, Starseed Gypsy, Beatrix Medici",Unknown,Latin
Esluna Love,Unknown,Dutch,Caucasian
Grae Stoke,Unknown,Unknown,Caucasian
Betty Carr,Unknown,Russian,Caucasian
Karmen Bella,Unknown,Unknown,Latin
Ada Vera,Unknown,Unknown,Black
Nina Mercedez,Mariza Villarreal,American,Latin
Judas Nyx,Unknown,Unknown,Caucasian
Ksu Bobo,Unknown,Russian,Caucasian
Melanie Caceres,Unknown,Unknown,Latin
Lexus Love,Ivy Reid,American,Caucasian
Dominika C,"Dominique, Dominika A, Dominica C, Dominka C, Patsy, Domika C, Dominika Chybova, Dita, Miniki, Lady Domy, Dominica",Unknown,Caucasian
Loulou,Lou Lou,Unknown,Caucasian
Loni Legend,Unknown,American,Black
Nyomi Star,Unknown,Unknown,Asian
Liv A,Liv Beata,Unknown,Caucasian
Belle Claire,"Bella Clare, Claire Belle, Belle Clair",Unknown,Caucasian
Sophie Bakewell,Unknown,Unknown,Caucasian
Susie Diamond,"Alisa Cameron, Suzie Diamond, Vivian Moods",Unknown,Caucasian
Eva Barbie,Unknown,Unknown,Caucasian
Mandy Dee,"Sabrina Blue, Mandi Dee, Mika Boolana, Dorothee Dionne, Mika Bodana, Tracy Lyons, Millis A, Amelie Jane",Unknown,Caucasian
Miley Ann,"Mileyann Nubiles, Bella Rey, Bella Ray, Mylie Ann, Rachel Maddey",American,Caucasian
Cathleen A,Sko Ya,Unknown,Unknown
Aylin Diamond,Unknown,Unknown,Caucasian
Arden Tate,Little Arden Tate,Unknown,Caucasian
Ashley Love,Amanda Paris,Unknown,Caucasian
Jada Sparks,Unknown,Belgian,Caucasian
Jenny Noel,"Rosetta Noel, Tunde Krasznai, Jeany Natale",Unknown,Caucasian
Eva Perez,Unknown,Unknown,Latin
Brooke Bennott,Unknown,Unknown,Caucasian
Alaina Fox,Unknown,Unknown,Caucasian
Andi Peacock,Mrs. Peacock,American,Caucasian
Vina Moon,Unknown,Unknown,Asian
Tyla Wynn,"Nancy Spencer, Tayla Wynn, Tyla Winn, Tyler Wynn",Unknown,Caucasian
Toni Summers,"Victoria C, Cherry Blush, Toni Hancock, Toni T",Unknown,Caucasian
Amanda Hill,Elena Vega,Unknown,Caucasian
Roxy Reynolds,"Schnell Marie Sanders, Schnell Sanders, Sexy Schanell, Roxie Reynolds",Unknown,Black
Gema Sky,Unknown,Colombian,Latin
Audrey Madison,Audrey Alien,Unknown,Caucasian
Dani Dare,Unknown,Unknown,Caucasian
Prinzzess,"Prinzzess Felicity Jade, Felicity Jade, Prinzzess Izzabella, Sarah Pershing, Candi Moore, Prinzzess Sasha, Prinzzess Sahara",Unknown,Caucasian
Ava Eden,Unknown,Unknown,Caucasian
Red Xxx,Katie Davies,Unknown,Caucasian
Alexis Silver,"Jasmyn Reed, Serena, Alexia Silver, Alicia Silver, Corrie",Unknown,Black
Misti Love,"Misty Luv, Malia Love, Misty Love, Tanishia Zuniga",Unknown,Black
Mariah Madysinn,"Lydia Reed, Marilyn Jean Taylor, Mariah Maddisyn",Unknown,Caucasian
Arwen Gold,"Alyona Kostina, Betty",Unknown,Caucasian
Stacey Massey,Stacey M,Unknown,Caucasian
Xo Gisele,"Got Gisele, Love Giselle, Love Gisele, Sexy Gisele",Unknown,Caucasian
Dani Woodward,"Danni Woodrow, Sara Renee Combest, Danielle Woodward, Danni Woodward",Unknown,Caucasian
Melanie Gold,Unknown,Unknown,Caucasian
Envy Anne,Unknown,Unknown,Caucasian
Zendaya Coleman,Unknown,American,Black
Lana Bunny,Lara Bunny,Unknown,Caucasian
Bev Cocks,"Bev Corry, Beverly Strike, Beverly Cox, Beverley Cox, Beverly Cocks, Natalie Cox",Welsh,Caucasian
Natalie Heart,"Jaslene Jade, Jeslena Jade",Unknown,Caucasian
Selena Castro,"Salena Castro, María Pérez",Unknown,Latin
Jasmine Byrne,"Jamine Byrne, Jazmine Byrne, Jasmyn Lopez, Jasmine Cisneros, Jasmin Lopez, Jasmyn Byrne",Unknown,Latin
Lacey Duvalle,"Lacy Duval, Laci, Lacy, Shandra, Pebbles, Lacy Duvalle, Lacey DeVal, Lacey Duvall",Unknown,Black
Taylor Nicole,Unknown,Unknown,Caucasian
Keira Blue,"Katrin Ko, Katrin Divariga",Belarusian,Caucasian
Joana Intense,Unknown,Unknown,Unknown
Kittina Clairette,"Kittina Coxxx, Kittina Ivory",Unknown,Caucasian
Asami Kondo,Unknown,Japanese,Asian
Samantha Jolie,"Ingrid Holly, Samantha Joly, Samantha Yohe",Unknown,Caucasian
Alicija Castro,Unknown,Unknown,Unknown
Kacie James,Kacie Jay,British,Caucasian
Tara Holiday,Unknown,Unknown,Latin
Rose Isstar,Unknown,American,Caucasian
Sara Star,cutiebbw,Unknown,Caucasian
Pure Kitty,"Anabella Beatrix, Kitty Doll",Unknown,Caucasian
Irina Pavlova,"Ariadna Moon, Anna Shine, Ariadna, Saint-Petersburg",Unknown,Caucasian
Liliane Tiger,"Lillian Tiger, Lilien Tiger, Ivette, Lilian, Lucy Tiger, Lilliane Tiger, Lillianne Tiger, Lilian Tiger, Lucie",Unknown,Caucasian
Roxy Del,Roxy Sky,Unknown,Caucasian
Amber Hallibell,Unknown,Estonian,Caucasian
Haven Rae,Unknown,Unknown,Caucasian
Sasha Cane,"Sasha Balls, Teen Sasha, Sasha Blaise, Lynda, Sarah Bee, Sasha Kiss, Sarah Beeharee, Sasha Bangs",Unknown,Caucasian
Lauren Walker,Unknown,Unknown,Caucasian
Eileen Sue,"Eileen Young, Margot A",Unknown,Caucasian
Roberta Gemma,"Roberta Anal, Roberta Missoni",Unknown,Caucasian
Olivia Blu,Unknown,Unknown,Caucasian
Synthia Fixx,Sinthia Fixx,Unknown,Caucasian
Cecilia De Lys,Cecilya De Lys,Unknown,Caucasian
Kylie Kingston,Unknown,Unknown,Latin
Elenita Forger,"Elenita Chaves, Elena Chaves, Elain3uwu, LoveByElenita",Costa Rican,Latin
Denise Anders,Unknown,British,Caucasian
Nina James,"Blake Taylor, Nina Jaymes, Blake",Unknown,Caucasian
Cecilia Scott,Unknown,Unknown,Caucasian
Scarlett Rose,Allison Rose Williams,Unknown,Caucasian
Valentina Sierra,Unknown,Unknown,Caucasian
Ny Ny Lew,nyny lew,American,Black
Helena Moeller,Unknown,Unknown,Caucasian
Gia Love,Jasmine Delatori,American,Caucasian
Sofa,Unknown,Ukrainian,Caucasian
Valentina Lux,Unknown,German,Caucasian
Evie Ling,Unknown,Unknown,Asian
Roxy Shaw,Roxy Chamberlain,Unknown,Unknown
Kitty Jane,"Janet, Katy J, Janca, Pamela, Mika, Isabella, Jana, Jana Z, Jane K, Nika, Noemi, Katy, Iva, Jana B, Romana, Lisa, Sweet Isabella",Unknown,Caucasian
Indy Lix,Unknown,Unknown,Caucasian
Emily Emika,"EmilyEmika, Lovely Vicky, EmilyForYouuu",Unknown,Caucasian
Kara Faux,Unknown,Unknown,Native
Rosaline Love,"Roseline Love, Rosalina Love",Unknown,Caucasian
Yuria Mano,Unknown,Unknown,Asian
Helena Black,"Hanna Black, Helena J",Unknown,Caucasian
Chase Ryder,Unknown,Unknown,Caucasian
Carmel Moore,"Nasrin Moore, Carmela Nasrin Moore, Nasrin Alavi, Nasrin Carmel Moore",Unknown,Caucasian
Pinky June,"Sabrina L, Ingrid, Anneli, Annely Gerritsen, Grace Hartley, Grace C",Czech,Caucasian
Asia Carrera,"Jessica Bennett, Asian Carrera, Asia Carera",Unknown,Asian
Zoe Lark,Unknown,Unknown,Asian
Ivy Mayhem,Unknown,American,Caucasian
Niki Sweet,"Nikysweet, Nicky Sweet, Nikki Sweet, Viky Sanders, Niky Sweet",Unknown,Caucasian
Harmony Rose,"Harmony Starr, Tracy Rolan, The Brawler, Bethany, Tracy Roland, Mistress Harmony",Unknown,Caucasian
Kasey Cole,Casey Cole,Unknown,Caucasian
Blake Morgan,Unknown,Unknown,Caucasian
Lexi Grey,Unknown,Unknown,Caucasian
Angelica Saige,"Angelica Sage, Vivie Delmonico",Unknown,Caucasian
Gina Monelli,Gina Momelli,Unknown,Caucasian
Jessica Roberts,"Zoey James, Jessica Rabbit, J_Rabbit25, JRobertsdoll",Unknown,Caucasian
Dee Siren,Mrs Siren,Unknown,Caucasian
Nina Van Der Wilde,Unknown,Unknown,Unknown
Lacie James,Unknown,Unknown,Caucasian
Hannah Le,Hanna Le,Unknown,Asian
Anastasia Sweet,Anastasia Doll,Unknown,Caucasian
Rhiannon Ryder,Rhiannon Ryders,Unknown,Caucasian
Miyuki Son,Myuiki Son,Unknown,Asian
Tallie Lorain,Tallie Lorian,Unknown,Caucasian
Aria Nicole,Unknown,Unknown,Unknown
Carmel Anderson,Unknown,Unknown,Caucasian
Molly Devon,Unknown,Unknown,Caucasian
Kimber Day,Unknown,Unknown,Caucasian
Kendra Roll,Unknown,Unknown,Latin
Laura Crystal,"Lauren Crystal, Laury Crystal, Sona Mullerova, Hanna Swede, SoÅˆa MÃ¼llerovÃ¡",Unknown,Caucasian
Dahlia Sky,"Shyla Jameson, Amber Rose, Bailey Blue",American,Caucasian
Belle Knox,Miriam Weeks,Unknown,Caucasian
Kiara Gold,"Galina Kurnosaya, Aleksa Rey",Unknown,Caucasian
Lola Mai,Lola Mae,American,Caucasian
Carlita Ray,Unknown,Unknown,Latin
Adriana Fawn,"Elizabeth T, Elizabeth Amor, Elizabeth Flexy","Ukrainian, Russian",Caucasian
Karissa Kane,Karissa Kanec,Unknown,Latin
Avena Segal,"Tereza Gold, Hailee, Jennifer Karins, Christine D., Teah Jul, Tea Jul",Unknown,Caucasian
Lana Adams,"Lanah FTV, Lana Jolie, Lanah Adams",Unknown,Caucasian
Nessie Blue,Unknown,Unknown,Caucasian
Lexie Fox,Lexie Fux,American,Caucasian
Lisa Tiffian,Unknown,Unknown,Black
Aleksa Slusarchi,Svetlana Slyusarchik,Unknown,Caucasian
Odette Delacroix,"Odette De La Croix, Odette Michelle",Unknown,Caucasian
Venus Vera,Unknown,Unknown,Latin
Gwen Bunny,Unknown,American,Caucasian
Marie Clarence,Marie Clarence Marlo,Unknown,Caucasian
Mimi Curvaceous,Unknown,Unknown,Black
Tati Torres,Unknown,Unknown,Latin
Zoey Laine,"Zoey Lane, Lilith Lane",Unknown,Caucasian
Tasha Holz,"Natasha, Tasha Biel",Unknown,Caucasian
Riley Jenner,Sheila Lindell,Unknown,Caucasian
Sabrina Lynn,Unknown,Unknown,Caucasian
Lana Wolf,Lara Wolf,Unknown,Caucasian
Mandy Snyder,"Summer Carter, Summer A",Unknown,Caucasian
Sweet Lina,Unknown,Unknown,Caucasian
Maya Morena,babecolate,Unknown,Latin
Foxii Black,"Foxxi Black, Foxxy Black",Czech,Caucasian
Kristine Kiss,"Kisinboca Kristine, Kristine 38NN, Morgan 38NN",American,Caucasian
Arabella Rose,Unknown,American,Caucasian
Bloom Lambie,Unknown,Unknown,Caucasian
Sherill Collins,"Jina Hajkina, Sheryl Collins, Cheryl Collins",Unknown,Caucasian
Cherry Crush,"Sparkly Cotton Candy Mynx Thing, Moon Creature, Fae",Unknown,Caucasian
Demi Rouge,Demi Lopez,Unknown,Latin
Jimena Lago,Aelita,Unknown,Caucasian
Liz Vicious,Unknown,Unknown,Caucasian
Foxy Blondie,"Foxy Rae, Sexy Foxy, Mia Saskia",Czech,Caucasian
Dreanna Dream,Unknown,Unknown,Caucasian
Brina Scarlett,Unknown,Unknown,Unknown
Allie Eve Knox,Allie Knox,Unknown,Caucasian
Molly Bennett,"Mia Jemson, Mollie Bennett, Vivian Moon, Mia, Mia Jemsen, Molly Bennet",American,Caucasian
Ariel Pure Magic,Unknown,Dominican,Latin
Jozy Blows,"JozyBlows, JozyBlowz",British,Caucasian
Belle Delphine,Unknown,Unknown,Caucasian
Rebecca Bardoux,Rebecca Bardot,Unknown,Caucasian
Emily Bender,Unknown,Unknown,Caucasian
Christina Carter,Unknown,Unknown,Caucasian
Phyllisha Anne,"Casey Pink, Bethany Alexander",Unknown,Caucasian
Gali Diva,"Galilea Montero, Galilea",Unknown,Latin
Linda Chase,"Linda A, Linda Ellison",Unknown,Caucasian
Lauren Crist,"Lisa, Luce A, Lauren Lace",Unknown,Caucasian
Angella Black,"Angella Chrivtin, Angela Christin, Angella Christin, Angella Christyn, Angelle Christine",Unknown,Caucasian
Amber Hahn,Just Amber,Unknown,Caucasian
Valeria Valois,Unknown,Venezuelan,Latin
Lauren Hill,Lauren James,Unknown,Caucasian
Lexi Aaane,Lexi Anne Garza,Unknown,Latin
Giselle Montes,Unknown,Mexican,Latin
Anastasia Paderina,Molly Photodromm,Ukrainian,Caucasian
Mosrecline Moore,Busty Clary,Unknown,Caucasian
Nicole Nixon,Brianna Pinky,Unknown,Caucasian
Val Dodds,"Val Midwest, Valerie Dodds",American,Caucasian
Carrie Sage,Unknown,Unknown,Caucasian
Friday,"Ms. Friday, Linda Friday, Mrs Friday",Unknown,Caucasian
Louise Barlow,Unknown,Unknown,Caucasian
Lia Ponce,Lia Ponca,Unknown,Latin
Sofi Li,Jessy Link,Unknown,Caucasian
Danica James,Amber Taylor,Unknown,Caucasian
Mia Ventura,Unknown,Israeli,Mixed
Gala Ann,Kiere,Belarusian,Caucasian
Azusa Nagasawa,"Haruka Takezawa, Tomomi Aihara, Azumi Nagao, Arisa Houjou, Arisa Hojo, Arisa Hohjoh",Unknown,Asian
Lyla Storm,Layla Storm,Unknown,Latin
Marissa Mae,Unknown,Unknown,Latin
Starry Fawnn,"StarryFawnn, Starry Bunny, StarryFawnn Suicide, StarryBunny",British,Caucasian
Gilda Roberts,"Gilda Goy, Angel, Gilda Gioia, Lili Love, Lily Love, Letissia Kalderon, Beatrice, Marylin or Katya, Meg Laren, Lilly Love, Gilda Joy",Unknown,Caucasian
Callie Cobra,"Shaye Rivers, Callie Carter, Ashlynn Green",Unknown,Caucasian
Hannah Sweet,"Erika, Jacqueline Willis, Andi, Hanna Sweet",Unknown,Caucasian
Gaia,Unknown,Unknown,Asian
Danique De Laat,Danique,Unknown,Unknown
Cassie Solis,Cassie Grrovy,American,Caucasian
Vanda Lust,"Vanda Azur, Vanda Mills, Vander, Vanda L, Vanda A, Barbara, Anna Zadulo",Unknown,Caucasian
Bunny Babe,"Dunya Konoplya, Bunny Baby",Unknown,Caucasian
Lollypop Gcup,Unknown,American,Asian
Lexxxi Lockhart,"Lexxxi Lockheart, Lexxi Lockhart, Lynne (clips4sale.com), Angela",Unknown,Caucasian
Krystal Kash,Unknown,Unknown,Caucasian
Freya Kennedy,Unknown,Unknown,Unknown
Koco Chanel,Unknown,Unknown,Latin
Tori Taylor,Yummy Daniels,Unknown,Black
London Rose,Unknown,American,Caucasian
Lexxxi Nicole,Lexi Nicole,American,Caucasian
Sophi Holmes,Antonella Pisani,Unknown,Latin
Sophie Carina,"Bianca Alvarez, Felicia Sky, Bianca Benett, Bianca, Bianka, Biancka, Bianka Benett, Bianca Oxa, Bianca Bruni",Unknown,Caucasian
Victoria Nyx,Unknown,Unknown,Caucasian
Tara Lynn Foxx,"Taralynn Foxx, Tara Lynn, Annabelle Amore",Unknown,Caucasian
Kim Kardashian,Kimberly Noel Kardashian,American,Caucasian
Karma Blayze,Unknown,Unknown,Unknown
Natalli Di Angelo,"Lyta Dragon, Natalie D'Angelo, Natali DiAngelo, Natalli Di Rossi, NathalieNathalie D Angelo, Lenka Moon, Madalynn, Natalli De Rossa, Lenka, Loretta Young, Nataly D'Angelo, Natally D'Angelo, Natallie D'Angelo, Natali D'Angelo, Lenka M, Nathalie De Angelo, Maria, Natalli Di Rossa, Natalli Diangelo, Natali, Natali Di Rosa, Natali Di Angelo, Natalie De Angelo",Unknown,Caucasian
Bunny De La Cruz,Vixen 34JJ,Unknown,Caucasian
Summer Starz,Unknown,British,Caucasian
Kendall Karter,Unknown,Unknown,Caucasian
Demi Dasani,Unknown,Unknown,Unknown
Ambika Gold,Camilla Moon,Unknown,Caucasian
Jade Amber,"Rosyln Belle, Jade Ambers",American,Caucasian
Melina Mason,"Succor, LolaJo, Lydia Dupra",Unknown,Caucasian
Tanya James,Jamie Cook,Unknown,Caucasian
Luna Moonie,Luna Pica,Unknown,Caucasian
Karina Hart,"Karina Heart, Katerina Hart, Kay Loove",Unknown,Caucasian
Cikita,"Chikita, Cikita Pechova, Destiny Scott, Marketa Pechova, Chiquita",Unknown,Caucasian
Charlyse Bella,"Sharlyze Bella, Charlyse Tinkerbell, Chariyse, Charlise Bella, Charlize Bella, Charlize, Charlyze Bella, Charlise, Charlyse Angel, Charlyze",Unknown,Caucasian
Emily A,Emily A Valencia,Unknown,Caucasian
Victoria Sweet,"Monica Castellanos, Angelina Stoli, Victoria Sweety",Unknown,Latin
Britney Light,"Sable Jones, Jessica Winters",American,Caucasian
Anita Blue,Kaylynn Kage,Unknown,Caucasian
Kylie Green,Kristi Deep,Unknown,Caucasian
Britney Young,Jess Hermans,Unknown,Caucasian
Sabrina Sweet,"Anna Santos, Ana Smith, Ana Maria Seitos, Annamaria Santos, Sabrena",Unknown,Caucasian
Jeanie Marie Sullivan,"Jennie Marie Sullavan, Jennie Marie Sullivan, Jeannie Marie, Chrissy Katrice, Jeanie Marie, Jeannie Marie Sullavan, Katrice Keys, Chrissy Katrina",Unknown,Caucasian
Zoey Holloway,Zoe Holloway,Unknown,Caucasian
Luna Art,Unknown,Unknown,Caucasian
Joanna Grace,Unknown,Unknown,Unknown
Alejandra Palacios,Unknown,Unknown,Latin
Katherine Kink,Unknown,Unknown,Asian
Nina Phoenix,Tamara Dido,Croatian,Unknown
Nicole Auclair,Unknown,Unknown,Caucasian
Anri Okita,"Atelier Anri, Okita Anzunashi, Akane Mizuki",Japanese,Asian
Tracy Rose,Unknown,Unknown,Caucasian
Brooklyn Lee,Brooklynn Lee,Unknown,Caucasian
Savannah The Goddess,Savannah Goddess,Unknown,Unknown
Gen Padova,Unknown,Unknown,Caucasian
Angie Noir,Angie Niore,Unknown,Caucasian
Remy Rune,Unknown,Unknown,Unknown
Sasha Foxxx,Sasha Foxx,American,Caucasian
Maggie Moon,Primal Moon,Unknown,Caucasian
Sophia Traxler,"Olivia, Nada, Hello Titty",Unknown,Caucasian
Niicky Baby,Unknown,Unknown,Unknown
Anna Anjyo,"Anna Anjo, Anna Anjyou, Anna Anjyoh, Anan, Anna Anjoh, Anna Anjou",Unknown,Asian
Preston Lee,Unknown,Unknown,Unknown
Angell Summers,"Angell Summer, Angel Summer",Unknown,Caucasian
Alexis Ford,Unknown,Unknown,Caucasian
Cleo Clementine,Unknown,Unknown,Caucasian
Alba Lala,Unknown,Unknown,Caucasian
Nola Exico,Unknown,Unknown,Latin
Leda Lotharia,Unknown,Unknown,Latin
Sophie Mei,"Inge Igmar, Adela Mansfeld, Sophie Mae, Adela Hanzalova, Sophie Mai",Unknown,Caucasian
Mia La Fou,"Mia A, Dolores Gerbera, Mia Tray",Polish,Caucasian
Kira Viburn,Unknown,Unknown,Caucasian
Giny Loud,"Samantha Jones, Simonne, Samantha Joon, Sam, Kamila, Samanta, Samantha Jonson, Samantha Soons, Milada C, Samanth Joones, Samantha Johnes, Samantha, Samantha Joons, Samantha Johnson, Kristyna",Unknown,Caucasian
Sara Jean Underwood,Sara Underwood,Unknown,Caucasian
Kitty Lovedream,Unknown,Unknown,Caucasian
Lady Ana,Unknown,Unknown,Caucasian
Capri Lmonde,Unknown,Dominican,Black
Alexis Abbey,Unknown,American,Caucasian
Jessika Lux,Jessica Lux,Unknown,Caucasian
Zuzana Zeleznovova,"Zuzana Z., Sweet Zuzanna, Susanne Ferosso, Zuzana Zed, Tasty Tara, Sharon Star",Czech,Caucasian
Anna Kampa,"Caprice, Viktoria B, Victoria Frindi, Aislin, Vika P, Oksana, Aislyn, Vika P.",Unknown,Caucasian
Kelly Surfer,Kelly Sluffer,Unknown,Caucasian
Rollie Rawlings,"Rollii Baddii, Rollii the throat goatie",American,Latin
Sophia Sweet,Unknown,American,Caucasian
Lindsey Cruz,Unknown,Unknown,Caucasian
Sierra Spunk,Unknown,American,Caucasian
Samie Duchamp,Unknown,Spanish,Caucasian
Natalia Rossi,Natalie Rossi,Unknown,Caucasian
Allie Foster,"Ally Foster, Allie King, Ally Alie",Unknown,Caucasian
Sophia Blum,Unknown,Unknown,Caucasian
Missy Martinez,"Martinez Missy, Missy Martinezz",Unknown,Latin
Ivy Jones,Unknown,Unknown,Caucasian
Helena Karel,Unknown,Unknown,Latin
Melissa Johnson,Unknown,Unknown,Caucasian
Simone Styles,Unknown,Unknown,Black
Kristy Waterfall,Kristy Water,Unknown,Caucasian
Holy Wood,Unknown,Unknown,Caucasian
Lucy Ava,Unknown,Unknown,Caucasian
Sophie Van Meter,"MarbleGirl817, Sophie VanMeter, Marble Girl",Dutch,Asian
Tina Howl,"Rosalina, Tina Blue",Unknown,Caucasian
Minnie Manga,"Anna Derevjanko, Ida Red",Unknown,Caucasian
Mia Sweetheart,Sweetheart Mia,Unknown,Caucasian
Bianka Lovely,"Szervó Judit, Bianca Lovely",Unknown,Caucasian
Mya Lorenn,Unknown,Unknown,Caucasian
Amanda Remington,Unknown,Unknown,Caucasian
America Moore,"Ebony Frazier, Codi Bryant, Cody Bryant",Unknown,Black
Hannah Harper,"Hanna Oxx, Hanna Harper, Hannah Hunter",Unknown,Caucasian
Angel Piaff,"Lenka Cherry, Maya, Angel P, Elle, Lenka, Lenka C, Scarlet, Angela, Nadea, Sweet Lassie, Angel Piaf, Chaynee, Beatrice, Lenka P, Veronica, Angelina, Angelica, Lucy",Unknown,Caucasian
Viks Angel,Unknown,Unknown,Caucasian
Ivy Rain,Ivy L,Unknown,Caucasian
Tomie Tang,Unknown,Unknown,Asian
Dylan Ryan,Dylan Rion,Unknown,Caucasian
Brittany Blaze,Unknown,Unknown,Caucasian
Katana Storm,"Katana Porn, Katana",Unknown,Asian
Amina Danger,Unknown,Unknown,Caucasian
Lucy Thai,"Van Darney, Luci Thai, Lucy Ty",American,Asian
Nina Rox,Unknown,Unknown,Caucasian
Tayler Deerden,Unknown,Unknown,Unknown
Reya Sunshine,Unknown,Unknown,Caucasian
Cherry Black,Unknown,Colombian,Latin
Carli Banks,"Carly Banks, Carie Banks, Tasha Gilleland, Carlie Banks, Carla Banks",American,Caucasian
Jordan Kingsley,Jordan Kinsley,Unknown,Caucasian
Natasha Sweet,Nadiya,Unknown,Caucasian
Missy Stone,"Misty, Misty Stone",American,Caucasian
Jennifer Stone,"Veronika Stefan, Veronika Štefanová, Jennifer Aliston",Czech,Caucasian
Uma North,"Cumatoz, Cumatozz, Hoesomefun, Comatozze",Unknown,Caucasian
Tiffany Teen,"Tina Walker, Tifani Von, Nelly, Tifani, Tina Teen",Unknown,Caucasian
Bella Torres,"Linda Vargas, Emily Vergara",Unknown,Unknown
Alice Qesastop,Unknown,Russian,Caucasian
Mia Martinez,Mia X,Unknown,Latin
Carrie Brooks,Unknown,Unknown,Latin
Abrill Gerald,"Abrill e, Abril Gerald, Calin Anastasia Seymour",Unknown,Caucasian
Sandra Milka,Sandra Milk,Unknown,Caucasian
Alison Angel,AngelBunnyAA,Unknown,Caucasian
Valentina Ross,Unknown,Czech,Caucasian
Mion Hazuki,Unknown,Unknown,Asian
Carol Wings,Unknown,Unknown,Caucasian
Gia Steel,Unknown,Unknown,Latin
Katy Shavon,"Katycatxx, Danichy",Unknown,Latin
Daisy Love,"zabelleq, daisylovesuxxx, Shrooms Q, Belle",American,Caucasian
Sarah Blake,"Joey Little Trouble, Sarah Jane Blake, Sarah Blue, Sara Blake, Little Troublemaker",Unknown,Caucasian
Mina Sauvage,Unknown,Unknown,Caucasian
Debora Alta,"Sophie, Amy, Debora, Debora Y, Kelly, Lucky, Denisa G, Alexa, Debora A",Unknown,Caucasian
Cynthia Flowers,"Chintia Flower, Cynthia Flower, Chintia Flaver",Unknown,Caucasian
Kharlie Stone,Unknown,Unknown,Caucasian
Kate Love,Unknown,Ukrainian,Caucasian
Goldie Star,"Goldie McHawn, Mistress Goldie, Carol Crow, Goldie Blair, Goldie McHorn",Unknown,Caucasian
Brook Ultra,Brooke Ultra,Unknown,Caucasian
Its Cleo,"lil_c_, Cleo, Cleopatra",Unknown,Caucasian
Rose Hart,Unknown,British,Caucasian
Claire Dames,Clara Dames,Unknown,Caucasian
Eva Antonyia,"Emanuelle, Antonia W., Antonia Dragonfly, Antonya",Unknown,Caucasian
Evelin Elle,Unknown,Unknown,Unknown
Cara Caru,"Caris Caru, Cara Louise, CaraCaru CaraCaru, Cara_Caru Cara_Caru",Irish,Caucasian
Armani Dream,"Armani3X, Armani X",Unknown,Mixed
Charlotte Rayn,Unknown,American,Caucasian
Scarlett Johansson,"Scarlett Reynolds, Scarlett Marie Johansson",American,Caucasian
Molly Redwolf,"Molly Red Wolf, Molly MoonSugar",Unknown,Caucasian
Rynker Belle,"RynkerBelle, Ryn Belle",British,Caucasian
Carmen Rae,Unknown,Unknown,Caucasian
Rebecca Love,"Rebecca Luv, Rebeca Love",Unknown,Caucasian
Milane Blanc,"Hannah, Sabrina Blanc, Milana C, Milana, Milena, Milana Blanc, Kyah",Unknown,Caucasian
Mia Blow,Unknown,Unknown,Caucasian
Carolina Vogue,"Carolina Star, Helena Miles, Carolina June, Karolina Star",Unknown,Caucasian
Kira Liv,Unknown,Unknown,Caucasian
Emily Wett,WettMelons .,Unknown,Caucasian
Rilee Marks,"Rylee Marks, Anessa FTV, Riley Marks",Unknown,Caucasian
Lady Masha,"Kimi Moon, Alla Minx, Venus X, Jasminka, Lady Masa, Lady Natasha",Unknown,Caucasian
Dawn Allison,Dawns Place,Unknown,Caucasian
Kendra Rowe,Unknown,Canadian,Caucasian
Klara Gold,"Clarita Gold, Assh Lee, Clara Gold",Unknown,Caucasian
Alessandra Amore,Alessandre Amore,Unknown,Caucasian
Charlie Rae,Unknown,British,Caucasian
Trippie Bri,Unknown,Unknown,Caucasian
Anna Rey,Unknown,Unknown,Caucasian
Gabriella Varvara,"Nasa, Gabriella Laty, Esegna, Cameran, Gabriella Lati",Unknown,Caucasian
Rebecca Blue,Mistress Rebecca,Unknown,Caucasian
Goldie Small,Unknown,Unknown,Caucasian
Macarena Lewis,Unknown,Unknown,Latin
Sofia Rivera,Unknown,Unknown,Latin
Keira Moon,Keira Moire,Unknown,Caucasian
Emma Jade,Lilli Chanel,Unknown,Unknown
Maria Moore,"Maria Moor, Marie Moore, Maria More",Unknown,Caucasian
Charley Hart,Ryan Hart,Unknown,Caucasian
Talia Hanson,Unknown,Unknown,Caucasian
Sammie Daniels,Sammi Daniels,Unknown,Caucasian
Katrina Reed,Unknown,American,Caucasian
Mysweetapple,Unknown,Unknown,Caucasian
Alexa Poshspicy,"Purple Oblivion, Aleksandra Kravchenko",Unknown,Caucasian
Britney Spears,"Pinkey, Pop Tart, Brit-Brit, The Pop Phenomenon, Godney, The Princess Of Pop, Bit-Bit, Britney Pig, The Pop Legend",American,Caucasian
Valeria Mint,"Valeria Angel, Diana Heaven, Valeria M",Ukrainian,Caucasian
Claudia Rossi,"Sabrina White, Veronika Sinclair, Veronika Kozikova, Claudia Possi, Claudia Rossie, Anett Stromberg",Unknown,Caucasian
Michelle Wild,"Katalin Vad, Michelle Wilde",Hungarian,Caucasian
Carolina Abril,"Lolly C, Carolina Abriz, Carolina Ferrer",Spanish,Caucasian
Kayla Synz,"Mikayla Donatucci, Kayla Sinz",American,Caucasian
Sindee Jennings,"Sindee Belle, Cindie Clear, Sinde Clear, Syndee Jennings, Sin Dee Jennings, Sidnee Jennings, Alexandra Wallace, Cindy Clear",Unknown,Caucasian
Jane Darling,"Jan Durlink, Jane Durlink, Jane Durlmak, Jane Dulkirnm, Jana Darling, Jana Uhrova, Jana Red, Sandy Taylor",Unknown,Caucasian
Lola Reve,Lola Eve,Unknown,Caucasian
Martina Chen,"RealMartinaChen, MartinaChen, Xiaohui Chen",Unknown,Asian
Agustina Rey,Unknown,Ecuadorean,Latin
Kat Meyer,Unknown,Unknown,Unknown
Clair Brooks,Claire Brooks,Unknown,Caucasian
Megan Loxx,"Meghan, Genevive, Megan Starr, Megan Starr Loxx, Desirae Wood",American,Caucasian
Callie Calypso,Sydney Raye Smith,American,Caucasian
Ashley Vallone,Unknown,Unknown,Caucasian
Lucy Rodriguez,Unknown,Unknown,Latin
Ally Wild,Unknown,American,Caucasian
Zara Brooks,Unknown,Unknown,Caucasian
Meow Miu,Unknown,Russian,Caucasian
Natalie Moore,"Jane Johnson, Daphne Perkins",Unknown,Caucasian
Barby Slut,Unknown,British,Caucasian
Alanna Pow,Unknown,Unknown,Unknown
Christina Jolie,"Tessa Snow, Rebecca, Karima, Kisttin, Karima A",Unknown,Caucasian
Jessi Palmer,Jessie Palmer,Unknown,Caucasian
Hazel Winters,Unknown,Unknown,Caucasian
Elena Ross,Unknown,Unknown,Caucasian
Anna Hotbabee,"Anna Petite Blonde, Anna Waves, Anna Hotbabe",Unknown,Unknown
Rose R,"Honey Proud, Jizzle Baby, Jizzles, Miss Jyssica, JizzleBum",Unknown,Caucasian
Alba De Silva,Unknown,Unknown,Latin
Nikki Riddle,Irina,Unknown,Caucasian
Anna Celeste,Sophie Rainna,Unknown,Asian
Felix Weatherwood,"Dusty, Dusty Sunshine, Gala",Unknown,Caucasian
Angela Allison,Angella Allison,Unknown,Caucasian
Renee Richards,"Reni Cox, Renee Cox, Renee Richardson, Renee Coxxx",Unknown,Caucasian
Anna Tatu,Edwige A,Czech,Caucasian
Rosemary Moyer,Jessy Brown,Unknown,Caucasian
Tucker Stevens,Tucker Pierce,American,Caucasian
Wiska,"Nastya C, Nastika, Nastya, Melody, Liya, Anastasia, Nastia",Unknown,Caucasian
Ms Visual,"Mrs. Sloppy, Pily Visual",American,Latin
Shayla Laveaux,"Shayla La Veaux, Shayla VaVeaux, Shayla LaVeau, Shayla Lawrence, Shayla LaVeuax, Shayla LeVeaux",Unknown,Caucasian
Alaura Grey,Unknown,Unknown,Caucasian
Dawn Layla,Unknown,Unknown,Unknown
Tia Kai,Unknown,Unknown,Asian
Kym Graham,Kay,Unknown,Caucasian
Alanna White,Unknown,Unknown,Unknown
Sarah Nicola Randall,Sarah Randall,Unknown,Caucasian
Sophie Moone,"Renata Somossy, Sasha Saint, Sophie Weston, Sasha Sa, Sophie Moore, Sophie Sweet, Sofia Volkova, Sophie Moon",Hungarian,Caucasian
Briana Blair,"Brandy Blair, Brianna Blair",Unknown,Caucasian
Silvie Thomas,"Sylvie Nendezova, Sylvia Nendezova, Sylvie Thomas, Silvie Nendezova",Unknown,Caucasian
Evelyn Lin,"Evelyn Lynn, Evelyn Lyn, Zhang Li, Evelin Lin",Unknown,Asian
Zoe Rush,"Tamara Jade, Tamara Odell, Zoey Kush, Tabby, Star Jade",Unknown,Caucasian
Misty Rein,Misty Rain,Unknown,Caucasian
Georgia Peach,"Georgia Starr, Leigh, Georgia X., Knocked Up Peaches, Lorelie Leigh, Leigh Model, Georgia X, Bebe Felony, Miss Georgia Peach",Unknown,Caucasian
Skye West,Unknown,American,Caucasian
Lizzy Lust,Unknown,Unknown,Latin
Pixiee Little,"Pixie Little, Little Pixie",Unknown,Caucasian
Scarlett Sweets,Unknown,Unknown,Caucasian
Yuna,Unknown,Unknown,Caucasian
Micah Moore,"Remi, Micha Moore",Unknown,Caucasian
Kate Gross,Kattie Gross,Unknown,Caucasian
Nina Leigh,Unknown,Unknown,Caucasian
Brooks Nader,Unknown,Unknown,Caucasian
Mariah Milano,"Mariah Kane, Mariah Wind",Unknown,Latin
Lola Hunter,Unknown,Unknown,Caucasian
Claudia Marie,Unknown,Unknown,Caucasian
Jada Fire,"Jade Fire, Jareena Jade Johnson",Unknown,Black
Taylor St. Claire,"Taylor St. Clair, Tayler St Claire, Kimberly Knight, Taylor StClair, Mistress Taylor, Taylor St Clair",American,Caucasian
Ashley Woods,Unknown,Unknown,Caucasian
Julia Lane,Unknown,Unknown,Unknown
Victoria Puppy,Viktoria McAdams,Unknown,Caucasian
April Maxima,Unknown,Unknown,Asian
Queenlin,"Galinka Nagymell, Qualin, Galinka Nagymellu",Russian,Caucasian
Valentina Bellucci,Unknown,Italian,Caucasian
Brittany Love,Unknown,Unknown,Caucasian
Jordan Jagger,"Jordan Price, Sasha Barbie, Jennifer Keelings, Jennifer Keellings, Jennifer Keeling",Unknown,Caucasian
Sidra Sage,Unknown,American,Caucasian
Ashley Red,Unknown,American,Caucasian
Karina Valentina,Unknown,American,Latin
Kinky Katie,Unknown,Unknown,Unknown
June Liu,Unknown,Chinese,Asian
Blonde Gabie,"Blonde Gabbie, Gabie Maye",Unknown,Caucasian
Sierra Nicole,Unknown,Unknown,Caucasian
Erin Green,Unknown,Unknown,Caucasian
Darling Deicide,"Ximena Torres, Rose Darling",Unknown,Latin
Alicia Angel,"Alica Angel, Alisha Angel, Alishia Angel",Unknown,Caucasian
Sahara Skye,"Charley Chaplin, Belle O Hare",Unknown,Caucasian
Camilla Araujo,Unknown,Unknown,Latin
Serena Salgot,Unknown,American,Caucasian
Amanda X,Unknown,Unknown,Caucasian
Cloee Trinity,"Kloe, Neona, Katya, Nissa, Ekaterina",Unknown,Caucasian
Shae Haesicks,"Haesicks, Shae Hampson",American,Caucasian
Mi Ha Doan,Unknown,Unknown,Asian
Jenna Kseniya,"Amy Smile, Viktoriia Aliko, Hilary C, Amy Kseniya",Unknown,Caucasian
Jenevieve Hexxx,"Jen Hexxx, JenevieveZ, Seductive Sorceress, Witchy Woman",Unknown,Caucasian
Eva Black,"Eva Hot, Ela Wallach, Gaia Preziosa, Eva Mercedes, Zgut Ã‰va, Laura Black, Eva Storm, Mercedes Aiwe, Eva Brown, Mary Sander, Aiwe Black, Eva Braun",Unknown,Caucasian
Marina Beaulieu,"Marine, Blondie, Marina Beaulieue, Josephine N",Unknown,Caucasian
Daisy Garcia,"Daisy Hernandez, Daisy Hard, Delaney Barrish",Unknown,Latin
Tylar Jacobs,"Tylor Lee, Maile, Tylar Jackobs, Mailee, Maile Jacobs, Tylar Lee",Unknown,Caucasian
Queen Kimi,Unknown,Unknown,Latin
Makenna Blue,"Mickey Reise, Makenna Reise, Mickey Blue",Unknown,Caucasian
Cassie Bender,Unknown,Unknown,Caucasian
Audrey Miles,Unknown,American,Caucasian
Hanna Suzuki,"Mizuki Ogata, Anna Suzuki, Ayana Naito",Japanese,Asian
Lilith Lee,"Rachel LaRouge, Rachel La Rouge, Misha Gold, Lady Pinkdot, Bambi Bella",Unknown,Caucasian
Jessica Lincoln,Unknown,Unknown,Caucasian
Amanda Clarke,Unknown,Unknown,Caucasian
Venus Afrodita,Venusa,Unknown,Latin
Cherokee,Cherokee XXX,American,Latin
Amber Jade,Unknown,Unknown,Caucasian
Nikia A,Unknown,Unknown,Caucasian
Ashley Sinclair,Princess Ashley,Unknown,Caucasian
Jeff Milton,"Amanda Moore, Kira, Xenia Sergeevna Semiokhina, Ksenia, Aksinia Semiohina, Keira, Ksenia Barinova",Unknown,Caucasian
Andy Brown,"Andy Dark, Andrea Belfiore",Unknown,Caucasian
Ezanni Solei,"Evanni Jolei, Evanni Soleil, Evanni Solei",Unknown,Black
Miley May,"Miley Mae, Caroline Cross",American,Caucasian
Elle Knox,Unknown,Unknown,Caucasian
Vanessa Hill,Liloo,Colombian,Latin
Isabella Both,Unknown,Unknown,Caucasian
Audrianna Angel,"Aderianna Angel, Adrianna Angel",Unknown,Latin
Yuna Hirose,"Yumi Hirosawa, Seika Hirayama",Unknown,Asian
Yasmine Beale,Unknown,Unknown,Caucasian
Kiara Peach,"Chiara P, Kiara Peachy, KiaraPeachlegit",Unknown,Latin
Loveless,Loveless Suicide,Unknown,Unknown
Pearl Diamond,"Angela Blue, Szabina Blue, Sabina Blue, Abonyi Anita",Unknown,Caucasian
Bellina,Unknown,Unknown,Caucasian
Samantha Sin,"Melody Allure, Kay, Sammy Sin, Samantha Sinn",Unknown,Caucasian
Honey Winter,"Honey Summer, Tea Blondie",Unknown,Caucasian
Luxury Princess,"Luxury Amore, Ms Sassi, Ms. Sassi",Unknown,Black
Nancy Navarro,Unknown,Unknown,Latin
Everly Lanes,"Everly Taylor, EverlyLaness, Evie Lanes, Whateverlyy",Unknown,Caucasian
Vixen Kitten,Unknown,American,Caucasian
Lyla Lei,"Kyla Lei, Terri Chhum, Layla Lei, Leyla Lei, Layla Lee, Ly Len",Unknown,Asian
Emily B,Emily Banfield,Unknown,Caucasian
Tiffany Tyler,Tiffany Tayler,Unknown,Caucasian
Rilynn Rae,"Vivian Vista, Crystal, Rylin Rae",Unknown,Caucasian
Alexa Weix,"Linda Fernandez, Linda Shayne, Melinda Berenson, Melinda Herminez, Jasmin Field, Melinda Braque, Alexia Weiss, Melinda Ricci, Linda Shame, Linda Shane",Unknown,Caucasian
Veronica Radke,"Scarlet, Daisy Blue",Unknown,Caucasian
Kassey Krystal,"Kassey Kristal, Krystal Kassey",Unknown,Caucasian
Lana Vegas,Unknown,Unknown,Caucasian
Kyra Sex,Unknown,Unknown,Latin
Karla Lane,Karla Navarro,Unknown,Latin
Meadow Brink,Unknown,Unknown,Caucasian
Kara Carter,Unknown,Unknown,Caucasian
Lia Mango,"Leea Mango, Mango Lia",Unknown,Unknown
Charlotte Springer,Charley S,Unknown,Caucasian
Kelly Hathaway,Hattie Grace,Unknown,Caucasian
Jay Gray,Jess Gray,Unknown,Black
Marlem,Marlemm,Unknown,Unknown
Anouk Grey,Unknown,Belgian,Unknown
Laser Whip,Unknown,Unknown,Unknown
Elizabeth Romanova,Elizabeth Romanov,Unknown,Caucasian
Awlivv,Unknown,Unknown,Unknown
Eden Adams,Unknown,Unknown,Caucasian
Niki Meow,Unknown,Unknown,Unknown
Freya Fantasia,Unknown,Unknown,Caucasian
Sweet Vicky,Unknown,Unknown,Caucasian
Danniella Levy,"Dani Levy, Danni Levy",Unknown,Caucasian
Paisley Parker,Brooke Lexington,Unknown,Caucasian
Bianka Blue,Unknown,Unknown,Caucasian
Buffy Lebrat,"Verity Strict, Lola Gatsby",British,Caucasian
Olivia Sin,Unknown,Unknown,Caucasian
Phoenix Madina,Unknown,Unknown,Caucasian
Lina Shisuta,Lina Star,Unknown,Caucasian
Jessy Jey,Unknown,Unknown,Caucasian
Ariel Lee,Pressley Carter,Unknown,Caucasian
Adessa Winters,Unknown,Unknown,Caucasian
Marina Morris,Unknown,Russian,Caucasian
Niky Bimbodoll,Niky Rabbit,Unknown,Latin
Abby Rode,"Abby Rhode, Bonnie Rose Higgins, Abby Rhodes",Unknown,Caucasian
Indigo Sin,Unknown,Israeli,Caucasian
Alexis Ramirez,"Alexis Breeze, Alexes Breeze",Unknown,Latin
Naty Delgado,Unknown,Colombian,Latin
Teen Kasia,"Kasia UÅ›ciÅ‚ko, Barbara Uscilko",Unknown,Caucasian
Olivia Keane,Unknown,British,Caucasian
Scarlett Johnson,Scarlet Johnson,Unknown,Caucasian
Nika Charming,Unknown,Unknown,Caucasian
Jolla Pr,Unknown,Unknown,Latin
Maya Grand,Mia Grand,Unknown,Caucasian
Dre Delevingne,Unknown,Unknown,Mixed
Lilo Mai,Unknown,Unknown,Caucasian
Sweet Krissy,Unknown,Unknown,Caucasian
Janine Lindemulder,"Janine Lindemuler, Janine Lindemuller",American,Caucasian
Rubi Storm,"Rubi Strom, Ruby Storm, RubiStormx, Rubi Stormx",Spanish,Caucasian
Mila Castro,Mila Blaze,Unknown,Latin
Ellie Wain,Unknown,Unknown,Caucasian
Yume Mitsuki,"Yume Miduzi, Yume Mizuki",Unknown,Asian
Opal Essex,Unknown,American,Caucasian
Lisi Kitty,"Sexy Kitty, Masya A",Unknown,Caucasian
Lis Evans,Unknown,Unknown,Caucasian
Stefy Shee,"Angela Bambi, TD Bambi, Bambi Dee",Unknown,Caucasian
April Dawn,Unknown,Unknown,Caucasian
Bella Tina,Unknown,French,Caucasian
Armani Monroe,"Armani Monae, Armoni Monie, Armani Banks",Unknown,Black
Genevieve Gandi,"Erika A, Vanessa Goldness, Christianna, Marianna Merkulova, Xana D, Erica B",Unknown,Caucasian
Jackie Wood,Unknown,Unknown,Latin
Tokyo Leigh,Unknown,American,Asian
Iamhely,"Helene Boudreau, Helene",Canadian,Caucasian
Pamela Sanchez,Unknown,Unknown,Caucasian
Ellie Moore,"Ellie Kisa, WetFoxes, Miss Ellie Moore",Russian,Caucasian
Lina Roselina,Unknown,Unknown,Caucasian
Aspen Martin,"Aspen A, Aspen Parker",American,Caucasian
Amber Faye,Unknown,Unknown,Latin
Angel Rush,Koza Dereza,Unknown,Caucasian
Sarah Rae,Unknown,Unknown,Caucasian
Amaranta Hank,Alejandra Omana,Colombian,Latin
Bree Haze,Unknown,Unknown,Caucasian
Lexy Lotus,Unknown,Unknown,Caucasian
Camila Chix,Camilla Kamila,Unknown,Caucasian
Kimber Delice,Kimber Selice,Unknown,Caucasian
Kimberly Moss,Unknown,Unknown,Latin
Katarina Meis,Katarina Mise,Unknown,Caucasian
Holly Wellin,"Holly Weller, Holly Weiden, Lisa Christian, Holly Wallen, Holly Wellen",British,Caucasian
Luna Roulette,Unknown,Unknown,Caucasian
Dyanna Lauren,"Dyanna Whyte, Diana White, Dyanna Lawson, Dianna Lauren, Dyana Lauren, Dyann Lauren, Dyanna Gray, Diane Hurley",Unknown,Caucasian
Carmen D,"Maria De Angeles, Carmen De Luz, Carmen Luz",Unknown,Latin
Briana Lee,Briana Lee XO,Unknown,Caucasian
Eliza Thorn,"Nevet Nikolet, Eliza Thorne",Unknown,Caucasian
Maddie Winters,Unknown,Unknown,Caucasian
Jessica Portman,Unknown,Unknown,Caucasian
Kira Rami,Unknown,Russian,Caucasian
Harper Madison,Unknown,Unknown,Caucasian
Ophelia Dust,Unknown,Hungarian,Unknown
Daisy Diva,Unknown,Unknown,Caucasian
Aria Sky,Unknown,Unknown,Caucasian
Lola La Loca,Unknown,American,Latin
Alice Shea,Katarina Vesna,Unknown,Caucasian
Gina Lee,"Gina Novak, Denisa Brazdova, Tina Shannon, Sweet Denisa, Denula Kubikova, Gina Jones, Yasmin et Samueline de la Rosa, Denisa B",Czech,Caucasian
Anna Khara,Unknown,Unknown,Caucasian
Sweet Mery,Marija Zadravec,Croatian,Caucasian
Lisa Sweet,"Liza Tutoha, Lisa L, Anastasia Nechaeva",Unknown,Caucasian
Sandra Soul,Unknown,Unknown,Caucasian
Dirty Tina,"Tina V, Nasse Tina",Unknown,Caucasian
Guiliana Alexis,Gulliana Alexis,Unknown,Latin
Kat Monroe,Katie Monroe,American,Caucasian
Megan Holly,Unknown,Unknown,Caucasian
Farrah Rae,Farah Fae,Unknown,Caucasian
Megs Mitchell,Unknown,Unknown,Unknown
Lanie Morgan,Audry,Unknown,Latin
Beata Undine,Beata Porn,Latvian,Caucasian
Ronnie Violet,Unknown,American,Latin
Agatha Delicious,Unknown,Unknown,Caucasian
Nataly Von,"Nathaly Von, Nataly V., Natalie Von, Nataly Vonn, Nataly B",Unknown,Caucasian
Angie Emerald,Tea Key,Unknown,Caucasian
Xaya Lovelle,Marina The Sub,Unknown,Latin
Anna Mae,Anna May,Unknown,Caucasian
Wendy Star,"Jannet, Chesty Westy, Wendy Wonders, Janette Westy, Jannete, Wendy Westy, Westy Star",Unknown,Caucasian
Peaches Love,Unknown,Unknown,Black
Muscle Barbie,"Gabrielle Lyons, Gabby Lyons, Miss Muscle Barbie",Australian,Caucasian
Zoey Reyes,Unknown,Unknown,Black
Sexy Lexy,Unknown,South African,Mixed
Nikita Wanilianna,Unknown,Unknown,Caucasian
Rachel Salori,"Rachael Solari, Rachel Solari",Unknown,Caucasian
Ginger Banks,Unknown,Unknown,Caucasian
Shakila Asti,Shakilla Astti,Unknown,Caucasian
Maya Pink,"Maya PinkLoving, Barbie Pink",Polish,Caucasian
Emily Swan,"Stacy Swan, Nastya Nymph",Unknown,Caucasian
Melina May,Unknown,Unknown,Caucasian
Kirschley Swoon,"Kurshney, Kirshley Swoon",Unknown,Caucasian
La Petite Blonde,Summer Hilton,Unknown,Unknown
Dani Valentina,Unknown,Unknown,Latin
Nikki Capone,Cec,Unknown,Caucasian
Cortney Weiss,"Little Angel, Sandy Mason, Angel Petite, Nata Panther",Russian,Caucasian
Kitty Quinn,Unknown,Unknown,Latin
Tess Lyndon,"Tess B, Alana",Czech,Caucasian
Poetic Minx,Unknown,Unknown,Unknown
Courtney Sweet,"Exotic Sweety, Stephanie Smiley, Juliya, Bakulina Romanov, Jing, Sabrine, Amy Yang, Yumyko, Yumiko, Hon, Youlya Kohn, Liu Love, Janin, Sabine",South Korean,Asian
Lil Tammy,"Liona Levi, Tammy Lynn Hawn, Liona Bee, Juliette D, Rita Ulyanova, Juliya B, Liona Tammy, Liona Shy, Leona Levi",Russian,Caucasian
Blake Lovely,Unknown,Unknown,Caucasian
Kris Ann,DreamKrisAnn,Unknown,Caucasian
Lily Raine,Unknown,Unknown,Unknown
Becky Bond,"Frankie L, Rebecca Bond, Frankie Lain",Unknown,Caucasian
Adrianna Luna,Adriana Luna,American,Latin
Zaya Cassidy,Unknown,Unknown,Asian
Raven Bay,"Alexis Bay, Raven Bays",Unknown,Caucasian
Vitoria Beatriz,Unknown,Brazilian,Latin
Eva Johnson,Eva Johanson,Unknown,Caucasian
Mads Flores,Unknown,American,Latin
Crystal A,Unknown,Unknown,Caucasian
Kitty Kewpie,Unknown,Unknown,Unknown
Kristinka,Unknown,Unknown,Caucasian
Lucie Kline,"Lucy Kline, Lucie Cline",Unknown,Caucasian
Rebecca Black,Unknown,Unknown,Caucasian
Bedeli Buttland,Bedeli Butland,Unknown,Latin
Tracy Loves,"J Joanna, Tracey Ziggy, Tracy Smile",Czech,Caucasian
Selma Sins,Unknown,Unknown,Latin
Keri Sable,"Kery Sable, Carie Sable, Carrie Sable, Kerri Sable, Kerry Sable",Unknown,Caucasian
Suzy Fox,Unknown,Unknown,Caucasian
Lexie Cummings,Unknown,British,Caucasian
Dirty Angie,Unknown,Unknown,Caucasian
Mya Diamond,"Cherry Raven, Julia, May, Mia Diamond, Adrianna L., Júlia Koroknai, Zara Mars, Mya Bella",Unknown,Caucasian
Layla Rivera,"Lyla Rivera, Chula Sanchez, Layla Riviera",Unknown,Latin
Merilyn Sekova,"Anna Zhilenkova, Busty Anya, Anya Zenkova, Merilyn Sakova, Sabrina Oda, Anya Sakova",Unknown,Caucasian
Carol Vega,"Miss Pasion, Carola Vega",Unknown,Latin
Brandy Robbins,Unknown,Unknown,Caucasian
Rachel Aziani,Busty Rachel,American,Caucasian
Kylee Nash,Unknown,Unknown,Caucasian
Kayla Summers,Unknown,American,Caucasian
Tina Tolley,Unknown,Unknown,Caucasian
Scarlet Telles,"Scarlett Victor, Scarlet",Ukrainian,Caucasian
Chelsie Rae,"Chelsie Blue, Chelsey Ray, Chealsie Rae, Chelsea Rea, Tara, Chelsea Ray, Chelsea Rae",Unknown,Caucasian
Rebecca Lord,"Carre, Rebeca Lord, Rebecca King, Rebecca Dupont, Rebecca Lords, Rebecca Carre, Rebecca Bruns",French,Caucasian
Mila Koi,Unknown,American,Asian
Brittany Elizabeth,Brittany Cole,Unknown,Caucasian
Sammy Brooks,Unknown,Unknown,Caucasian
Odette Fox,Unknown,Unknown,Caucasian
Marilyn Mayson,Marilyn Milkshake,Unknown,Caucasian
Amber Kawaii,Unknown,Unknown,Caucasian
Alice Judge,Unknown,"British, Algerian",Caucasian
Angel Sins,Unknown,Unknown,Black
Ashley Stone,Tay,Unknown,Caucasian
Riley Mason,"Anna Mason, Scarlett Mason",Unknown,Caucasian
Alice Goodwin,Unknown,Unknown,Caucasian
Siya Jey,Unknown,Unknown,Caucasian
Shay Laren,Shay Lauren,Unknown,Caucasian
Betsey Kite,"Lisa Seab, Katya Belova, Dulsineya",Unknown,Caucasian
Britney Brooks,"BritneyAtHome, Britneys Bedroom",Unknown,Caucasian
Cassie Fire,"Monica Milton, Cassie Right",Unknown,Caucasian
Jordy Love,Unknown,Unknown,Black
Ellie Idol,"Dirty Little Chloe, Collie Pop",Unknown,Caucasian
Lilith,"Lilith Gruber, Lilit Grain, Lilit Wonder",Unknown,Caucasian
Cala Craves,"Cayla Craves, Cindy Craves, Cara Craves",American,Caucasian
Lexi Nicole,GionLexi,Unknown,Caucasian
Laura Lit,"Arielka, Kendra U, Laura Amour",Ukrainian,Caucasian
Roxanne Roselle,Unknown,American,Caucasian
Vanessa Cruz,Unknown,Unknown,Black
Draven Star,Unknown,Unknown,Caucasian
Mya Blair,Unknown,Unknown,Caucasian
Sophia Lomeli,"Connie Lomeli, Sofia Lomeli, Ana Karen Lomeli",Unknown,Latin
Buxom Bella,"Devlyn Red, Buxom Belladonna, Bewitching Bella",Unknown,Caucasian
Lacy Jane,Unknown,Unknown,Caucasian
Bianca Jaguar,Unknown,Unknown,Caucasian
Roxy Martin,Unknown,Unknown,Unknown
Kim Beltran,Unknown,Colombian,Latin
Bianca Pearl,Unknown,Unknown,Caucasian
Brenda Dixon,Unknown,Unknown,Unknown
Jessie Jett,Unknown,Unknown,Latin
Deliah Dukes,Unknown,Unknown,Caucasian
Chayse Evans,Chase Evans,Unknown,Caucasian
Babe Morgan,Unknown,Unknown,Caucasian
Melissa White,Unknown,Unknown,Caucasian
Monica Foster,Monica F. Foster,Unknown,Black
Anna Beck,"Ann Beck, Hettie Kournikova",Czech,Caucasian
Alice Rebel,Unknown,Unknown,Caucasian
Scarlett Sommers,Unknown,Unknown,Caucasian
Natasha Carter,Unknown,Unknown,Unknown
Molly Sims,Molly Raves,Unknown,Unknown
Sunny Bunny,Unknown,Unknown,Unknown
Sizi Sev,Unknown,Unknown,Black
Nina Rotti,Tiny Starr,Unknown,Black
Tiffany Star,Unknown,Unknown,Caucasian
Kate Dee,Unknown,Unknown,Caucasian
Leila Smith,"Klara, Jarmila, Rosy, Leila B, Pavla",Unknown,Caucasian
Mckenzee Miles,"Melanie, McKenzie Miles, McKensee Miles, Lydia Reed, Aspen, Makenzie Miles, Machenzie Miles",Unknown,Caucasian
Sandee Westgate,Sandra Westgate,American,Caucasian
Delilah Davis,Deliah Davis,Unknown,Caucasian
Katt Garcia,Unknown,Unknown,Latin
Nora Noir,Unknown,Unknown,Caucasian
Bunny Brownie,Unknown,Unknown,Unknown
Skylar Sweet,Unknown,Unknown,Unknown
Airu Oshima,"An Kitajima, Airu Ooshima, Aiko, Airu Ohshima, Wakaba, Aika Suzuki, Natsumi Ohta, Nana, Natsume Ota, Natsumi Oota",Unknown,Asian
Mia Hilton,Mare Hilton,Unknown,Caucasian
Anna Joy,Lana Gapes,Unknown,Caucasian
Daisy Valentine,Unknown,Unknown,Caucasian
Yvonna Carlo,"Ashden Rivers, Sonja",American,Latin
Melody Night,Melody Nigth,Unknown,Latin
Roxy Panther,"Roxane, Roxy Pantera, Szendra Black, Sandra Black",Unknown,Caucasian
Brianna Coppage,Unknown,Unknown,Caucasian
Lara Stevens,"Maria Kovak, Maria Roberts, Linda Leggins, Lara Svenson, Maria Kostovic, Cristina Rossi, Maria Dallas, Laura Stevens",Unknown,Caucasian
Melly Ohana,Unknown,Colombian,Latin
Roxi Riot,Unknown,Unknown,Unknown
Alicia Dark,Unknown,French,Caucasian
Cammie Fox,Unknown,Unknown,Caucasian
Lilli Dixon,Unknown,Unknown,Caucasian
Deanna Dare,Unknown,Unknown,Latin
Shannon Twins,"Karissa Shannon, Kristina Shannon",Unknown,Caucasian
Lucia Denvile,Lucia Denville,Slovakian,Caucasian
Alicia Rhodes,"Alisha Rhodes, Angela Rodes, Alicia Roads, Allicia Rhodes",Unknown,Caucasian
Candy Sweet,Unknown,Unknown,Caucasian
Charlie Laine,"Adel Miller, Tiffani Rocks, Charlie Lane, Brandy Sapphire, Raina Lee",American,Caucasian
Kara Novak,"Kara Novack, Britney Pierce",Unknown,Caucasian
Betty Foxxx,Betty Fox,Unknown,Latin
Mikayla Demaiter,Unknown,Canadian,Caucasian
Coco Vandi,Unknown,Unknown,Caucasian
Lisa Daniels,Lisa A Daniels,Colombian,Latin
Daisy May,Unknown,British,Caucasian
Mona Kim,"Lan Chana, Lana Chan",Russian,Caucasian
Emily Mena,Unknown,Unknown,Latin
Liza Ginger,Unknown,Unknown,Caucasian
Melanie Crush,"Bibi Fox, Baby Fox, Veronika Cicolina, BB Fox",Unknown,Caucasian
Marina Montana,"Maria Montana, Marina Rene",Unknown,Caucasian
Loren Sun,Diana B,Russian,Caucasian
Kami Yammy,Kami Yammi,Unknown,Caucasian
Lagoona Blaze,"Vivi Best, Lagoon Blaze, Vivi Storm",Unknown,Caucasian
Rima Arai,Unknown,Japanese,Asian
Leah Meow,Unknown,Unknown,Caucasian
Kimberly Brix,"VixieMae, Madeline sweet",American,Caucasian
Bibi Noel,"Dalia Sapphic, Michelle, Kichi Mejlik, Bibi C, Bibi Wetandpuffy, Dalia, Barbara, Ashley",Unknown,Caucasian
Lily Thai,"Lilly Thai, Lilli Thai, Lili Thai, Lily Than, Lilly Tai",Unknown,Asian
Naughty Brasilian,Nanda Rodrigues,Unknown,Unknown
Rion Nishikawa,"Riona Nishikawa, Youko, Rio Morioka, Asami, Yôko, Rinka, Riho, Rio Nishikawa, Yohko, Orioka, Chikage",Unknown,Asian
Julia Red,Unknown,Unknown,Caucasian
Da Cada,"Dacada, Dacada Perr",Unknown,Caucasian
Kimberly Costa,Unknown,Unknown,Caucasian
Lil Candy,"Mandy Main, Tiny Mandy, LilCandy",Unknown,Caucasian
Priya Young,"Preeti and Priya, Priya and Preeti",Unknown,Asian
Izzy Bella Blu,"Tiffany Rose, Izy-Bella Blue, Tiffany Diamond, Izybella Blu, Izy Bella",Unknown,Caucasian
Raylin Ann,"Paige Johnson, Ryland Ann",Unknown,Caucasian
Sierra Cute,Unknown,Hungarian,Caucasian
Wetmary18,"Mery Wet, Mary W, Mary Wet, Mary, Mary West, Wet Mary",Unknown,Caucasian
Mia Scarlett,Unknown,Unknown,Caucasian
Jessi Sour,Unknown,Russian,Caucasian
Lani Rails,Unknown,American,Caucasian
Marsianna Amoon,Marsiama Amoon,Unknown,Caucasian
Savana Ginger,"Gina Ginger, Geena Ginger, Savannah Ginger",Unknown,Latin
Katie Cox,"Tessa, Iris, Wallerie, Kate Fox, Mackenzie, Katerina Stehlikova, Audrey, Katka Stehlíková, Tereza, Valleria A., Katka Stehlikova, Ali, Valleria, Valeria, Walleria, Tesse, Katerina, Katka S., Katka",Unknown,Caucasian
Ria Rodrigez,"Rita, Ria R, Ria Rodriguez",Unknown,Latin
Ari Zona,Unknown,Unknown,Black
Natali Ruby,Unknown,Unknown,Caucasian
Bailey Rayne,ElegantLeia,Unknown,Caucasian
Ambra Dolce,Unknown,Unknown,Caucasian
Scyley Jam,"Skiley Jam, Victoria J",Unknown,Caucasian
April Brookes,April Brooks,Unknown,Caucasian
Kate Frost,Unknown,American,Caucasian
Mara Martinez,Unknown,Unknown,Caucasian
Joslyn Underwood,Unknown,Unknown,Caucasian
Michelle Anderson,Unknown,Unknown,Caucasian
Baby Jewel,"Mirella Csikis, Csikis Mirella",Unknown,Caucasian
Della Dane,Unknown,Unknown,Caucasian
Tiffany Taylor,"Heater Hunt, Heather Hunt, Tiffany Tyler, Tiffanny Taylor",Unknown,Caucasian
Amanda Love,Unknown,American,Caucasian
Cassie Courtland,"Casie Courtland, Cassie Courtlyn, Cassey Cortland",Unknown,Caucasian
Maci Lee,Macy Cartel,Unknown,Caucasian
Addison Blaine,Kera Lexus,Unknown,Caucasian
Yukki Amey,Unknown,Unknown,Caucasian
Sophie Gem,Unknown,Unknown,Caucasian
Adaline Star,Unknown,Unknown,Latin
Rin Kajika,"Rin Sculpin, Ria Sakuragi, Ren Kajika, Kaji Karin, Rina Aina",Unknown,Asian
Alana Lace,Unknown,Unknown,Caucasian
Amelia Rose,Samantha Marie,Unknown,Caucasian
Harley Raines,"Harley Raine, Harley Rain, Yvonne Custard, Harley Rains, Harley Rayne",Unknown,Caucasian
Dalila Dark,Unknown,Unknown,Caucasian
Lilith Brik,"Lilya 404HotFound, LiLi Hot404Found",Unknown,Caucasian
Bettie Ballhaus,"Bettina Ballhaus, Betty Ballhaus",Unknown,Caucasian
Malory Malibu,Unknown,Unknown,Caucasian
Lilli Vanilli,Unknown,Unknown,Caucasian
Lily Moon,Unknown,Unknown,Caucasian
Kinsley Kane,Unknown,Unknown,Caucasian
Bambi Joli,Bambi Jolie,Unknown,Caucasian
Kacey Kox,"Kasey Kox, Sweet Kacey",American,Caucasian
Mako Shake,"Carmen Mako, Carmen Rae",American,Caucasian
Polly Vixenp,"Polina A, Vixenp, Polina Vixenp",Unknown,Caucasian
Isabella Gomez,Unknown,Unknown,Latin
Sidney Alexis,Unknown,Unknown,Caucasian
Louise Lee,Miss Lee,Unknown,Caucasian
Audrey Show,Audrey Irons,Unknown,Caucasian
Miami Davis,Unknown,Unknown,Black
Tasha Lustin,Tasha Lustn,Unknown,Caucasian
Carla Crouz,"Carla Cruz, Carla Cross",Hungarian,Caucasian
Bella Bumsy,"Bella Bumzy, PokeBella, Pocket Rocket",American,Caucasian
Luna Okko,Unknown,Unknown,Asian
Mia Taylor,Mila Taylor,Unknown,Caucasian
Sierra Nevadah,Fawn Sonata,Unknown,Caucasian
Anna Pierceson,"Anna Leigh, Sweet Annabella, Anna Bell Lee, Annabelle Lee, Paige Bree",Unknown,Caucasian
Fit Xxx Sandy,Harleen Van Hynten,Unknown,Caucasian
Mia Bandini,Unknown,Unknown,Caucasian
Wicca Lavey,Unknown,American,Black
Rikki Nyx,"Rikki Nix, Rikki Nyxx, Rikki Carter",Unknown,Latin
Joleyn Burst,"katia, Bambi, Jolene, Kristyna",Unknown,Caucasian
Charisma Carpenter,"Charisma Carpenter Hardy, Chrissy Carpenter, Charisma Lee Carpenter",Unknown,Caucasian
Katrin Porto,Unknown,Unknown,Caucasian
Amber Rayne,Amber Rain,Unknown,Caucasian
Avril Hall,Avrill Hall,Unknown,Caucasian
Jamie Jackson,Unknown,Unknown,Caucasian
Tessa Lane,Unknown,American,Caucasian
Kendra Lee Ryan,Unknown,Unknown,Caucasian
Rucca Page,Rucca Paige,Unknown,Caucasian
Mao Mizusawa,"Yohko Sawada, Mao Suzuki, Naoko Mizushima, Youko Sawada, Maomi Nagasawa",Unknown,Asian
Anita Dark,"Sonia Bergher, Anita Pansy, Shelby Kane, Sonia Berger",Unknown,Caucasian
Cyntia Cymes,Unknown,Unknown,Caucasian
Victoria Lawson,"Brooke Nicole Duvall, Brooke Nicol Duvall",Unknown,Caucasian
Mandy Sweet,Unknown,Unknown,Caucasian
Mitropoliya,Sofya Mitropolskaya,Russian,Caucasian
Tori Hendrix,"Verona Sky, Vikky Tiky",Unknown,Caucasian
Shana Lane,Lane Sisters,Unknown,Caucasian
Jayna Oso,"Shauna D. Leake, Melasia, Jana Oso, Malaysa, Malasah, Malasia, Malaysia, Jaena",Unknown,Asian
Kathy Marfa,"Arina, Joanna Pret, Alyona, Ally, Maxine",Unknown,Caucasian
Altera Pars,Altera Paris,Unknown,Caucasian
Xianna Hill,Unknown,American,Latin
Riley Shae,"Riley Shea, Shey Isles",Unknown,Caucasian
Sarah Highlight,Sara Highlight,Unknown,Caucasian
Sharka Blue,"Skarka Blue, Sarka Kosova Pechousova, Csharka, Sarka, Kelly, Dawn, Sarka K., Shatka Blue, Sarka Blue, Šárka K.",Unknown,Caucasian
Angel Little,Little Angel,Unknown,Caucasian
Emilia Rostek,Emilka Rostek,Polish,Caucasian
Mira Cuckold,"Mira Cuckhold, Mistress Mira, Mira Cul-Cold, Ninel Mojado, Ninel Mohard, Mira Cul Cold, Magyar Mistress Mira",Unknown,Caucasian
Melody Sweet,Unknown,Unknown,Caucasian
Gabriella Romano,Gabrielle Romano,Unknown,Latin
Chloe Delaure,"Chloe Dolaure, Chloe De Laure",Unknown,Caucasian
Stassi Sinclair,Unknown,Unknown,Caucasian
Lara Onyx,Lara Onix,Unknown,Caucasian
Paulita Pappel,Unknown,Spanish,Caucasian
Mila Marx,Unknown,Unknown,Latin
Susie Stellar,Unknown,Unknown,Caucasian
Frecklemonade,"Freckle Lemonade, Frecklemondade",American,Mixed
Lexy Emerald,Unknown,Unknown,Unknown
Kelly Leigh,"Kelly Flames, Kelley, Nikki Score, Kelly Leigh Swaine, Kelli Leigh",Unknown,Caucasian
Cece Mecta,Unknown,American,Caucasian
Helen Star,Unknown,Unknown,Latin
Anastasia Belle,Unknown,American,Caucasian
Kiera Wilde,"Kelsey Ruthless, Kierra Wilde",Unknown,Caucasian
Hayli Sanders,"Haily Sanders, Haili Sanders",Ukrainian,Caucasian
Darina Nikitina,Unknown,Unknown,Caucasian
Danni Jones,Unknown,Unknown,Unknown
Sabrina Ice,Unknown,Unknown,Caucasian
Mizuki Akai,"Mitsuki Akai, Honoka Orihara",Unknown,Asian
April Flowers,"April Flores, April Summers, Vanessa Rae, April Rain, Diana Espin",Unknown,Caucasian
Anette Dawn,"Brigitte, Bridgett, Bocsi Anett",Hungarian,Caucasian
Marilyn Mansion,Unknown,American,Latin
Vicky Vixen,"Vickie Vixen, Victoria Tyler, Vicki Vixen",Unknown,Caucasian
Anita Sparkle,"Lika, Becky, Rebecca",Unknown,Caucasian
Lupe Burnett,"Megan Vale, Agata Fire, Francheska Cote, Francheska Zimov, Avina Delis",Unknown,Caucasian
Chloe Scott,Ashley Ackerman,Unknown,Caucasian
Roxy Ryder,"Cali King, Roxy Rider, Roxie Ryder",Unknown,Caucasian
Katie White,"Lottie Phillips, Lottie Cooper, Miss Carter",Unknown,Caucasian
Olivia Kassady,Olivia Kasady,Unknown,Caucasian
Cassandra Dawn,Unknown,Unknown,Asian
Denisse Gomez,Michelle Bravo,Venezuelan,Latin
Gigi Love,Unknown,Unknown,Caucasian
Nayomi Sharp,Unknown,Unknown,Caucasian
Yuri Honma,Tsukasa Aiuchi,Unknown,Asian
Saya Niiyama,"Saya Niyama, Kaori Kirimura",Unknown,Asian
Blanca Brooke,"Lena, Brittany B., Blanka, Brittany, Nicole, Blanka Brooks",Unknown,Caucasian
Brooklyn Jade,"Brook Lynn, Krystle Bleu",Unknown,Caucasian
Cheyenne Gray,Unknown,Unknown,Unknown
Amiru Konohana,"Minami Nakahara, Yu Shinohara, Amiru Kigihana",Japanese,Asian
Kitty,"Lil Miss Kitty, Kitty Katzu, Kitty Jung",Unknown,Asian
The Queen,"TheQueen, Queen Hailey",French,Caucasian
Gotta Love Lucky,Lucky,Unknown,Caucasian
Tia Tanaka,"Mulan Wang, Mulaan Wang, Sasha Lei",Unknown,Asian
Veronica Morre,"Marfa Piroshka, Veronika Morre",Ukrainian,Caucasian
Victoria Black,Unknown,Unknown,Caucasian
Lana Lush,Unknown,Dutch,Caucasian
Krystal Steal,"Krystal Steale, Crystal Steale, Krystal Steele, Krystal Steel",American,Caucasian
Alex Mae,Unknown,Unknown,Caucasian
Abelinda,"Tiny Tyler, Darya, Liza, Olena, Spice, Belinda, Sarah, Fiva, Katie, Daisy, Kiska, Bente, Mila, Benta, Nicole, Lucy, Jenny, Tanya",Unknown,Caucasian
Cinthia Doll,"Chintia Doll, Stefania Popescu",Unknown,Caucasian
Tayra Jane,Unknown,Unknown,Unknown
Angel Pink,"Molya Carla Laura, Angel P.",Unknown,Caucasian
Goddess Kyaa,Kyaa Chimera,Unknown,Caucasian
Julie Skyhigh,"Julia Skyhigh, Julie Jodar, July Skylight",Unknown,Caucasian
Mysti May,"Misty Mae, Misti May, Misty May",Unknown,Caucasian
Teena Lipoldino,"Teena Doll, Dolly Teena, Aurora Nilsson, Dolly Spice, Tina Lipoldino, Teena Dolly, Teene Dolly, Beth Tinney, Teena Lipoldina",Unknown,Caucasian
Mila Sobolov,Unknown,Unknown,Caucasian
Wendy Harper,"Vasilisa, Emm, Anita, Tania, Tavera, Angela I, Breyta, Ilona, Polie, Laria, Tanata, Anjela, Tess, Bretta, Polina",Unknown,Caucasian
Nolina Nyx,Unknown,Unknown,Caucasian
Rossella Visconti,Unknown,Unknown,Caucasian
Sunny May,Lika Li,Unknown,Unknown
Beth Chance,"Monica, Verusha, Savannah Secret, Beth P, Varusha, Veronika A, Savannah, Beth A, Jemma, Anastasia, Savanah Secret",Unknown,Caucasian
Stella Jones,Stella DDF,Unknown,Caucasian
Mary Rider,"Mary Harley, Mariagiovanna Ferrante",Unknown,Caucasian
Amari Gold,Unknown,Unknown,Black
Rita Daniels,Unknown,Unknown,Caucasian
Hailey Nyxx,Ellie May,American,Latin
Milena Velba,Michaela Velba,Unknown,Caucasian
Elisa Sanches,"Paloma Maya, Elisa Sanchez",Unknown,Caucasian
Valery Ponce,Unknown,Colombian,Latin
Suzanna A,"Suzanna Ahe, Suzanna Barsamin",Unknown,Caucasian
Nina Diaz,Unknown,Unknown,Unknown
Hollie Peers,Holly Peers,Unknown,Caucasian
Jessica Sodi,Unknown,Mexican,Latin
Farrah Flower,Jessica Carter,Unknown,Caucasian
Vickie Powell,"Vicki Powel, Vicki Powell, Vicky Powell",Unknown,Caucasian
Jenny Anne,Izzy Delphine,Unknown,Caucasian
Litty Britty,"Brittany Kelly, Brittany Kay'e",American,Black
Angel Blade,Buza Kata,Unknown,Caucasian
Brianna Dymond,Unknown,American,Caucasian
Zelda Morrison,Unknown,Unknown,Caucasian
Chelsea Charms,Unknown,Unknown,Caucasian
Chanel Fenn,"Easy Di, Victoria Minina, Cali B, Victoria Sokolova",Unknown,Caucasian
Tristan Kingsley,"Tristen Kingsley, Tristian Kingsley",Unknown,Latin
Sonia Sparrow,Unknown,Unknown,Caucasian
Alaina Kristar,Unknown,Unknown,Caucasian
Vera Bliss,Unknown,Unknown,Caucasian
Nikki Bell,Unknown,Unknown,Caucasian
Emilia Hops,Emelie Hops,Unknown,Caucasian
Uk Lucy Love,"Lucy of Worthing, Lucy Lords",Unknown,Caucasian
Susan Snow,"Zuzana Steel, Lena, Suzana Shape, Zuana, Suzan Elfe, Zuzana Shape, Vicky",Unknown,Caucasian
Kenzi Foxx,Kenzi Fox,Unknown,Caucasian
Harley Gacke,Unknown,Unknown,Caucasian
Nicole Pearl,Unknown,Unknown,Caucasian
Amora Lee,Unknown,Unknown,Black
Geral Santos,Unknown,Unknown,Unknown
Xena Ebony,Unknown,Unknown,Black
Claudia Colt,Unknown,Slovenian,Caucasian
Braxton Kai,Unknown,Unknown,Caucasian
Elen Moor,"Ellen Moore, Veronica Red, Elen Moore",Unknown,Caucasian
Tory Bellamy,Unknown,Unknown,Latin
Eloa Lombard,Unknown,Unknown,Caucasian
Angelica Raven,"Busty Becky, Becky Olson, Vivvian Lee, Ashley-Nicole Johnston, Angelika Raven",Unknown,Caucasian
Zilie,"Mia 18, Mia18, Patrisia",Unknown,Caucasian
Lyen Parker,"Kennedy Kelly, Lien Parker, Lien, Demetris",Unknown,Caucasian
Sasha Knox,"Alice Strange, Sascha Knox",Unknown,Caucasian
Lexi Bloom,Abby,Unknown,Caucasian
Riley Shy,Riley Sky,Unknown,Caucasian
Kylie Reese,"Kylee Reese, Kylie West, Tiffany Faren Bowyer",Unknown,Caucasian
Nicole Bexley,Eyy Nicole,American,Mixed
Angelina Crow,"Angela Crow, Julia Crow, Angelica Crow, Angela Black",Unknown,Caucasian
Ceil Gryphon,"Ciel Gryphon, Ciel",Unknown,Caucasian
Raquel Sieb,"Raquell Sieb, Raquel Depaz, Racquel Seib",Unknown,Caucasian
Yui Oba,"Tui Oba, Yui Ohba, Natsu Komatsu",Unknown,Asian
Anita Toro,Juana Chavez,Unknown,Latin
Reina Hart,Unknown,American,Latin
Leilani Gold,Unknown,Unknown,Latin
Sandra Bulka,Unknown,Unknown,Unknown
Vivian Grace,Unknown,Unknown,Caucasian
Buttslut Billie,Unknown,Unknown,Unknown
Kataljna Kittin,Pinay Pixie,Unknown,Unknown
Sage King,Unknown,Unknown,Unknown
Carolina Savage,Unknown,Russian,Caucasian
Mara Gri,Mary Fox,Unknown,Caucasian
Angie Bravo,Unknown,Unknown,Latin
Althea Diamante,Unknown,Austrian,Mixed
Suok A,"R_o_s_y, Rosy, Rose",Belarusian,Caucasian
Debbie White,Unknown,Unknown,Caucasian
Iona Grace,Unknown,Unknown,Caucasian
Serena Skye,Unknown,Unknown,Latin
Sakura Hell,Unknown,Czech,Caucasian
Lisa Koenig,"Sandra Sturm, Anna von Morgenstern, Sandra Storm",Unknown,Caucasian
Carmen Hayes,"Fanatsy, Carman, Carmen Haze, Carmen Jones, Luscious, Carmen Hays",Unknown,Black
Selena Gomez,"Grace Anne Bennett, Beezus Quimby, Alex Russo, Cordelia Winthrop Scott",Unknown,Latin
Sabrina Jay,Unknown,Unknown,Caucasian
Jenny Hendrix,"Hot Haley, Jenny Hendricks, Jenni Hendrix, Hannah Hendrix, Jenny Handrix",Unknown,Caucasian
Kaylynn,"Kaylynn Calloway, Caylynn, Kay Lynn, Kaylynn Steel, Kaylynn Charmed, Kaylin",Unknown,Latin
Tiffany Fox,"Tiffany Foxx, Tiffany D'Gore, Tiffany D Gore",Unknown,Caucasian
Taylor Stevens,Tay Stevens,Unknown,Caucasian
Shelby Gibson,Unknown,American,Caucasian
Super Nova,Kate Bae,Unknown,Caucasian
Silvia Jons,"Magy, Latoya",Unknown,Caucasian
Lexxi Steele,Lexi,Unknown,Caucasian
Sirale,Sirale Alena,Unknown,Caucasian
Nicole Sheridan,"Nicole Sheraton, Nicole Sheriton, Nichole Sheridan, Nicole Sheridon, Nici Sheridan, Melissa Post, Nichole Sheraton",Unknown,Caucasian
Heather Harmon,iDeepthroat Heather,Unknown,Caucasian
Desiree Cousteau,"Desireé Clearbranch, Deseree Cousteau, Deborah Carter, Deborah Clearbranch",Unknown,Caucasian
Aurora Phoenix,Unknown,Unknown,Caucasian
Honey Sasha,YourHoneyGirlXX YourHoneyGirlXX,Unknown,Caucasian
Bobbie Lavender,Xbobbiesworld,American,Caucasian
Anna Arilaviee,"Anna Knyazeva, Ariel Lush",Russian,Caucasian
Lola Bulgari,Unknown,Unknown,Caucasian
Adrienne Anderson,"Liz FTV, Ashley",Unknown,Latin
Mia Bitch,Unknown,German,Caucasian
Nora Ivy,Unknown,Unknown,Caucasian
Dolly Rud,Unknown,Unknown,Caucasian
Azura Alii,Unknown,Unknown,Caucasian
Gia Cerrutti,"Marie Vesela, Maple Lane, Gea Gempettia, Brittany Whisper, Isabella Hill",Unknown,Caucasian
Eden Addams,"Eden Arya, Eden Aria",Unknown,Caucasian
Adelle Sabelle,Unknown,Unknown,Caucasian
Pamela Rios,Unknown,Mexican,Latin
Kiss Patricia,Unknown,Moldovan,Caucasian
Rosie Riches,Unknown,Unknown,Caucasian
Maryjane Nm,"Mary Jane Dynamo, Mary Jane",Unknown,Caucasian
Jenna Love,Unknown,American,Caucasian
Julia Rain,Unknown,Czech,Caucasian
Elina Sweet,"Kate Jones, Katy Jones, Nordica",Unknown,Caucasian
Natty Mellow,Unknown,Unknown,Caucasian
Rousse Black,Unknown,Unknown,Latin
Thainee,Meaw,Unknown,Asian
Jessa Blue,Unknown,Unknown,Caucasian
Jazmine Withe,Molly Smith,Colombian,Caucasian
Daniela Antury,Unknown,Colombian,Latin
Kera Bear,"KeraBear ., KeraBearof, Brittany Scott, MsBrittanyScott .",Canadian,Caucasian
Alexa Kiss,Unknown,American,Caucasian
Eimi Fukada,Unknown,Unknown,Asian
Mali Ubon,Unknown,Unknown,Caucasian
Shannon Blue,"Sharon Perkins, Shannon Boobs",Unknown,Caucasian
Natasha Lapiedra,Unknown,Spanish,Latin
Tillie Feather,Tillie Model,Unknown,Caucasian
Kira Adams,Unknown,Unknown,Latin
Mia Austin,Unknown,Unknown,Latin
Erica Rose,"Lily Cat, Sabrina Gold",Unknown,Caucasian
Catarina Petrov,Catarina Petrova,Unknown,Caucasian
Vivian Bummed,"Lucifer Sex Doll, Lil Mochi Doll",American,Caucasian
Kitty Fox,Unknown,Unknown,Caucasian
Mini Barbie,Unknown,Canadian,Caucasian
Jennifer Jacobs,Jenifer Jacobs,American,Caucasian
Staci Silverstone,"Stacie Silverstone, Natasha Leanne Agin",Unknown,Caucasian
Ellie The Emperess,Ellie Mae,American,Black
Farrah Valentine,"Paisley Pepper, Serenity Haze, Lidia Leann, Lidia Leann Lee, Lidia Lee",Unknown,Caucasian
Lelya Mult,Unknown,Unknown,Caucasian
Cara St Germain,Cara Saint Germain,Unknown,Caucasian
Liliana Laroche,Mx Pixiee,American,Caucasian
Daniela Dadivoso,"Daniela Davidoso, Daniela Leon",Unknown,Latin
Tylene Buck,"Major Gunz, Brandi Wylde, Major Gunns",Unknown,Caucasian
Lucy Zara,"Lucy Zara Onlytease, Lucy Stenson",Unknown,Caucasian
Sophie La Sage,"Sophie Sage, Sophie Natalchuk",Ukrainian,Caucasian
Beba Lopez,Unknown,Venezuelan,Latin
Angie Elif,"Angie A, Angie Eliff",Russian,Caucasian
Karin Torres,Unknown,Unknown,Latin
Karli Mergenthaler,"ItsKarliAnne, Karli Anne, OnlyKarli",American,Caucasian
Bad Kittyyy,Unknown,Unknown,Unknown
Sadie Gray,Sadie Gray Heart,Italian,Caucasian
Jasmine Caro,Jazmine,Unknown,Latin
Bella Brewer,Bella Roux,Unknown,Caucasian
Karissa Diamond,"Katie A Delicia, Dana P, Karissa Lev",Unknown,Caucasian
Hanna Rey,Unknown,Russian,Caucasian
Corinna Kopf,Pouty Girl,Unknown,Unknown
Harley Jameson,Harley Hendrix,Unknown,Caucasian
Dylan Day,Unknown,Unknown,Caucasian
Kira Stone,"Maya Bee, Rejolda, Nastya B, Maya Morgen, Maya Morgan",Unknown,Caucasian
Lilith Morningstar,Unknown,Unknown,Caucasian
Luna Skye,Unknown,Unknown,Caucasian
Halona Vog,"Shanty Franco, Halona Vouge",Unknown,Black
Taylor Krystal,"Poppy Y, Selena T, Selena Valois, Krystal, Crystal Chocolate",Unknown,Caucasian
Emma Ryder,Unknown,Unknown,Caucasian
Jo Ivy,"JoIvy, J0ivy, Jojo Ivy",Unknown,Caucasian
Amouranth,Kaitlyn Siragusa,Unknown,Caucasian
Naty Evans,Unknown,Unknown,Unknown
Kattie Hill,"Amy Red, Kendra, Belinda, Kathy Hill, Katka 7313, Katy Hill, Luciana P, Kate Hill, Katy Maus, Katerina, Alexis",Unknown,Caucasian
Nadine Jansen,"Nadine J, Nadine Jensen",Unknown,Caucasian
Nina Rivera,Sexy Nina Rivera,Unknown,Black
Jenny Smart,Unknown,Unknown,Caucasian
Moxxy Minx,"Lizzy Brunette, Lizzie Lust, Teenlust",Unknown,Caucasian
Layna Landry,Unknown,Unknown,Caucasian
Grace Charis,Unknown,Unknown,Caucasian
Rose Valerie,Unknown,Unknown,Latin
Aurora Belle,Aurora Zvezda,Unknown,Caucasian
Kamille Amora,Kamille Amore,American,Mixed
Katie Fuckdoll,Kathy Fuckdoll,Unknown,Caucasian
Andi Land,Andi Pink,Unknown,Caucasian
Dixie Jewel,Unknown,Unknown,Caucasian
Baby Lizza,Eliza,Unknown,Caucasian
Aurora Fox,Unknown,Unknown,Caucasian
Diana Dali,Avery,Unknown,Caucasian
Camila Luna,Daniela Escalona,Venezuelan,Latin
Carla Cage,Unknown,Unknown,Caucasian
Angelica Dove,"Angelicat, Angelicatlol, Angelicatlol68, Angelicatloll",Unknown,Caucasian
Marci Koltermann,Unknown,Unknown,Latin
Elicia Solis,"Elicia Solice, Elicia Solace",Unknown,Caucasian
Cristal Caraballo,Unknown,Unknown,Latin
Lara De Santis,"Lara DeSantis, Lara Hot",Unknown,Caucasian
Terri Summers,"Terry Summers, Terri Powers, Terri Summer",Unknown,Caucasian
Ada Paradiso,Unknown,Italian,Caucasian
Mabel May,Unknown,Unknown,Caucasian
Emily Bright,Unknown,Unknown,Caucasian
Cyber Shot,Unknown,Unknown,Caucasian
Misa Kimura,"Misa Chan, Ami Takase, Nana Tominaga, Kanon Ichijo",Unknown,Asian
Lilly Peterson,"Laura Blond, Lili Peterson, Clara Muller, Black Canary, Lili Lou, Lili Craig",Unknown,Caucasian
Nata Lee,Natalya Krasavina,Unknown,Caucasian
Tiny Joy,"Pipsikk, TinyJoy Tipsyio, Pipsyo, TinyJoy Pipsikk, Lil Pipsy, TinyJoy Pipsyo",Belarusian,Caucasian
Zenda Sexy,Zenda Gracia,Unknown,Latin
Jessica Red,"Czech Bitch 53, Renata 8015, Jessica Fox",Unknown,Caucasian
Cherokee D'ass,"Cherokee Dass, Yohonna Renee Kerr, Cherokee D Ass",Unknown,Black
Candy Blond,"Stacey, Candy B, Catherine, Andrea",Unknown,Caucasian
Autumn Jade,"Autumn Day, Autumn Springwater, Autumn-Jade",Unknown,Caucasian
Kira Shine,Unknown,Ukrainian,Caucasian
Luna Roux,Luna R,Unknown,Unknown
Veronica Vanoza,"Veronica Vanosa, Veronika Vanoza, Vanousa, Venouza Castro, Veronika Bitnerova, Veronika Bittnerova, Dolores, Nica, Sabina, Vishna, Coral, Veronika Vamoza, Gina, Veronica B.",Unknown,Caucasian
Brittany O'connell,"Brittany O'Connall, Brittany O'Conner, Brit O'Connell, Brittany O'Cannel, Brittany O'Connel, Britanny Morgan",Unknown,Caucasian
Winnie,"Wynnie, Silvia Monti, Winnie Thramps, Vinnie, Sylvia Monti",Unknown,Caucasian
Pussykat,"Pussy Kat, Pussycat",Unknown,Asian
Natali Blond,"Emma A, Michaela Plánková",Unknown,Caucasian
Penelope Piper,Penelope Pipper,Unknown,Latin
Joceline Brook Hamilton,"Amelia Jane Rutherford, Ariel Anderssen",Unknown,Caucasian
Muva Phoenix,Unknown,Unknown,Unknown
Kiana Kumani,Unknown,American,Caucasian
Lennox Luxe,Sansa,Unknown,Caucasian
Lala Dream,"Lenna Ross, Lena Ross",Unknown,Caucasian
Annalena Reno,Annalese Reno,American,Caucasian
Sia Siberia,Unknown,Unknown,Caucasian
Lucy Love,"Lucy B., Beatrix K., Lisa, Lucy Lavena, Luci, Beatrix Bucsas, Lucie Bell, Ute, Lucy Lovelle",Unknown,Caucasian
Mia Split,Unknown,Unknown,Caucasian
Tori Avano,Ashleigh Madisin,Unknown,Latin
Julia Dranac,Unknown,Unknown,Caucasian
Danja Angel,Unknown,Unknown,Latin
Laura Leigh,Unknown,Czech,Caucasian
Victoria Pink,Unknown,Unknown,Caucasian
Daniella Rose,"Barbara Gere, Daniela Rose",Unknown,Caucasian
Xena Star,Xena Zoraki,American,Caucasian
Kristine Crystalis,"Kristina Crystalis, Kristine Kristalis, Kristine Chrystalis, Kristine Krystalis",Czech,Caucasian
Candice Luca,"Candice Luka, Candice Love",Unknown,Caucasian
Candy Black,Naja,Unknown,Caucasian
Maribel Lopez,Unknown,Unknown,Unknown
Mikki Lynn,Nicole Holt,Unknown,Caucasian
Jamie Knight,"Gabriela Elena, Gabriella Knight, Gabrielle Burns",Unknown,Caucasian
Agatha Reis,Unknown,Brazilian,Latin
Kati Kosmic,Unknown,Unknown,Unknown
Nana Garnet,Martina,Unknown,Caucasian
Aurora Sky,"Avrora White, Linn Lamborghini, Avrora Sky",Unknown,Caucasian
Leah Layz,Unknown,Unknown,Unknown
Vikki Ray,Viki Ray,Unknown,Caucasian
Gracie Squirts,Unknown,Unknown,Unknown
Inez Steffan,"Nika E, Alena, Pussika, Jill, Audrey, Liya, Leslie, Aurita, Milana C, Sasha, Katia, Janette, Niki",Unknown,Caucasian
Demora Avarice,Unknown,Unknown,Unknown
Xandra Sixx,Unknown,Unknown,Caucasian
Celine Verlant,Unknown,Swiss,Caucasian
Kaori Maeda,Unknown,Unknown,Asian
Eri Hosaka,"Eri Sakamoto, Naho Sakae, Yuri Hosaka, Mirei, Tsukasa Miura, Haruka, Eri Sakano",Unknown,Asian
Ruby Shades,Ruby Shade,Unknown,Unknown
Kali Ryder,"Amber Storm, Jordyn Sky, Amber Skye",Unknown,Latin
Jayden Starr,Jayden Star,Unknown,Black
Alyson Thor,Alyson Borromeo,Unknown,Caucasian
Goth Egg,"Lee, Leah, BigTittyGothEgg",Unknown,Caucasian
Victoria Sunshine,Unknown,Unknown,Unknown
Natasha Marie,Unknown,Unknown,Caucasian
Bluelah,Unknown,Unknown,Black
Amy Faye,Unknown,Unknown,Caucasian
Jessica Jensen,"Emma Foxx, Jessica Jenson",Unknown,Caucasian
Harmonie Marquise,Infinitie H. Marquise,Unknown,Black
Lara Jade Deene,Unknown,Unknown,Caucasian
Ashley Graham,Ash Graham,Unknown,Caucasian
Eva Quinn,Unknown,Unknown,Black
Veronica Bellucci,"Terry Bloom, Bell Knock, Nika Getz",Russian,Caucasian
Halle Von,Unknown,Unknown,Caucasian
Claire Castel,Fleur,Unknown,Caucasian
Nux Vomica,"Petra Kasl, Suspiria",Unknown,Caucasian
Madison,"Madison Foxxx, Kimberly Madison, Madison Stone",Unknown,Caucasian
Kasia Linsey,"Katerina Szitkova, Kate, Kasia B",Unknown,Caucasian
Donna Ambrose,"Deena, Donna Collins, Sara Ambrose, Danica Collins",Unknown,Black
Saya Tachibana,Saaya,Unknown,Asian
Angel Hott,"Elizabeth Rose, Marlenka Durova, Angel L., Angel Hot",Unknown,Caucasian
Yasmine Gold,"Chery, Yasmin, Ginevra Gold, Yasmine Blake, Adri, Eva Lopez, Cherie, Jasmine Gold",Unknown,Caucasian
Isabel Rose,Unknown,Unknown,Caucasian
Kayla Carrera,Kayla Carerra,Unknown,Latin
Mikayla,"Mrs. Mikayla, Mikayla Coxxx, Mckayla, Mikayla Cox, Makayla, Mickayla, Mikayla Mendez",Unknown,Latin
Kylee Strutt,"Kaylee, Jada Julez",Unknown,Caucasian
Chasey Lain,"Chasey Laine, Chaisey Lane, Tiffany Anne, Tiffany Jones, Chasey Lane",American,Caucasian
Nami Itosino,"Mako Nagase, Nami Itoshino, Minami Aida, Nami Aino",Unknown,Asian
Carmen Luvana,Unknown,Unknown,Latin
Mindy Main,"Mandy Main, Desiree Gomez",Unknown,Caucasian
Miku Kohinata,"Yuhko Kojima, Yûko Kojima, Rina Kikukawa, Yuuko Kojima",Unknown,Asian
Mia Collins,FTV Gwen,Unknown,Caucasian
Brynn Michaels,Unknown,American,Caucasian
Melina Amaru,Unknown,Unknown,Unknown
Sadie Blair,Unknown,Unknown,Caucasian
Ema Kato,"Ema Katou, Miyabi Saito, Sara Maeda, Ema Maeda, Ema Katoh, Miyabi Saitou, Yui Maehara, Mayu, Miyabi Saitoh",Unknown,Asian
Giada Sgh,Giada Suicide,Unknown,Caucasian
Jun Kusanagi,"June Kusanagi, Mizuho Kanou, Narua Asami, Kusanagi Jun, Kirin Junna, Mizuho Kano",Unknown,Asian
Autumn Flowers,Unknown,Unknown,Unknown
Venere Moras,"Vanisha99, Vanessa Zeneli",Italian,Unknown
Jamie Croft,Unknown,Unknown,Unknown
Miya Stone,Mia Stone,Unknown,Latin
Cate Harrington,Unknown,Unknown,Caucasian
Serena Ali,Unknown,Unknown,Black
Jeniffer Flex,Unknown,Unknown,Caucasian
Aspen Reign,"Aspen Reigh, Aspen Reigns, Aspen Rains, Aspen Rain",Unknown,Caucasian
Alysha Rylee,"Alysha Ryy, Alyshe Rylee, Alicia Shabra",Unknown,Caucasian
Mylie Villa,Miley Villa,Unknown,Asian
Nina Devon,Unknown,Unknown,Black
Vicki Wade,Vickie Wade,Russian,Caucasian
Awesome Ashley,Unknown,Unknown,Caucasian
Loredana Groza,Unknown,Romanian,Caucasian
Viviane Leigh,Unknown,Australian,Asian
Virginia Sun,Unknown,Unknown,Caucasian
Tysen Rich,Sarah Luxor,Unknown,Caucasian
Evilyn Fierce,Evelyn Fierce,Unknown,Caucasian
Decima,Emma K,Unknown,Caucasian
Priscilla Milan,"Pricilla, Jesica Milan, Priscilia Millian, Prescilla Milan, Pricilla Millan, Pricilla Milan",Unknown,Caucasian
Shea,Unknown,Unknown,Caucasian
Peach Lollypop,Unknown,Unknown,Caucasian
Sky Kika,Unknown,Polish,Caucasian
Juliette March,Elisa ExtremeBeam,Unknown,Caucasian
Brianna Olivia,Unknown,British,Caucasian
Angely Grace,"Sophy Angel, Sophy Angelina",Unknown,Caucasian
Satine Spark,Unknown,Unknown,Caucasian
Amy Fisher,"Amy Fisher Bellera, Long Island Lolita",Unknown,Caucasian
Lilly Redd,Unknown,Unknown,Unknown
Valeria Fuentes,Unknown,Spanish,Caucasian
Victoria Lynn,"Chelsea, Victoria Lyn",Unknown,Caucasian
Alice Bong,Alice Shot,Unknown,Caucasian
Chloe Chaos,Brianne Bailey,Unknown,Caucasian
Jasmine Teaa,Unknown,Unknown,Unknown
Zoey Portland,Zoey Portland XXX,Unknown,Caucasian
Vivian Lavey,Unknown,Unknown,Caucasian
Reina Ohara,Unknown,Unknown,Asian
Regan Reese,"Reagan Reese, Ragen Reece, Reagan Reece",Unknown,Caucasian
Abby Moore,Unknown,American,Caucasian
Chrissy Marie,"Chrissy Lynn, Chrissy Spice, Christina Marie",Unknown,Caucasian
Ami Bue,Unknown,Unknown,Unknown
Evelyn Jackson,"Sadie Evelyn, Foxy Sofilie, Sadie Cohen",Russian,Caucasian
Ilona Maher,Unknown,Unknown,Caucasian
Siren Rayne,Unknown,Unknown,Unknown
Leslie Monroe,Leslie Moore,Unknown,Unknown
Kubera Fortuna,Unknown,Czech,Latin
Hete Tina,Unknown,Unknown,Caucasian
Isabelle Ithurburu,Unknown,French,Caucasian
Jayla Page,Unknown,Unknown,Black
Cassie Young,"Cassie Marie, Cayton, Cassi Young",Unknown,Caucasian
Paige Little,Sexy Little Paige,Unknown,Caucasian
Sasha Kray,Sunny X,Unknown,Caucasian
Arwen Diamond,Arwen Black,Unknown,Caucasian
Honeyyykate,"Kate, OhHoneyKate",Unknown,Caucasian
Ashley Aixi,Unknown,Unknown,Unknown
Cindy Sun,Sini Paananen,Finnish,Caucasian
Venom Evil,Unknown,Unknown,Caucasian
Coco Dethick,Unknown,Unknown,Black
Ginary,"Ginary Suicide, Kinky Ginary",Unknown,Caucasian
Kasara Wood,Unknown,Unknown,Caucasian
Indigo Augustine,"Indigo August, Indigo Fiasco",Unknown,Caucasian
Nici Roxx,"Nikola, Nikki, Clara, Ti Sato, Nici Dee",Unknown,Caucasian
Kenzie Kai,Kenzlee,Unknown,Caucasian
Chantel Cook,TheKinkyCooks,American,Caucasian
Lily May,"Cilla, Big Boobed Cilla",Unknown,Caucasian
Tiffany Kingston,Unknown,Unknown,Caucasian
Lena Frank,"Leena Franks, Lena Franks, Franki Ryder, Lena Alice, Zoe, Frankie Rider, Franki Rider, Frankie",Unknown,Caucasian
Justine Joli,"Swan Hope, Hope, Seana Hawkins, Swan",Unknown,Caucasian
Caroline Ithurbide,Unknown,French,Caucasian
Natasha James,Marisol Roxx,Unknown,Caucasian
Lia Sky,"Lia Light, Julia Devine",Ukrainian,Unknown
Judy Mayflower,Judy Belkins,Unknown,Caucasian
Krystal Palmer,Unknown,Unknown,Unknown
Melanie De Toni,Toni Maria,Unknown,Latin
Lucie Theodorova,"Sareena Hart, Amanda Heart, Sweet Lucky, Lucky Love",Unknown,Caucasian
Veronique Tinkler,Vero Tinkler,Unknown,Latin
Lily Angelicat,"Clio, Lily Angelic Cat",Unknown,Unknown
Keke Lou,Unknown,Unknown,Unknown
Lola Rayne,Unknown,Unknown,Caucasian
Raven Black,Unknown,Unknown,Caucasian
Lucky Starr,"Lucky Star, Anne Santiago",Unknown,Asian
Melissa Lauren,"Melissa Laven, Melissa Laurent, Malisa Moran, Melissa Louren",Unknown,Caucasian
Kimberly Nutter,"Eniko, Milena, Barran Seleca, Maddie Sermon, Meddie",Unknown,Caucasian
Jasmine Tame,"J-AZZ, Jazzy",Unknown,Caucasian
Ashley Robbins,"Jana Semrádová, Jana S., Jane O'Hara",Unknown,Caucasian
Sensi Pearl,Cassie Nelson,Unknown,Caucasian
Carmen Cocks,"Jana Horak, Sandra Kalermen, Sandra Lane, Lisen A., Joysen, Joysen Sloun, Carrie, Sandra Kalerman, Jana H., Carmen Jana Horova, Jana Horova",Czech,Caucasian
Katie Sloane,Vienna Rose,Unknown,Caucasian
Nicki Blue,"Aaliyah Avatari, Redheaded Barbie, Nikki Blue, Priceless Gem, Nicky Blue",Unknown,Caucasian
Lola Krit,Unknown,Unknown,Caucasian
Aya Kisaki,"Maya Kizaki, Yui Saejima, Miharu Fujisaki, Kisaki Aya, Aya Kizaki",Unknown,Asian
Carmel Starr,"Caramel Dime, Caramel Starr",Unknown,Black
Briar Riley,Unknown,Unknown,Unknown
Sugar Milf,Unknown,Cambodian,Asian
Brittany Banxxx,"Britney Banx, Brittney Banxxx",Unknown,Caucasian
Luci Angel,"Lucie Kaplanova, Lucy Angel",Unknown,Caucasian
Sinful Samia,Unknown,Unknown,Caucasian
Little Chloe,Unknown,Venezuelan,Latin
Crissy Cums,"Crissy Cummz, Cristy Cums, Chrissy Cumms, Criss Cums, Chrissy Cums, Crissy Cumms",Unknown,Caucasian
Noelle Emily,Emily Noelle,Unknown,Caucasian
Vanessa Luna,Ruth Planas,Venezuelan,Latin
Lyn Hoyt,Unknown,American,Caucasian
Bronwin Aurora,Unknown,Canadian,Caucasian
Katie Lin,Unknown,Unknown,Asian
Lacey Starr,Unknown,British,Caucasian
Nikki Litte,Unknown,Unknown,Latin
Adara Jordin,Unknown,Unknown,Caucasian
Sommer Love,Unknown,Unknown,Caucasian
Tilly Mcreese,Unknown,Unknown,Caucasian
Kelli Staxxx,Kelly Staxxx,Unknown,Caucasian
Kendra Lynn,Unknown,Unknown,Caucasian
Raquel Roper,Unknown,Unknown,Latin
Mia Molotov,Unknown,Unknown,Caucasian
Babe Bella Lynn,"BabeBellaLynn, Bella Lynn",Unknown,Caucasian
Kenzi Marie,"Kinzie Marie, Kenzie Mari, Kenzie Marie, Kinzi Marie",Unknown,Caucasian
Antonella Kahllo,Antonella Kahlo,Unknown,Latin
Regina Ice,"Maria Iscusitu, Mika King",Unknown,Caucasian
Hannah Owo,Unknown,Unknown,Caucasian
Bailey Brooks,"Baily Brooks, Bailey Brookes, Bailey Brook",Unknown,Caucasian
Ally Breelsen,"Ally Jones, Angelina Doroshenkova, Ally Lee, Jaclyn Taylor",Unknown,Caucasian
Little Eliss,"Zara Kick, Zara Lick",Unknown,Caucasian
Katharina Rough,"Katy Rough, Katharina Bauer",Unknown,Caucasian
Elise Siswet,Unknown,Dutch,Caucasian
Princess Paris,Unknown,Unknown,Caucasian
Ashley Alban,Unknown,Unknown,Caucasian
Katie Price,"Katie Jordan, Katrina Alexandra Infield, Katy Price, Jordan",British,Caucasian
Aire Fresco,Unknown,Unknown,Caucasian
Chelsea Star,"Effy End, Sasha Xray",Unknown,Caucasian
Tiggle Bitties,Destiny S,American,Caucasian
Alice Delish,Alisa Levina,Unknown,Caucasian
Lizzie Ryan,"Lizzi, Avia, Lizzy Ryan, Luci Moricka, Angela, Avia A, Morgan, Karla, Morgane, Elizabeth Ryan",Unknown,Caucasian
Andreea Mares,"Andreea BlackWidof, Andreea Maresof, Andreea Diana Mares",Romanian,Caucasian
Californiababe,Alex Martens,Unknown,Caucasian
Skyler Luv,Unknown,Unknown,Caucasian
Jasmine Callipygian,Unknown,Unknown,Caucasian
Alexis Arias,Lexi Love,American,Latin
Katrina Isis,"Katrina Rosebug, Katarina Isis, Katrina Rosebud",Unknown,Caucasian
Chicas Place,"Chica's Place, Chica",American,Latin
Gianna Chanel,"Nikki Starlet, Bianca, Sandra Leon, Sophie Leon, Gia Grace, Aleksandra Summers",Unknown,Latin
Sissy Moore,Unknown,Unknown,Caucasian
Isabella Sky,"Tara FTV, Maritza Meatsaber, Isabella Skye",Unknown,Latin
Kenzi Ryans,"AlaynaJadexx, Kenzie Ryans, Alayna Jade",Unknown,Caucasian
Anouk Maze,Unknown,Unknown,Caucasian
Jordan Carver,Ina-Maria Schnitzer,German,Caucasian
Alyssia Loop,Unknown,Unknown,Caucasian
Alice Lolly,"Licy Woap, Alice Woap, Magic Alice",Unknown,Caucasian
Maylee Fun,Unknown,Unknown,Asian
Rebeca Fox,Unknown,Unknown,Caucasian
Skai Jackson,Unknown,Unknown,Black
Katerina Konec,"Kathryn McIntyre, Busty Kacey, Kelsey Konicki",Unknown,Caucasian
Aaliyah May,Unknown,American,Caucasian
Jessica Valero,"Violetta Rondon, Chuky Dream, Isabella Nunez Yeka",Venezuelan,Latin
Kaira Kampen,Unknown,German,Caucasian
Kayla Wild,Unknown,Unknown,Caucasian
Andrea Jaxxx,"Penelope, Essence, Andrea Jaxx",Unknown,Caucasian
Nelli Hunter,"Nella Miartusova, Jana Miartusova, Jana Mar, Terry Lightspeed, Thereza Llove, Jana Lelani",Unknown,Caucasian
Ashley Morena,Unknown,French,Caucasian
Jenna Marie,Unknown,Unknown,Caucasian
Generic Elle,"Elle Delphine, Garden Variety Egirl, Generic Egirl",Unknown,Caucasian
Eva Torres,"Leonella Knox, Leonelle Knoxville",Unknown,Caucasian
Tylo Duran,Unknown,American,Caucasian
Taylor Shay,Unknown,Unknown,Caucasian
Molly Brown,Mette,Unknown,Caucasian
Tiffany Rose,"Tiffany Wild, Britney Diamond, Tiffany Lane, Tiffany D., Buffy St. John, Tiffany Gold, Morgan, Tiffany Diamond, Blonde, Andrea, Andy H., Violet, Tiffany H., Jenny, Vendula, Sweet Tiffany",Unknown,Caucasian
Cece Rose,Unknown,Canadian,Caucasian
Dita Vetone,"Nino100, Nino Sukhishvili, Big Nino, Bignino100",American,Caucasian
Maryana Rose,Maryana Rosa,Unknown,Latin
Musa Martina,Martina Musa,Italian,Caucasian
Gracie Mayy,Gracie May,Unknown,Caucasian
Margo Sullivan,"Mrs. M. Jacobs, Mrs. Sullivan",Unknown,Caucasian
Tiffany Solange,"Iris G, Latin Morita",Unknown,Latin
Jade Aspen,Unknown,American,Caucasian
Samantha Sparkle,Unknown,Unknown,Caucasian
Petra Verkaik,Petra Charlotte Verkaik,Unknown,Caucasian
Jenni Gregg,"Jenni Kohoutova, Jenni Czech, Lucie Kralickova, Jennis Secrets, Jenni P",Unknown,Caucasian
Cutie Kim,Kitty Kimmy,Russian,Caucasian
Noemilk,Noe Milk,Unknown,Latin
Kate Kravets,Katerina Kravets,Unknown,Caucasian
Koni Demiko,"Amandae, Klara, Sadie Love, Lara",Unknown,Caucasian
Jessica Sweet,"Britney Rears, Jessica Swet, Brittany Rears",Unknown,Caucasian
Mars Selene,Unknown,Unknown,Asian
Meana Wolf,Unknown,Unknown,Asian
Makayla Cox,"McKayla Cox, Mikalya Cox, Makayla Coxxx",Unknown,Caucasian
Alexis Andrews,Unknown,Unknown,Caucasian
Kyra Rose,Unknown,Unknown,Caucasian
April Paisley,Unknown,Unknown,Caucasian
Aliska Dark,Unknown,Unknown,Caucasian
Sophia Laure,Unknown,Unknown,Caucasian
Yuria Yoshine,"Yoshine Yuria, Julia Yoshine",Japanese,Asian
Riley Jensen,"Rochelle, Riley Anne, Rilee Jensen, Erica Mucci",Unknown,Caucasian
Monika Tempe,"Monika V, Angelika",Latvian,Caucasian
Genevieve Sinn,Unknown,Unknown,Latin
Kimberly Snow,Unknown,Unknown,Caucasian
Pinky Breeze,Unknown,Unknown,Caucasian
Alice Chambers,Unknown,Unknown,Caucasian
Dani Dolce,Unknown,Unknown,Black
Mia Kay,Unknown,Unknown,Caucasian
Arkida Reeves,"Libuse, Zoya, Arkida Reaves, Arilida, Libby Love, Libuse Voriskova, Arida, Arena, Akida",Unknown,Caucasian
Tiffany Rain,"Summer Rayne, Tiffany Rayne",Unknown,Asian
Lala Kudo,"Rara Kudou, Haru Ito",Unknown,Asian
Candle Boxxx,Candle Royal,Unknown,Caucasian
Mina Moon,Unknown,American,Asian
Vika Volkova,"Emma Piquet, Maria Ivanova, Julie Vee",Unknown,Caucasian
Lola Marie,Lana Marie,Unknown,Black
Mila Fox,Milla Fox,Unknown,Caucasian
Yessica Bunny,Unknown,Unknown,Latin
Nikki Darling,"Nyrobi Knights, Nyrobi Knight",Unknown,Black
Sarah Eshley,Unknown,Unknown,Caucasian
Lulu Reynolds,"Penelope Fawn, Lulu Rey",Unknown,Caucasian
Angelina Ash,Angelina Ashe,Unknown,Caucasian
Kiki Daniels,Unknown,Unknown,Caucasian
Destiny Doa,Unknown,American,Latin
Sienna Milano,"London Bell, London Belle",Unknown,Caucasian
Nicolette Noir,"Nicolette Noirett, Laura Noirett",Unknown,Caucasian
Mara Swan,"Made In Canarias, madeincanarias",Unknown,Caucasian
Carisha Maja,"Carisha Femjoy, Cherry, Carisha Cherry, Nadia, Cherry Karups",Unknown,Caucasian
Rain Summers,Unknown,Unknown,Caucasian
Audrey Innocence,"Playful Innocence, Playful_Innocence",Unknown,Caucasian
Lisa Rocketcock,Unknown,Unknown,Caucasian
Melissa May,Unknown,Unknown,Caucasian
Ali Rose,Unknown,Unknown,Unknown
Holy Katie,Unknown,Unknown,Unknown
Penny Porsche,"Penny Porshe, Penny Porche, Penny Porsha",Unknown,Caucasian
Alexa Rydell,Krystal Starr,Unknown,Latin
Mariza Lamb,"Mariza Limon Lamb, Mariza Limon",American,Mixed
Daniel Sea,Kim,Belarusian,Caucasian
Stella Elle,Unknown,Unknown,Caucasian
Titti Porn,Tittiporn,Unknown,Asian
Princess Angel,Angel Princess,Unknown,Caucasian
Jenna Covelli,Unknown,American,Caucasian
Evgenia Soloveva,"Lovely Monic, Evgenia Kimoriiii, Sweet Tinker Bell, Monic Kimori",Unknown,Caucasian
Viktoria Gromova,Sheron Roxx,Unknown,Caucasian
Mari Mei,Lizbete,Unknown,Unknown
Lidia B,"Milena E, Hatty, Lidia Angellina, Angelina, Milena T, Lisa, Angella, Jacqueline Anare, Angelina Brooke, Brooke, Melanie B, Amina, Cameron, Milena M, Angela, Sveta P, Isabella, Milena, Liane",Unknown,Caucasian
Adrian Hush,Unknown,Unknown,Latin
Evie Olson,Unknown,Unknown,Latin
Stacey Foxxx,"Abriella, Stacey Rae, Alana James",Unknown,Asian
Carmen Electra,Tara Patrick,American,Caucasian
Miriam More,"Miriam Moore, Miriam Mari",Unknown,Caucasian
Miama,"Paris Sommers, Angel Davidsonn",Unknown,Unknown
Nicole Black,"Nicole Noire, Nicole Noir, Nickol Black, Jeanette James",Unknown,Caucasian
Lexi Brooks,"Gisselle Leon, Lexi Brookes, Alexandra Bolotin, Gisele Leon, Giselle Leon",Unknown,Caucasian
Leah Jaye,"Humera Hashmi, Leah Jay, Leah Joshi, Leah Jayne, Lea Jaye",Unknown,Asian
Davon Kim,"Danika Flores, Beverly, Kim Davon",Unknown,Asian
Bettina Dicapri,"Bettina Di Capri, Betinna Di Capri, Lacza Bettina",Unknown,Caucasian
Morgan Riddle,Unknown,American,Caucasian
Elizabeth Lara,Unknown,Unknown,Latin
Melanie Walsh,"Mel Walsh, Only Melanie",Unknown,Caucasian
August,"August Smith, August Knight, August Arroya, Augusta Avila, August Night, Avila, August Avila",Unknown,Mixed
Labouisse31,LaBouisse Emma,French,Caucasian
Luna Leve,Unknown,Unknown,Latin
Taryn Thomas,Brin Rhodz,Unknown,Caucasian
Melody Star,Sara Domenech,Unknown,Latin
Julia Taylor,Julia Tailor,Unknown,Caucasian
Khloe Kush,Khloe Rush,Unknown,Caucasian
Missy Woods,Missy West,Unknown,Caucasian
Maria Bose,Maria Gijon Perez,Unknown,Latin
Kim Triple X,"Manga, KimXXX, Kim X, Kim XXX, KimX","Thai, German",Asian
Ava Black,Unknown,Unknown,Black
Vyxen Steel,Vixen Steel,Unknown,Caucasian
Catie Parker,Unknown,Unknown,Caucasian
Luna Naked,Luna C,Unknown,Unknown
Francesca Palma,Unknown,Unknown,Caucasian
Lisa Asil,Unknown,Unknown,Caucasian
Katty Blessed,Unknown,Unknown,Caucasian
Laima,"Limea, Kaifusha, Jamrockkitty",Unknown,Caucasian
Baby Fooji,"Peachtoot, Babyfooji, Peach Toot, Peachtot",Unknown,Caucasian
Kristi Lust,"Christie Lust, Blondie, Krisei Luse, Kristyna L., Kristy, Kristy Lust, Kristyna L, Kristicust, Vanesa",Unknown,Caucasian
Baby Nicole,"Baby Nicol, Kyra Yorke, Nikola Slanickova, Nicole Baby",Unknown,Caucasian
Piper June,Unknown,Unknown,Caucasian
Marina Valmont,Unknown,Unknown,Unknown
Carol Castro,Karol Kastro,Unknown,Latin
Ashlynn Taylor,"Gene Taylor, Ashlyn Taylor, Jean Taylor",Unknown,Caucasian
Sofi Roko,Uvapsss,Unknown,Unknown
Cassandra Cruz,"Casandra Cruz, Vanessa Brink",Unknown,Latin
Cassidy Clay,Cassidy Day,Unknown,Latin
Snow Princess,Unknown,Russian,Caucasian
Chloe Addison,Unknown,Unknown,Caucasian
Tristan Berrimore,"Tristan Berriman, Trystan Berry More",Unknown,Caucasian
Indigo White,Unknown,Unknown,Caucasian
Naughty Bonnie,Bonnie Nix,Unknown,Unknown
Mila Mars,Unknown,Unknown,Black
Betty Rixton,"Betty Stylle, Betty Style, Belinde",Unknown,Caucasian
Harley Rose,Unknown,Unknown,Caucasian
Sofie Otis,Sophie Otis,Unknown,Caucasian
Ellie Lilly,Unknown,Unknown,Unknown
Jess Mori,"Mari Galore, Gipsy Mafia",Russian,Caucasian
Autumn Renee,Unknown,Unknown,Black
Amelie Lou,"Elvira U Clarice, Sonia S",Ukrainian,Caucasian
Patricia Acevedo,Unknown,Unknown,Latin
Nikki Next,Unknown,Unknown,Caucasian
Haruka Suzuno,Unknown,Japanese,Unknown
Stacy Fort,Stay Fart,Unknown,Unknown
Jazy Berlin,Jazzy Berlin,Unknown,Caucasian
Berenice,Berenice F,Unknown,Unknown
Skyy Black,"Skye Blue, Sky Black",Unknown,Black
Tyra Moore,Farah,American,Black
Madison Rose,Unknown,Unknown,Caucasian
Stacie Starr,"Staci Starr, Aunt Julia, Stacey Starr",Unknown,Caucasian
Sindee Shay,Unknown,American,Caucasian
Jaelyn Fox,"Jaclyn Fox, Jaelyn Foxx, Jaylyn Fox, Jaylynn Fox, Chase Cox",Unknown,Caucasian
Elysee Paradise,"Clanddi Jinkcego, Clanddi Khd Jinkcego, Eeciahaa Dalifcka",Unknown,Caucasian
Paige Taylor,Ana Marina Andrade,Unknown,Latin
Kayla West,Unknown,Unknown,Caucasian
Piper Valentine,Unknown,Unknown,Caucasian
Anastasia Pierce,"Anastasia Pearce, Anastacia Pierce, Franchesca Frankfurter",Unknown,Caucasian
Alice Denision,Sailor,Ukrainian,Caucasian
Henna Vale,Unknown,Unknown,Unknown
Brittanie Nash,Unknown,Unknown,Caucasian
Amber Slassh,Unknown,Unknown,Unknown
Ana B,"Ana Bright, Francisca @ Abby Winters, Ana Bloom, Ana Bb",Unknown,Latin
Jena Malone,Unknown,Unknown,Caucasian
Stephanie Beatriz,Stephanie Beatriz Bischoff Alvizuri,Unknown,Caucasian
Jennie Kim,Unknown,Unknown,Asian
Emily Ratajkowski,Unknown,Unknown,Caucasian
Angel Rai,Unknown,Unknown,Unknown
Megumi Shino,"Yuhmi Yamaguchi, Shino Aoi, Shino MIdori, Aoi Miyajima, Yûmi Yamaguchi, Haruka Nakamura, Yuumi Yamaguchi",Japanese,Asian
Princess Donna,Princess Donna Dolore,Unknown,Caucasian
Lucy Tyler,Unknown,Unknown,Caucasian
Bry Jubbilix,"Jubbilix, BluesideBry",Unknown,Caucasian
Goddess Meg,"Meggie James, Your FaveCumSlut",Unknown,Caucasian
Reo Saionji,Yuria Kanon,Unknown,Asian
Rina Umemiya,Unknown,Unknown,Asian
Alice Lighthouse,Unknown,American,Caucasian
Bonnie Parker,Unknown,Estonian,Caucasian
Jordyn Snow,Unknown,Unknown,Caucasian
Jayla Foxx,Unknown,Unknown,Black
Heather Night,Heather Knight,Unknown,Caucasian
Cassie Laine,Cassie Lane,Unknown,Caucasian
Ciara Momoko Bubblezz,Unknown,Unknown,Caucasian
Destiny Jaymes,Destiny James,Unknown,Caucasian
Kaylee Hilton,"Kelly Hilton, Kaley Hilton",Unknown,Caucasian
Adrianna Jade,"Arianna Jade, Adriana Jade",American,Caucasian
Busty Emma,Unknown,Unknown,Caucasian
Maddy Rose,Maddie Springs,Unknown,Caucasian
Jenna Reid,Bella FTV,Unknown,Caucasian
Yeraldin,Unknown,Dominican,Latin
Misss Vikki,"Misss Vika, Misss_Vikki, Misss Vikka, Misss Vikkia, Vlada Andreevna Nikulina",Unknown,Caucasian
Layla Monroe,Krystal West,American,Black
Sindi Star,Unknown,Unknown,Caucasian
Daisy Layne,Daisy Lane,Unknown,Caucasian
Lake Russell,Rochelle Gaines,Australian,Caucasian
Renae Cruz,"Renea Cruz, Renee Cruz",Unknown,Latin
Aspen Rae,Aspen Ray,American,Caucasian
Brooke Bliss,Unknown,Unknown,Caucasian
Kitt Lacey,Unknown,Unknown,Black
Sabrina Deep,Deep Sabrina,Unknown,Caucasian
Cammille Austin,Unknown,Unknown,Caucasian
Silas Sweettooth,Silas Sylvina,Unknown,Caucasian
Sharon Wild,"Sharon Supernova, Sarka Matrosova, Sharon Wylde",Unknown,Caucasian
Jennifer Exxotic,Jennifer Exotic,Unknown,Latin
Sally Dinosaur,Unknown,Unknown,Unknown
Aria Salazar,"Bambi Wolfe, Arria Salazar, Aria Arial",Unknown,Latin
Cristal Cherry,"Crystal Cherry, Cristal Moranty",Unknown,Caucasian
Kodi Gamble,"Kodi Gamby, Katie Kraft, Kodi Gambly",Unknown,Caucasian
Nicola Cavanis,Unknown,Unknown,Caucasian
Sandra Paola,Unknown,Mexican,Latin
Rachel Adjani,Unknown,Unknown,Caucasian
Salma Hayek,"Salma Hayek Jiminez, Salma Hayek Pinault, Salma Valgarma Hayek Jiménez",Mexican,Latin
Leather Kitten,Unknown,Russian,Unknown
Madison Brite,Unknown,American,Caucasian
July Sun,"Julia Wietzorek, Juli Sonne",Unknown,Caucasian
Nensi Fox,Nancy Smile,Unknown,Caucasian
Olivia Preston,Unknown,Unknown,Caucasian
Cici Anders,Unknown,Unknown,Unknown
Cindy Crawford,Unknown,Unknown,Caucasian
Candy Sexton,Unknown,Unknown,Caucasian
Poppy Morgan,"Morgan Poppi, Morgan Poppy",Unknown,Caucasian
Amber Pearl,Britney Gold,Unknown,Caucasian
Sydney Hail,Unknown,American,Caucasian
Olivia Elfie,"Isa2mg ., Mikasu Girl, OliviaJoness ., CrystalBela .",Colombian,Latin
Linda Del Sol,Unknown,Unknown,Caucasian
Melody Nakai,"Melody Jackson, Melody Nakia",Unknown,Black
Stacie Jaxxx,"Stacey Jaxxx, Avril Vagine, Arvil Vagine",Unknown,Caucasian
Veronica Da Souza,"Veronica D Souza, Denisa Keltnerová, Kathy., Eve, Evita Da Souza, Veronica Da Evita Da Souza, Veronika De Souza, Veronica DaSouth, Veronica De Sousa, Veronica A., Veronica De Souza, Veronica De Sou, Veronika da Souza, Denisa, Jenny, Denisa Keltnerova, Veronika, Denisa K., Isabella, Dani Simone, Veronica B.",Unknown,Caucasian
Hayden Hawkens,"Megan Smalls, Hayden Hawkins",Unknown,Caucasian
Mya Amaretto,"Amaretto Hammer, Ammaretto H",Colombian,Latin
Lian Ri,"Maria Lee, Maria K",Unknown,Caucasian
Adele Adelia,"Olga, Yulia, July, Yuliana, Galya, Adele B, Evia Rose, Adelle, Adele Booty, Adela, Parvin, Adelle Booty",Unknown,Caucasian
Lana Diez,Unknown,Unknown,Latin
Gitta Szoke,"Wivien, Gigi",Unknown,Caucasian
Vivianna Mulino,"Vivi Mulino, Mimi Rose",Unknown,Latin
Savannah Stern,"Samantha Stern, Savanah Stern",Unknown,Caucasian
Sugar Chanelle,Sugar Shanelle,Unknown,Caucasian
Ivy Secret,Ivy Secrets,Unknown,Caucasian
Ally Kay,Kay Ally,Unknown,Caucasian
Debi Diamond,"Josi Emerson, Debbie Hanson, Debbi Diamond, Debra Ann Lester, Shelley Ray, Debra Ann Diamond, Debi Dymond, Debie Lester, Kaviar, Debbie Diamond, Shelly Rey, Shelly Ray, Debi Hanson, Shelli Ray, Deborah Diamond",American,Caucasian
Brooke Adams,"Brooke Lee Adams, Anastasia, Zeba FTV",Unknown,Caucasian
Daria Glower,"Hana Steche, Brandy Connel, Daria Glover, Marion Tinley, Brandy Conell, Daria James",Czech,Caucasian
Jordyn Luxxx,Unknown,Unknown,Caucasian
Francesca Kitten,Unknown,Unknown,Caucasian
Eliness,Unknown,Unknown,Unknown
Chastity Matthews,Unknown,Unknown,Caucasian
Rayne Falls,Rayne Fall,Unknown,Black
Lvvenderx,Unknown,American,Unknown
Amabella,Nikki Romanova,Unknown,Caucasian
Juliana Grandi,Juliane Grandi,Unknown,Caucasian
Kathy Deep,Unknown,Unknown,Unknown
Mommy Sorry,Unknown,Unknown,Caucasian
Spanishstarx,"Sofia Star, Spanishstar",Unknown,Caucasian
Holly Rydem,"Dirty Little Holly, dirtylittleholly",Unknown,Caucasian
Joell Perry,"JoellPerry, JoellGirl, Josey Daniels, Joel Perry, JoEll Grace Perry",Unknown,Caucasian
Alina Annelise,Unknown,British,Caucasian
Denise Davies,"Heavenlee, Danise Davies, Heavenly, Denise D.",Unknown,Caucasian
Mag Numb,Unknown,Canadian,Caucasian
Charisma Cappelli,Shannon Cappelli,Unknown,Caucasian
Ariana Jollee,"Ariana Jolie, Arianna Joelee, Laura Jennifer David, Mrs Jollee, Airana Jolee, Arianna Jollie, A. Jolie, Mrs. Jolee, Arianna Jolee, Ariana Jolee, Arianna Jolie, Ariane Giselle, Ms. Arianna, Ariana Joliiee, Arianna Jollee",Unknown,Caucasian
Paige Turner,"Katie Tomas, Katie Thomas, Ashley Spears",American,Caucasian
Allison Pierce,"Allie Pierce, Stefani Spurtsawad, Planet Alli",Unknown,Caucasian
Natalie Nunez,"Ava Alvares, Ava Alvarez, Ava Angel",Unknown,Latin
Ruby Knox,"Rochelle Knox, Hazel Hornyhose",Unknown,Caucasian
Amy Wild,Unknown,Unknown,Caucasian
Ana Sasuga,Unknown,Unknown,Unknown
Frida Stark,"Gia, Dayzee, Daisy Decastelo, Jana, Frida C, Aisy, Daphne Divine, Sandra Scout, Jenny Jones, Jana B, Daphne",Unknown,Caucasian
Boroka Borres,"Boroka Borre, Boroka Bolls, W4B Boroka, Boroka Balls",Unknown,Caucasian
Anna Van Vliet,"Jade Anna van Vliet, Jade Anna",Unknown,Unknown
Myeshia Nikole,"Nyeisha Nicole, Tamera Stylez, Myeshia Nicole, Charlie Baltimore",Unknown,Black
Lauren Smith,LoveorLustLauren Smith,Unknown,Caucasian
Lynn Vega,Lynn Licksalot,Unknown,Caucasian
Anya Kovac,Unknown,Unknown,Caucasian
Kenna Kane,Unknown,Unknown,Caucasian
Becki Butterfly,Unknown,Unknown,Caucasian
Amerie Thomas,Unknown,Unknown,Caucasian
Zandora Koberova,"Zaneta, Janet",Unknown,Caucasian
Ewe Sweet,"Elle, Eve Sweet",Unknown,Caucasian
Amelie Pure,"Betsy, Kelsey, Amiee, Missy, Carolien Mikkelsen, Aimee, Mila, Tina",Unknown,Caucasian
Alison Fields,Unknown,Unknown,Caucasian
Jj Jewel,Unknown,British,Caucasian
Khloe Mendosa,Unknown,Unknown,Caucasian
Kayleigh Cake,Unknown,Unknown,Unknown
Raven Thick,"Raven Thickness, Raven Alexzandrea",American,Latin
Avalon Fey,Avalon Fae,Czech,Caucasian
Valentina Boux,Unknown,Unknown,Unknown
Angela Attison,"Angela Atison, Attison Angela",Unknown,Caucasian
Aina Mikami,Unknown,Japanese,Asian
Nami Dahlia,Naughty Nami,Unknown,Black
Delilah Black,Unknown,Unknown,Black
Mazzaratie Monica,Mazzeratie Monica,Unknown,Caucasian
Kitty Cute,Cute Kitty,Unknown,Caucasian
Leony Aprill,"Betsy, Jessica, Severity, Renata, Aprilia, Jessica Fox, Leony Dark, Macy, Nessa, Jessika, Abigail, Jesica, Jess, Renáta Bodláková, Renata B, Jessica Rox, Jesica Roy, Jessie, Rosa B, Aprilia A, Rosa, Jesica Rox, Kate, Leony April, Keira, Kristen",Unknown,Caucasian
Lizzie Tucker,"Lizzy Tucker, Lizzie Stokes, Lizzie Rhodes, Becki James",Unknown,Caucasian
Jezebelle Bond,"Jezebal Bond, Jazzy Jesse, Jessie Girl, Jezebel Bond, Jessie K. Walters",Unknown,Caucasian
Denise Sky,Denise Gold,Hungarian,Caucasian
Jade Couture,"Roxy Lotus, Laleh, Natasha Malkova",Unknown,Caucasian
Fernanda Chocolatte,Unknown,Brazilian,Black
Knightly Rose,Unknown,Unknown,Caucasian
Kelly Jane Caron,"Kelly Jane Caron-Gerstine, Kelly Caron",American,Caucasian
Kristy May,Christy May,Unknown,Caucasian
Madi Ruve,Unknown,Unknown,Caucasian
Sofia Like,"Victoria Grace, Soffia Like",Unknown,Caucasian
Alice Coxxx,Alyce Coxxx,Unknown,Caucasian
Vivacious Verta,"Per Verta, Verta Feet",Unknown,Black
Erica Valentine,"Jasmine Mendez, Haydee Pena",Unknown,Latin
Isabella D,"Isabella Sapphire, Isabelle Sapphire, Eva Green",Ukrainian,Caucasian
Amirah Styles,Unknown,American,Latin
Monroe Valentino,Monroe Valentine,Unknown,Caucasian
Ellie James,Unknown,Unknown,Unknown
Bonnie Locket,Bonnie Laine,British,Caucasian
Mia Rose,Mia Rose X,Unknown,Caucasian
Kelsey Berneray,Unknown,Unknown,Caucasian
Christian Charity,"Mia Mendez, Riana Ray",Unknown,Latin
Lindsey Lane,Unknown,Unknown,Caucasian
Ava Courcelles,Unknown,Unknown,Caucasian
Olivia Grace,"Angel Luvv, Cherry Angel, Anastasiya Danilava",Unknown,Caucasian
Mew Slut,Milei MewSlut,Argentinean,Latin
Anastasia Berthier,"Anastasiya Berthier, ArtDikaya",Russian,Caucasian
Tina Lee,Unknown,Unknown,Caucasian
Jazmin Palvin,JazminPalvin .,Unknown,Latin
Ginger Fox,Unknown,Unknown,Caucasian
Mona Lee,"Monalee, Monica Slavova, Quinne, Moneka",Unknown,Caucasian
Alien Shultz,Alien Katt,Russian,Caucasian
Lilit Sweet,Lilith Sweet,Unknown,Caucasian
Lucky Kay Love,"Leslie Kay, Lucky Kay, Kay Love, Lucky Love",American,Caucasian
Irina Sivalnaya,"Gisella, Irina Sivalna, Alice Wood, JavelinQ",Unknown,Caucasian
Nora Wolf,"Vanessa Wolf, Kat, Blaire, Bae Wolf, Bea Wolf",Unknown,Caucasian
Isla Biza,Unknown,Unknown,Black
Keeani Lei,"Keanni Lei, Keanni Lee, Keana Lee, Keeanni Lei, Keani Lei, Keelani Lei",Unknown,Asian
Sammy Braddy,Unknown,Unknown,Caucasian
Stoney Lynn,Unknown,Unknown,Caucasian
Jan Burton,"Janine Smith, Janet Bunton, Janet James",Unknown,Caucasian
Briston Moreau,Unknown,Unknown,Unknown
Reyna Mae,Unknown,Unknown,Caucasian
Dani Fae,Unknown,Irish,Caucasian
Harlowe Blue,Unknown,Unknown,Caucasian
Emma Stoned,"Tawny Lenae Palmer, Emma Stone",Unknown,Caucasian
Molly Pills,Unknown,Unknown,Caucasian
Dana Weyron,"Dana E, Nicole Smith",Unknown,Caucasian
Alina Becker,"Bahoonkas Queen, Japp Leack",Russian,Caucasian
Harley West,Unknown,American,Caucasian
Olivia Cassi,Unknown,Unknown,Caucasian
Tegan Jane,Unknown,Unknown,Caucasian
Melissa Black,"Trisha Ice, Petra Black",Unknown,Caucasian
Ice Di,Unknown,Unknown,Caucasian
Sarah Joy,Unknown,Unknown,Latin
Lily Hart,Emma Lawrence,Unknown,Caucasian
Keeley Hazell,Unknown,Unknown,Caucasian
Estella Bathory,Unknown,Unknown,Caucasian
Hailey Leigh,"Hailey's Hideaway, Hailey Leigh Davis, Holland Watts",Unknown,Caucasian
Stevie Foxx,Unknown,Unknown,Caucasian
Zoe Lovee,"Zoe101, ZoeAloneAtHome",Unknown,Caucasian
Afina Kisser,Unknown,Unknown,Caucasian
Brandi Braids,Unknown,Unknown,Caucasian
Tara Tainton,Unknown,American,Caucasian
Elizabeth Minici,"Elizabeth Mincini, Lizzy Bennett",Unknown,Caucasian
Kylie Ireland,"Kaylee Ireland, Kerri Lynn Evans",Unknown,Caucasian
Danielle Sellers,Serena,Unknown,Caucasian
Madison Lush,Lilya Lush,Unknown,Caucasian
Lucy Cat,Just Lucy,Unknown,Caucasian
Miha Nika,Unknown,Unknown,Caucasian
Angel Ryder,Unknown,Unknown,Caucasian
Sienna Kim,Unknown,Unknown,Caucasian
Charity Bangs,Unknown,Unknown,Caucasian
Jessica Night,"Jessika Night, Jessika Slim",Unknown,Caucasian
Darina Vanickova,"Darina Vaníčková, Daria Screw, Darina Screw",Unknown,Caucasian
Alessandra Noir,Unknown,Unknown,Caucasian
Portia Harlow,Lexi,Unknown,Caucasian
Anya Amsel,Anya96,Unknown,Caucasian
Noelle Monique,"Noel Monique, Noelle Rosee, Elle Rose",Unknown,Black
Devon Breeze,Unknown,Unknown,Caucasian
Brookelynne Briar,Brooke Lynne,Unknown,Caucasian
Spirite Moon,"Kiti O'Reilly, Bunny Rabbits, Kitti Kat",Ukrainian,Caucasian
Molly Spock,VibeWithMommy,American,Caucasian
Sindy Silver,"Sendy Silver, Cindy Silver, Cat Eye, Sandy Silver",Unknown,Caucasian
Michelle Taylor,Unknown,Unknown,Caucasian
Tyra Banxxx,"Tyra Banx, Tyra Spanks, Tyra Banks",Unknown,Black
Jenny Poussin,Unknown,Unknown,Caucasian
Alexa Raye,Lexis Marie,Unknown,Caucasian
Jessica Jade,Unknown,Unknown,Caucasian
Casey Ballerini,Unknown,Unknown,Caucasian
Alicia Reign,Unknown,Unknown,Mixed
Eliza Rae,Unknown,Unknown,Caucasian
Taylor Reed,Unknown,Unknown,Caucasian
Kelly Kline,"Kelly Gray, Kari Marie Koch, Elisabeth, Kelli Kline, Kelly Klein",Unknown,Caucasian
Colette W,Colette Simon,Unknown,Caucasian
Viky Lace,"Lilith Eva, Madelina",Ukrainian,Caucasian
Seira Nakamura,Unknown,Unknown,Unknown
Lucia Nieto,Lucy Nieto,Unknown,Latin
Nikki Sun,"Maria Sun, Nikki Saint, Nikki Sinn, Nicky Sun, Nikita Sun, Marie Sunn, Maria Shem, Nikki Sin, Niki Sun, Marie Hrabalová, Niky Sun, Nikky Sun, Nicki Von",Unknown,Caucasian
Analia Flores,"Christina B, Sonia, Kristina, Sonya, Elma, Kira Izuru",Unknown,Caucasian
Brianna Ruslana,"Redly, Milla Lukoshkin",Unknown,Caucasian
Hana Haruna,Unknown,Unknown,Asian
Luna Bright,Unknown,Unknown,Caucasian
Monika Dee,"Lindsey T, Gulia G",Unknown,Caucasian
Jade Presley,Jade Preesleyy,Unknown,Latin
Hayley-Marie Coppin,Hayley Marie Coppin,Unknown,Caucasian
Kylei Ellish,Kylie Ellish,Unknown,Unknown
Brenda Santos,Haneen,Hungarian,Caucasian
Anna Nikova,"Annanikova, Anna Nicova, Annette, Ashley",Unknown,Caucasian
Morgana Stone,Morgpie Morgpie,Unknown,Caucasian
Angela Wild,"Mira Si, Sami, Madi, Naina",Czech,Caucasian
Riley June,Unknown,Unknown,Caucasian
Piseah,Unknown,Thai,Asian
Mz Dani,Unknown,Unknown,Caucasian
Luna Umberlay,"Molly Sweet, Luna Umberley, Vera Funtik",Russian,Caucasian
Asteria Diamond,Unknown,Unknown,Black
Avril Lavigne,Avril Whibley,Unknown,Caucasian
Celina Davis,Nadine Lukat,Unknown,Caucasian
Sunny Herrera,Unknown,Hungarian,Caucasian
Kandi Hart,"Amanda Rae Zimmerman, Kandy Hart",Unknown,Caucasian
Nikki Kay,Unknown,Unknown,Latin
Amy Summers,"Kami Kristen Kari, Kami Kari",Unknown,Caucasian
Erika Korti,"Nicole Chance, Erica Korti, Mari Moore, Alenka @ Mature NL, Erika Kortni, Erika Kay",Unknown,Caucasian
Meyzi Black,Unknown,Brazilian,Latin
Naomi Schoop,Unknown,Colombian,Latin
Darcy Diamond,Unknown,Unknown,Caucasian
Demi Lowe,Unknown,Unknown,Latin
Stacy Sweetstorm,"Asolia, Anya Akulova",Unknown,Caucasian
Allie Asia,Allie Rose,American,Asian
Emilia Bunny,Unknown,Russian,Caucasian
Grace C,"Piper, Marydee, Mandy, Sophia, Mary, Mary Dee, Veronika",Unknown,Caucasian
Jennifer Bliss,Jennifer Matthews,Unknown,Caucasian
Lucrezia Parisi,Ameneris,Italian,Caucasian
Avery Stone,Unknown,Unknown,Caucasian
Louisa Khovanski,Unknown,Unknown,Caucasian
Noemie Fay,"Noemie Lili, Cinnanoe, NoemiexLili, Cinnannoe",Unknown,Caucasian
Carolina Sun,Emily Cade,Russian,Caucasian
Victoria Banxxx,Victoria Banx,Unknown,Caucasian
Selena Luxx,Unknown,Unknown,Latin
Allison Miller,Alison Miller,Unknown,Latin
Linda Moretti,Unknown,Unknown,Caucasian
Valeria Kika,"Yanina, Calida",Unknown,Caucasian
Housewife Kelly,"Keli Anderson, Kelly Anderson, Kelli Anderson",Unknown,Caucasian
Virginia Collins,Unknown,Unknown,Caucasian
Suzy Bell,"Suzy Belle, Katerina Sissi",Unknown,Caucasian
Alexis Doll,Unknown,Venezuelan,Latin
Roxi Keogh,Unknown,Unknown,Caucasian
Agata Briz,Unknown,Unknown,Caucasian
Georgina Gee,Gina G,Unknown,Caucasian
Mia Valentine,Unknown,Unknown,Latin
Alana Moon,Unknown,Unknown,Caucasian
Kerry Cherry,"Corry Cherry, Carry Cherry, Carrie Cherrie, Carry Cherri, Karry Cherry",Unknown,Caucasian
Aeryn Elise,Dulcinea,Unknown,Caucasian
Jesie Jones,"Sylvie Luca, Silvie Luca, Gaby, Stephanie Moore, Kristyna A, Naomi",Unknown,Caucasian
Jane Davis,"Baby Jane Davis, Jane Devis",Unknown,Caucasian
Melissa Jacobs,"Melessia Maenpaa, Melessia Hayden, Melessia Luebke",Unknown,Caucasian
Alice Romain,Alice Romaine,Unknown,Caucasian
Sierra Day,Unknown,Unknown,Caucasian
Daisy Lee,"Karolina Urbanova, Henrietta Hangya",Unknown,Caucasian
Paris Hilton,Paris Whitney Hilton,Unknown,Caucasian
Jenny Simons,"Jennifer Simons, Angel Red, Jenny M, Jana, Renata, Jane, Jenny S, Kristyna, Radka, Jenny Simmons",Czech,Caucasian
Fern Forester,Unknown,Unknown,Caucasian
Inari Vachs,Inari Vachus,Unknown,Caucasian
Sara Willis,Princess Aurora,Unknown,Caucasian
Yuria Kanno,"Manami Hashimoto, Kobe Madoka, Yuria Kano",Unknown,Asian
Nikita Black,"Alessya4Love, Promise, Alyssia, Alessia Rose, Allysia, Alyssia A, Hana",Unknown,Caucasian
Ellis Attard,Suzie Q,Unknown,Caucasian
Veronika Simon,"Veronica, Carol, Lola, Vanissa, Zia, Veronika H, Reba, Verca, Vanessa Goldi, Vicky, Vanessa Gold, Veronika S, Victoria Cruz, Veronika Symon, Victoria Kruz, Zia FTV, Veronica Simon, Victoria B, Vanessa, Victoria, Helena",Unknown,Caucasian
Rita Argiles,"Rita Peach, Romanetta Rose, Rita Kubilova, Romaneta Rosse",Czech,Caucasian
Salome Salvi,Unknown,Unknown,Unknown
Amber Daikiri,"Maya, Hanna, Hanna Benz, Yani, Oksana, Amber Daiquiri, Bertha, Margie Cain",Unknown,Caucasian
Kimberly Chi,Unknown,Unknown,Asian
Yuna Poppy,Unknown,Russian,Caucasian
Arianna Sinn,"Busty Arianna, Foxy Mary",Romanian,Caucasian
Caller Bowl,Unknown,Russian,Caucasian
Bex White,Unknown,Unknown,Caucasian
Sally Charles,Stephanie Charles,Unknown,Caucasian
Angie Moon,Angelina Mori,Unknown,Caucasian
Claudia Lewis,Unknown,Unknown,Caucasian
Kiara Mahalo,Unknown,Unknown,Unknown
Fern Barnes,Felicity Swallows,Unknown,Caucasian
Daniela Rodriguez,Unknown,Unknown,Latin
Lily Paige,"Grave Wylder, Grace Wylder, Brenya, Lily Page",Unknown,Caucasian
Luna Ray,Unknown,Kazakhstani,Caucasian
Aly Guzman,Unknown,Unknown,Latin
Stephanie Saint,"Stephanie Lopez, Stephanie Adams",American,Latin
Iggy Amore,Unknown,Unknown,Caucasian
Janna Hicks,"Jemma Jordan, Rachelle Polis, Lacey Daniels",Unknown,Caucasian
Lin Lin,Unknown,Russian,Caucasian
Aria Aspen,Crystal Kotan,Unknown,Caucasian
Vika Anilos,Hot girl doing stuff,Russian,Caucasian
Diana Zilli,Lady Angelsexy,Unknown,Caucasian
Pepper Dagger,Unknown,Unknown,Unknown
Chennin Blanc,"Shennin Blanc, Shanon Blanc, Chanin Blanc, Chenin Blanc",Unknown,Caucasian
Vanessa Vaughn,"Alice Taylor, Mischa Sapphic",Unknown,Asian
Anna Sin,"Baby Coco, Coco",Unknown,Unknown
Jana Jordan,"Jana Rocks, I Dream Of Jana, Jana Louise Grochoske, Jana Foxy",Unknown,Caucasian
Lindsey Luv,Unknown,Unknown,Caucasian
Hayden Winters,"Haden Winters, Tiffany Maples",Unknown,Caucasian
Hannah Hartman,Unknown,Unknown,Caucasian
Gigi Larios,"Giggi Larious, Gigi Loren",Unknown,Latin
Skyler Price,Skylar Price,Unknown,Caucasian
Sophia A,Unknown,Unknown,Caucasian
Sashaa Juggs,Sasha Juggs,Unknown,Caucasian
Letty Black,Unknown,Russian,Caucasian
Vera Delight,Violetta B,Unknown,Caucasian
Valerie Duval,Marie Duval,Unknown,Caucasian
Susana Alcala,Susan Alcala,Unknown,Latin
Mickey Moor,Unknown,Unknown,Caucasian
Aurora Rainbow,Unknown,Unknown,Caucasian
Barra Brass,"Barbora, Klara, Paris, Hedvika, Sarah, Coleen, Baby Blonde, Kristine, Bara Brass, Bara, Michela, Barbara",Czech,Caucasian
Scarlett Monroe,"Scarlet Monroe, Casey Cummings",Unknown,Caucasian
Lansy Red,Gusenka,Unknown,Caucasian
Evie Leana,Unknown,Australian,Caucasian
Kelly Summer,"Kelly Hanson, Kelly Summers",Unknown,Caucasian
Anna Stelman,Unknown,Russian,Caucasian
Bonny Anderson,"Susie, Promise, Julia, Meredith, Bonny A, Violla, Lola, Jill, Viuhtr, Axelle, Lola Heart, Heather, Viola, Via, Willow",Unknown,Caucasian
Jessica Dawn,Kymora Lee,Unknown,Black
Carmen Mccarthy,"Carmen Mc Carthy, Carmin Nubiles",Unknown,Caucasian
Mayuka Akimoto,"Saya Aika, Akiho Mizuno, Akiho Yoshikawa, Ena Takasugi, Sayaka Aika, Miyuki",Unknown,Asian
Liz Honey,"Liza Honey, Lyz Honey, Lisa Honey",Unknown,Caucasian
Melanie Sugar,"Julia, Mell Sugarcube, Melanie Sugar Cube, Luccia Brazilera, Lucia, Carde, Luccia Reyes",Brazilian,Latin
Nadia Hilton,"Nadia Cohen, Naudia Hilton",Unknown,Caucasian
Brooklyn Carter,Kristy Tiffin,Unknown,Black
Naomi Cruise,"Nyomi Cruise, Summer Monroe, Naomi Cruz",Unknown,Caucasian
Samantha Extreme,Unknown,Unknown,Unknown
Emily Eve,"Ivy Monroe, Poison Ivy",Unknown,Caucasian
Rosa Brighid,Unknown,Unknown,Caucasian
Tindra Frost,Unknown,Unknown,Caucasian
Ariel Rose,Arial Rose,Unknown,Asian
Bella Skye,"Bella Mae, Bella Maye",Unknown,Caucasian
Cotton Candi,CC,Unknown,Black
Charlotte Carmen,Unknown,American,Caucasian
Zoe Voss,Melissa Kimbro,Unknown,Caucasian
Audrey Grace,Aubrey Grace,Unknown,Caucasian
Ariel Dixon,Unknown,Unknown,Unknown
Leena Sky,Lenna Sky,Unknown,Caucasian
Cindy Lords,"Cindi Black, Cindy Black, Cindy Lord",Unknown,Caucasian
Vera Serephina,Unknown,Unknown,Unknown
Narumi Ayase,Unknown,Unknown,Asian
Felony,Felony Rogers,Unknown,Latin
Valentina Paradis,"FTV Valentina, Elizabeth Jolie",American,Latin
Kim Van Dyke,Unknown,Unknown,Unknown
Bridget Powerz,"Bridget Powers, Bridget The Midget Powerz, Bridget The Midget, Cheryl Murphy",Unknown,Latin
Black Mermaid,Black Mermid,Unknown,Unknown
Judy Star,"Judith, Kelli Star, Judy Starr",Unknown,Caucasian
Jamie Brooks,"Jaime Brooks, Jaimi Brooks, Jamie Brookes, Janny Brookes, Jamie British",Unknown,Caucasian
Sissy Angel,Unknown,Unknown,Unknown
Coco Velvet,Coco Velvett,Unknown,Caucasian
Georgina Darby,"Georgie Darby, Gina Skye, Georgina D",Unknown,Caucasian
Maya Milano,Maya M,Ukrainian,Caucasian
Tori Cummings,Unknown,Unknown,Caucasian
Holly Morgan,"Holly D., Holly C., Trisha",Unknown,Caucasian
Rachael Madori,"Rachael Rae, Rachel Madori",Unknown,Caucasian
Vanessa Paradise,"Vanessa Mae, Romana Jess, Vanessa Smoke, Vanessa Bacon, Vanessa Breil, Vanessa Romana, Vanessa Brees, Vanessa Lee, Romana Krejčíková, Vanessa May",Unknown,Caucasian
Fairy Vi,"FairyVi, Vicky Roonen",Unknown,Unknown
Chavon Taylor,"Chevan Taylor, Chevon Taylor, Sharon Taylor, Busty Luna",Unknown,Latin
Barbie Lu,Unknown,Unknown,Unknown
Nadia Ali,"Nadia M, Heena",Unknown,Asian
Helly Mae Hellfire,"Helly Hellfire, Eden Sinclair, Hellie Mae Hellfire",Unknown,Caucasian
Saya Song,Unknown,Unknown,Asian
Jessy Dubai,TS Jessy Dubai,Unknown,Latin
Kylie Kalvetti,kylie kalvettie,Unknown,Caucasian
Jessica Kyle,Littlebuffbabe .,American,Caucasian
Lea Magic,"Leah Magic, Karol Vendula, Wendy Lovejoy",Unknown,Caucasian
Sonia Kel,Unknown,Unknown,Caucasian
Cory Everson,"Corey, Janet, Sissi, Janette, Janett, Jeanett, Janet Wilde, Sierra Linx",Unknown,Caucasian
Sandrillon,Unknown,Unknown,Unknown
Remy Rayne,Unknown,American,Caucasian
Sunny Hart,Unknown,Unknown,Caucasian
Raquel Devine,"Raquel Divine, Racquel Devine, Racquel Divine, Raquel DeVyne, Requel Devine, Rochel Devine, Raquel De Vine, Rachel Devine, Cheri Lacey, Raqueal De Vine",Unknown,Caucasian
Candela X,Candela XXX,Unknown,Caucasian
Janet Alfano,"Janet, Jannet, Yanet Alfano, Janet Alfana, Jane Low",Unknown,Caucasian
Maci Winslett,Unknown,Unknown,Caucasian
Aya Komatsu,"Kimika Nagaoka, Nana Shirayuri, Mio Ichihara, Kozue Kurihara",Unknown,Asian
Sara James,"Sara Jaymes, Jessica Fitch",Unknown,Caucasian
Rhian Sugden,Unknown,Unknown,Caucasian
Roxanne Hall,"Roxana Hall, Cindy Stevens, Roxxanne Hall, Roxana Grand, Angela Hall",Unknown,Caucasian
Nicky Ferrari,Nicole,Unknown,Latin
Claudia Ferrari,"Tina Crystal, Angel Madrid",Unknown,Caucasian
Brooke Johnson,Unknown,Unknown,Caucasian
Bonnie Grey,"Bonnie Luntz, Bonnie Jett, Bonnie Gray",Unknown,Caucasian
May Akemi,Unknown,Unknown,Latin
Sunrise Adams,Sunrise Thomas,Unknown,Caucasian
Toochi Kash,"Natalia Salloum, Italia Kash",American,Mixed
Roxy Deville,"Roxi DeVille, Roxy De Ville, Roxy De, Roxi Devill",Unknown,Caucasian
Dominika Jule,Dominka Jule,Unknown,Caucasian
Austin Taylor,Ms. Austin Taylor,Unknown,Caucasian
Giselle Amore,Unknown,American,Latin
Evita Pozzi,Evita Pozi,Unknown,Caucasian
Goddess Davina,Unknown,Unknown,Unknown
Ravyn Alexa,Unknown,Unknown,Black
Arson Leigh,Unknown,Unknown,Unknown
Valeria Cabrera,"PetiteVenus, Valeryxo",Unknown,Latin
Victoria Tiffani,"Mira, Dolly Doble, Tiffany, Paula K, Polly, Cutie Slimmer, Zara, Marmalade, Polie, Stephanie, Jenna, Vicktoria, Anya, Ioana Oakley",Unknown,Caucasian
Katie Cooper,Unknown,Unknown,Unknown
Fit Gina,"Gina West, Toni Bolla",Unknown,Caucasian
Bella Moretti,"Bella Morietti, Bella Morecti, Arielle Victoria Myles, Bella Marette",Unknown,Black
Julie Hunter,"Sweet Julie, Franziska Koch, Sweet Juli, Julie Star, Sweet JulieX",Unknown,Caucasian
Tia Gunn,Pamela Stack,Unknown,Caucasian
Elisaveta Gulobeva,"Kami, Anabella Fox, Katya Skubak, Elizaveta Golubeva, Inna, Masha",Unknown,Caucasian
Lizzy Licious,Unknown,Unknown,Unknown
Allyssa Hall,"Alyssa Hall, Allysa Hall",Unknown,Caucasian
Zara Skolera,Unknown,Unknown,Unknown
Yukie Kawamura,Unknown,Unknown,Asian
Kitsune Liss,"Kitsune Kiss, Lika Wetterlund",Unknown,Caucasian
Dani Damzel,Unknown,Unknown,Caucasian
Clockwork Victoria,Unknown,Unknown,Caucasian
Taylor Rae,Unknown,Unknown,Caucasian
Ambitious Booty,Unknown,Unknown,Black
Addison Belgium,"Heather, Melissa Ashlynn, Addison Berlin",Unknown,Caucasian
Mia Angel,"Katkam, Katerina M, Katy, Katerina, Mia M.",Unknown,Caucasian
Trinity Rae,Noelani,Unknown,Caucasian
Neon Demoni,"NeonDemon, NeonDemoni, Neon Demon, Maeve Demoni",Unknown,Caucasian
Diana Melison,Di Melison,Unknown,Caucasian
Totty,Unknown,Belarusian,Caucasian
Crystel Lei,Crystal Lei,British,Caucasian
Ally Ann,"Allie Ann, Ally Anne, Allie Anne",Unknown,Caucasian
Camila Ostende,Unknown,Unknown,Caucasian
Sofina Amrez,Unknown,Unknown,Caucasian
Kendra Kennedy,Unknown,Unknown,Caucasian
Josette Most,"Jasette Most, Barbora Stehlíková, Goldie Pig",Unknown,Caucasian
Nadia Vixen,Unknown,Unknown,Black
Pink Pussy,"Gotta, Marina Stella",Unknown,Caucasian
Christine Alexis,"Kelly Spencer, Christina Alexis",Unknown,Caucasian
Paulina James,Unknown,Unknown,Caucasian
Lauren May,"Kissy Lauro, Lauryn May, Loureen May",Unknown,Caucasian
Lexi Lamour,"Lexi Lamore, Lexi Paulis, Lexi Lemow",Unknown,Caucasian
Dakoda Brookes,"Dakota Brookes, Dakoda Brooks, GND Dakoda, Next Door Dakoda",Unknown,Caucasian
Peyton Thomas,Unknown,Unknown,Caucasian
Michelle Myers,Michelle Meyers,Unknown,Caucasian
Matilde Ramos,"Mathilde Ramos, Matilda Ramos",Unknown,Latin
Vivian Blush,Siberian Kate,Unknown,Caucasian
Naomi Montana,"Sandra Benešová, Naomi Lambo",Unknown,Caucasian
Gia Rae,Unknown,Unknown,Unknown
Sienna Dream,Cherie Magic,Unknown,Black
Regina Moon,Regina Moore,Unknown,Caucasian
Yui Kasugano,"Anna Machida, Yuu Hibino, Sora Hoshikawa, Yuh Hibino, Sky Hoshikawa, Yoshino, Yu Hibino, Yui Hino, Yuka",Unknown,Asian
Diana Frost,Unknown,Unknown,Caucasian
Boobstruggle,Karolina,Unknown,Unknown
Sunny Diamond,Diamond Sunny,Hungarian,Caucasian
Alana Luv,Alana Love,Unknown,Caucasian
Crystal Crown,"Crystal Crow, Cristal Crown, Mona, Ruby, Cindy, Crystal Cryon",Unknown,Caucasian
Vicky Sol,Elli Pavlidi,Unknown,Caucasian
Angelina Love,"Denisa Hatasova, Deniska, Deni Dillon, Angelina Cole, Sabrina Hill",Unknown,Caucasian
Suzy Marie,Unknown,Unknown,Unknown
Kirsten Plant,"Laura Lee, Romi, Romy, Nicolle, Romana, Laura, Lara C, Kirstin, Vanda",Unknown,Caucasian
Kaede Kyomoto,"Misa Yosano, Kaede Kyohmoto, Kaede Kyoumoto, Yura Hitomi, Saki Kadokura",Unknown,Asian
Fernanda Moraes,Unknown,Unknown,Latin
Queenie Gee,Unknown,Unknown,Unknown
Mahiru Tsubaki,"Megumi Kitagawa, Mahiro Tsubaki",Unknown,Asian
Kayla Louise,Kayla Klass,Unknown,Caucasian
Akasha Cullen,Akasha Culen,Unknown,Caucasian
Brooklyn Rose,Unknown,Unknown,Latin
Kitty Caprice,"Wet Kitty, Evelin Kali",Unknown,Latin
An Li,Mistress An Li,Unknown,Asian
Mei Matsumoto,"Laura Matsumoto, May Matsumoto, Mai Matsumoto, Ran Nakazawa",Unknown,Asian
Kimberly Kendall,Ivana Vuitton,Unknown,Caucasian
Izi Ashley,"Izzy Jay, Izzi Jay, Iza, Ashley Teen",Unknown,Caucasian
Adele Sunshine,"Sunny G, Adela B, Adela S, Adell Sunshine, Sunsine, Dana, Ilsa, Adel, Ava Star, Rose, Madison, Stephanie, Adel Sunshine, Adela, Petra, Abela, Adela Sunshine",Unknown,Caucasian
Shae Snow,Unknown,Unknown,Caucasian
Lichelle Marie,"Sherold Boyle, Lachelle Marie",Unknown,Caucasian
Bonny Epson,Unknown,Unknown,Caucasian
Angelina Chung,Mandi,Unknown,Asian
Charlee Monroe,"Charlie Monroe, Charley Monroe",Unknown,Caucasian
Bella Beretta,Unknown,Hungarian,Caucasian
Ann Marie,"Anne Marie Rios, Anne Marie, AnnMarie Rios, Ann Marie Rios",Unknown,Latin
Layla Cherrie,Petite Nymphet,Unknown,Caucasian
Alexa Si,Alexa Bi,Unknown,Caucasian
Marley Matthews,Amber Eaton,Unknown,Caucasian
Barbara Angel,Unknown,Unknown,Caucasian
Sofia Su,Kim Smiles,Unknown,Asian
Lolilta Morango,"Lolla Morango, Lola Morango, Lolita Morango",Brazilian,Unknown
Veruca Darling,Unknown,Unknown,Latin
Chloe James,"Cruel Chloe, Josie Crush, Busty Josie, Hot Josie, Chloe J., Shelby Sweet",Unknown,Caucasian
Karma Bird,Unknown,Unknown,Caucasian
Irina Tundra,Unknown,Unknown,Caucasian
Mckenna Grace,Unknown,Unknown,Caucasian
Mena Carlisle,Unknown,Unknown,Black
Ashenn Fire,Unknown,Unknown,Caucasian
Ssindy Rako,"Sindy Rako, Ssindy Raico",Unknown,Caucasian
Aryana Augustine,Aryana Blaze,Unknown,Caucasian
April Valentino,Unknown,Unknown,Caucasian
Averie Moore,Unknown,Unknown,Latin
Kiersten Grace,"Kgraced Kgraced, Kiersten King",Unknown,Caucasian
Laruna Mave,MySchoolLife MySchoolLife,Unknown,Caucasian
Bea York,Unknown,Unknown,Caucasian
Kala Grey,Unknown,Colombian,Latin
Erin Pink,"Milena Tissen, Daria B, Dadi Meow",Unknown,Caucasian
Lauren Wk,Unknown,Unknown,Caucasian
Salome Gomez,"salomee_11 salomee_11, Salome Gómez",Unknown,Latin
Cindy Joss,"Jocelyn Macías, Jocessita",Unknown,Unknown
Corinne Clery,"Corinne Piccoli, Corinne Picolo",Unknown,Caucasian
Serena Becker,Unknown,Canadian,Caucasian
Preeti Young,Priya,Unknown,Asian
Kira Parvati,"Vasilisa, Gela @ we are hairy, Kira L, Christie B., Chrissy @ wtf pass",Unknown,Caucasian
Ginger Lee,"Abbie Lebon, Ginger Vicious",Unknown,Caucasian
Raquel Sultra,"Christina Brim, Elizabeth Green",Unknown,Caucasian
Adara Love,Unknown,Unknown,Latin
Sasha Bonilova,Unknown,Ukrainian,Caucasian
Melissa Lisboa,Unknown,Unknown,Latin
Axis Evol,Unknown,Unknown,Caucasian
Mia Nix,Unknown,Unknown,Latin
The Tantra Twins,"Euphoria Tantra, Astoria Tantra",Unknown,Caucasian
Mira David,Unknown,Unknown,Caucasian
Scarlett Fever,Scarlett Dunne,Unknown,Caucasian
Kira Sinn,Mika Sparx,Unknown,Asian
Aeryn Walker,"Ren, Tanjo, Azure",Unknown,Caucasian
Tati Evans,Unknown,American,Caucasian
Valentina Cross,"Anna Maria, Artemida",Unknown,Caucasian
Munequita Enfadada,"Muñequita Enfadada, Muñequita Rosy",Spanish,Caucasian
Jenna Valentine,Unknown,Unknown,Caucasian
Analia Lipha,Unknown,Unknown,Latin
Rita Milan,Sasha Ksu,Unknown,Caucasian
Bella Breeze,Unknown,Unknown,Caucasian
Ray Ray,Unknown,American,Caucasian
Katy Sky,"Ketie Sky, Katy S, Kate Sky, Zdena 1982, Katy Pearl",Unknown,Caucasian
Angelina Socho,Angelina Sokolova,Unknown,Caucasian
Bella Tornado,Unknown,Unknown,Caucasian
Flower Blue,"Kim Brosley, Celine H, Edith, Jennyfer B, Marina",Unknown,Caucasian
Meagan Vaughn,Megan Vaughn,Unknown,Black
Lolly Moon,"Holly Osborne, Lolli Moon",Unknown,Caucasian
Monica Mayhem,"Monika Mounds, Caroline Pickering, Monika Mayhem",Unknown,Caucasian
Diana Gabrovska,Unknown,Unknown,Caucasian
Ruri Saijo,"Ruri Saijyoh, Ruri Saijyou, Ruri Saijoh, Ruri Saijou",Japanese,Asian
Lady Kinky Cat,Cat Coxx,Unknown,Caucasian
Christie Lee,"Pamela Lee, Kristi, Christi Lee, Tammy, Christy Lee, Kristie Lee, Kristy Lee, Chrity Lee",Unknown,Caucasian
Sonja Adams,Sonia Adams,Unknown,Caucasian
Jennifer Amton,Unknown,Unknown,Caucasian
Alexa May,"Charlotte Leroy, Jasmin Field, Chimerey Sandra, Eva Cristaldi, Alexandra Blake, Alexa Mai, Alex May, Sandra Mei, Katie Jane, Alexandria",Unknown,Caucasian
Little Laine,Unknown,American,Caucasian
Daisy Dalton,Anita FTV,Unknown,Caucasian
Lina Sun,Unknown,Russian,Caucasian
Ashley Ocean,Ashely Ocean,Unknown,Caucasian
Ozzy Sparx,Unknown,Unknown,Latin
Nicole Paris,Unknown,Unknown,Latin
Scarlett Pain,"Atomic Scarrlett, Suicide Scarlett, Tat Queen, Atomic Scarlett, Scarlet Pain, Melissa Punk, Jessica Levine, Zoe Fire",Unknown,Caucasian
Monica Bellucci,"Monica Anna Maria Bellucci, Monica Cassel",Italian,Caucasian
Chloe Marini,"Belle Bunny Beam, BunnyxBeast, Chloe BunnyxBeast",Unknown,Caucasian
Alison Tina,"Alison Angel, Tina Angel, Tina Asian",Unknown,Asian
Anya Shahova,Hanna B,Unknown,Caucasian
Chloe Rannoch,Okichloeo,Unknown,Caucasian
Sheena Rose,Unknown,Unknown,Caucasian
Nicolette Love,Unknown,Unknown,Caucasian
Indi,"Martina Rossi, Indiana Montezuma, Indiana Kinky Barbie",Colombian,Latin
Mishelle Klein,"Molly A, Molly Smals",Unknown,Caucasian
Sophia Fiore,Unknown,Unknown,Latin
Marry Lynn,"Casey D'Alanno, Sally, Mary Lynn, Rose",Unknown,Caucasian
Liz Valery,"Joan Mueur, Liz Honey, Aliz Bodor, Liz Valerie, Aliz",Unknown,Caucasian
Isabel Stern,Unknown,Unknown,Caucasian
Sarah Sunday,Unknown,Unknown,Caucasian
Raye Roze,Unknown,Unknown,Caucasian
Alexa Mills,Unknown,Unknown,Unknown
Princess Pumpkins,"Bunny Blaze, RaeLynn Riley",Unknown,Caucasian
Christy Lynn,"Chloe Starr, Molly Olson, Christi Anderson, Tihanna Quinn, Kelly Gorman, Ava, Roxxi Silver, Stacey Olson, Christy Anderson, Roxxi",Unknown,Caucasian
Renee Winter,Redhead Winter,Canadian,Caucasian
Yuria Hidaka,Hiyori Aoyama,Unknown,Asian
Inga Devil,"Maggie C, Irina, Irena",Unknown,Caucasian
Emma Cummings,Unknown,Unknown,Latin
Raven Right,Unknown,Unknown,Caucasian
Anna Malygon,Anna Maligoshik,Ukrainian,Caucasian
Effie Gold,"Kerry Slot, Karry Slot, Kelly Slot",Unknown,Caucasian
Nicole Broown,"Nikole Broown, Nicole Brown, Nicole_Broown",Unknown,Caucasian
Rebecca G Adrijana,"Elena Gudzenko, Elena Miledi",Unknown,Caucasian
Jenny Appach,"Jenny A, Lenka, Jenniah, Jenny F, Eden, Jenny E, Jenny Delugo, Carmen, Jenny de Lugo, Jenny L, Yenny",Unknown,Caucasian
Ginger Lynn,"Gynger Lynn, Ginger Lynne, Ginger Lynn Allen, Ginger Allen",Unknown,Caucasian
Crystal Lust,Unknown,Unknown,Caucasian
Chloe James,Chloe J.,Unknown,Caucasian
Anna Valentina,Unknown,Unknown,Caucasian
Ana De Armas,"Ana Celia de Armas, Ana Celia de Armas Caso","Cuban, Spanish",Latin
Lexi Mansfield,Unknown,Unknown,Asian
Alaura Lee,"Alura A Trinity, Alura Tria, Trinity Moore",Unknown,Caucasian
Babalu,"Babalu Tigrao, Babalu Monique, Michele Nascimento, Babaloo Monique, Babalu Brazil",Unknown,Latin
Gerda Rubia,"Keela C, Gerda Y, Gerda A, Celia Y, Mari Anne",Unknown,Caucasian
Hotkinkyjo,HKJ,Unknown,Caucasian
Chris Tang,"The Facial Queen, Tang The Facial Queen, SheIsATang",American,Caucasian
Bridget Blonde,"Priscilla Lacey, Bridget Brooke",Unknown,Caucasian
Amber Ajami,Unknown,Syrian,Asian
Bianca Censori,Unknown,Australian,Unknown
Natalia G,"Katarinka, Aina Barnes",Unknown,Unknown
Elizabeth Evans,Unknown,Unknown,Caucasian
Alberta Kandi,"Candice, Candy Cat",Unknown,Caucasian
Sondra Hall,Sandra Hall,Unknown,Caucasian
Chanel Summers,Chanel Sweets,Unknown,Caucasian
Britney Shannon,"Brittany Shannon, Britney Shanon",Unknown,Caucasian
Stephie Staar,Unknown,Unknown,Caucasian
Carla Jessi,Olesya Sergeeva,Unknown,Caucasian
Kiss Cat,Kisscat,Russian,Caucasian
Jessica Rayne,Unknown,Unknown,Caucasian
Elizabeth Rayns,"Elizabeth Lovely, Loving Eli, Eli Lovely",Italian,Mixed
Suzy Rainbow,Unknown,Unknown,Caucasian
Yasmin Da Ferro,Yasmin Daferro,Unknown,Unknown
Kortny Roxx,"Raphael, Raphaella Sandy, Kortny Kail, Kali, Nubiles Kortny, Kail",Unknown,Caucasian
Ivana Montana,Unknown,Unknown,Latin
