Name,Aliases,Nationality,Ethnicity,Date of Birth,Career start,Weight,Height
Seth Gamble,"Seth Bamble, Troy Gabriel, Demitri Long, Dimitri Long, Porcupine",American,Caucasian,"February 10, 1985",2008,73 kg,180 cm
Parker Ambrose,Jordan Jaxx,American,Latin,"July 4, 1997",Unknown,66 kg,180 cm
Isiah Maxwell,Unknown,"Nigerian, Cameroonian, Congolese, American",Black,"March 28, 1989",2012,Unknown,182 cm
Kyle Mason,Lucas Knight,American,Caucasian,"February 27, 1987",2012,82 kg,185 cm
Jax Slayher,"Jonte Armand, Jax Slayer, Jaxxx Slayher, Johnny Love, Jax Black, Jak Black, Jean Slayer",American,Black,"December 26, 1988",Unknown,107 kg,193 cm
Will Pounder,"Sergeant O'Hara, Sergeant Ohara",American,Caucasian,"August 23, 1986",2017,99 kg,182 cm
Vince Karter,"Vince Carter, Vince, Vincent",French,Caucasian,"December 8, 1983",2011,79 kg,182 cm
Chocolate God,Chocolate Rod,Unknown,Black,Unknown,2023,86 kg,190 cm
Jodie Johnson,Unknown,Unknown,Caucasian,"January 21, 2002",2023,Unknown,180 cm
Joshua Lewis,Josh Lewis,Unknown,Caucasian,"October 27, 2001",Unknown,69 kg,175 cm
Charlie Dean,"Marek Prohodil, Michail, Charles Deen, Andreas Ratto, Matty Wildy, Jace Reed, Charles Dean",Czech,Caucasian,"December 6, 1993",Unknown,64 kg,177 cm
Charles Dera,"Karl Toughlove, Karl",American,Caucasian,"December 21, 1978",2005,92 kg,182 cm
Nelson Mandingo,Unknown,British,Black,"June 27, 1993",2023,Unknown,190 cm
Max Fills,Unknown,Unknown,Latin,"June 11, 1997",2022,68 kg,170 cm
Brock Cooper,"Mr Cooper XXX, Nico Correlli",American,Caucasian,"February 14, 1988",Unknown,74 kg,177 cm
Axel Haze,"Shrooms D, Trey Haze",American,Caucasian,"March 11, 2004",Unknown,74 kg,170 cm
Ryan Driller,Jeremy Bilding,Unknown,Caucasian,"August 17, 1982",Unknown,Unknown,Unknown
Nathan Bronson,"Nate Bronson, Nathan Explosion",American,Caucasian,"November 19, 1988",Unknown,77 kg,175 cm
Hollywood Cash,Unknown,American,Black,"April 6, 1991",2022,68 kg,193 cm
Ethan Seeks,Ethan Sacks,Unknown,Caucasian,"March 26, 2000",Unknown,Unknown,Unknown
Zac Wild,"Zak Wild, Warren, Zachary Wild, Zac Wilde, Zach Wild, Wesley Crush",American,Caucasian,"September 19, 1989",Unknown,82 kg,177 cm
Juan El Caballo Loco,Juan Loco,American,Latin,"June 24, 1998",2017,Unknown,165 cm
Richard Mann,Richard,American,Black,"March 5, 1966",2004,77 kg,177 cm
Quinton James,Quintin James,British,Caucasian,"June 9, 1987",Unknown,79 kg,187 cm
Rion King,Unknown,American,Caucasian,"July 4, 1991",2015,86 kg,182 cm
Jay Romero,Unknown,Algerian,Caucasian,"January 23, 1995",2019,68 kg,170 cm
Ryan Madison,Unknown,American,Caucasian,"December 16, 1976",2003,74 kg,175 cm
Mike Mancini,Unknown,American,Caucasian,"July 1, 1986",2015,79 kg,177 cm
Jimmy Michaels,"Little Jimmy Michaels, Little Jimmy, Jimothy Michaels",American,Caucasian,"January 28, 1999",2020,58 kg,175 cm
Tyler Nixon,"Tyler, Tate",American,Caucasian,"July 8, 1987",2010,69 kg,170 cm
Slim Poke,Darwin Slimpoke,American,Black,"April 22, 1985",2004,68 kg,180 cm
Donnie Rock,Donnie Rocks,American,Caucasian,"September 10, 1980",Unknown,72 kg,167 cm
Ricky Spanish,Louie,American,Caucasian,"August 24, 1994",2017,58 kg,162 cm
Damion Dayski,"Damien Dayski, DayDay",American,Black,"January 29, 2003",Unknown,63 kg,177 cm
Nade Nasty,Nade,American,Caucasian,"April 6, 1997",2018,83 kg,182 cm
Austin Pierce,Unknown,American,Caucasian,January 1,Unknown,Unknown,182 cm
Kai Jaxon,Unknown,American,Caucasian,"April 4, 1995",2023,79 kg,Unknown
Gi Joey,"Joe Justice, Joey Justice, G.I. Joey, Dick Joye, Joey Nux",American,Caucasian,"August 28, 1978",Unknown,99 kg,185 cm
Mick Blue,Unknown,Austrian,Caucasian,"September 9, 1976",2000,82 kg,177 cm
Jay Hefner,Jay,Unknown,Black,"June 21, 2000",2022,87 kg,190 cm
Scotty P,"Scotty Pimpin, MrThroatMonster, Scotty A",American,Black,"February 19, 1983",2019,76 kg,185 cm
Jayden Marcos,Monster Can,Unknown,Caucasian,"November 19, 1998",2019,79 kg,185 cm
Jmac,"J Mac, Angel, J-Mac",American,Caucasian,"March 12, 1985",2005,81 kg,185 cm
Owen Gray,"Owen Grey, Dr. Gray",American,Caucasian,"May 3, 1985",2011,68 kg,182 cm
Logan Drake,Unknown,American,Caucasian,"December 21, 1969",Unknown,Unknown,Unknown
Lucas Frost,Unknown,American,Caucasian,"February 2, 1991",2016,74 kg,182 cm
Jason Luv,Unknown,American,Black,"February 1, 1985",2017,107 kg,195 cm
Lexington Steele,Unknown,Unknown,Black,"November 28, 1969",Unknown,97 kg,187 cm
Sage Roux,Unknown,Unknown,Caucasian,"October 5, 1991",Unknown,70 kg,Unknown
Ken Feels,Unknown,American,Caucasian,Unknown,2023,77 kg,180 cm
Parker Sims,"Parker Simpson, Parker Simp",American,Caucasian,"April 29, 2003",Unknown,63 kg,170 cm
Danny D,Unknown,British,Caucasian,"August 11, 1987",2006,68 kg,185 cm
Will Tile,Unknown,American,Black,"July 18, 1987",Unknown,88 kg,175 cm
Danny Steele,"Danny Steel, Dan Steele",Unknown,Caucasian,"March 18, 1986",Unknown,91 kg,177 cm
Ramon Nomar,"Ramon Guevarra, Ramon Perez, Ramon Sutra, Ramon Enrique, Ramon Fernandez, Ramon Guebara, Ramon Lee, Ramon Novar, Ramon Gonzales, Ramon Kiss","Venezuelan, Spanish",Latin,"January 9, 1974",Unknown,91 kg,185 cm
Sheem The Dream,Unknown,American,Black,"April 23, 1982",2023,92 kg,185 cm
Damon Dice,"Damon, Jason Reign",American,Caucasian,"February 8, 1988",2014,77 kg,182 cm
Duncan Saint,Geronimo,American,Latin,"September 16, 1985",Unknown,91 kg,182 cm
Don Prince,"Don XXX Prince, Donald, Din Prince",American,Black,"April 15, 1980",2013,82 kg,175 cm
Dan Damage,Unknown,American,Caucasian,"January 3, 1995",2022,94 kg,195 cm
Tyler Cruise,Unknown,American,Caucasian,"October 19, 2000",2021,69 kg,175 cm
Mannie Coco,Unknown,American,Black,1993,Unknown,92 kg,185 cm
Musa Phoenix,Unknown,American,Black,"March 2, 1985",Unknown,66 kg,172 cm
Jay Rock,"Jay, Jason",American,Caucasian,Unknown,2009,Unknown,Unknown
Matthew Meier,Mathew Mayers,Ukrainian,Caucasian,"November 29, 1998",2022,Unknown,Unknown
Mike Skywalker,Unknown,Unknown,Latin,"March 20, 1990",2023,86 kg,190 cm
Brad Newman,Unknown,Unknown,Unknown,"February 8, 1982",2018,92 kg,182 cm
Jovan Jordan,Unknown,Unknown,Unknown,Unknown,Unknown,Unknown,Unknown
Solo The Bull,Unknown,Unknown,Black,Unknown,2022,Unknown,Unknown
Sam Shock,"Sam Perfect Body, Sam Strong",American,Caucasian,"November 26, 1987",2018,91 kg,187 cm
Van Wylde,Unknown,American,Caucasian,"March 15, 1990",2012,79 kg,180 cm
Manuel Ferrara,Unknown,French,Caucasian,"November 1, 1975",1997,84 kg,182 cm
Nikki Nuttz,"Nikky Nuttz, Josiah Reno (BelAmi), Josiah Reno, Nickki Nutz",Hungarian,Caucasian,"January 4, 1996",2017,Unknown,167 cm
Troy Francisco,Troy Frisco,Unknown,Black,"July 18, 1993",2019,79 kg,177 cm
Don Sudan,Unknown,American,Black,"October 26, 1975",2021,86 kg,185 cm
Dorian Del Isla,"Dorian De La Isla, Pascal, Dorial Del Isla",French,Caucasian,"June 27, 1979",Unknown,Unknown,177 cm
Mark Wood,Unknown,Unknown,Unknown,"June 6, 1968",Unknown,Unknown,Unknown
Luke Longly,Luke Longley,American,Unknown,"July 23, 1974",Unknown,Unknown,Unknown
Dante Colle,"Brother Calhoun, Ryder, Sam Jameson",American,Caucasian,"August 2, 1994",2013,83 kg,180 cm
Erik Everhard,"Eric Ray, Eric Everhart, Eril Everhard, Eric Steck, Eric Everhard",Canadian,Caucasian,"December 2, 1976",1998,88 kg,177 cm
David Lee,David Chan,"South Korean, American",Asian,"May 25, 1989",Unknown,63 kg,175 cm
Pavlos Hard,"Roy Gary, Jonas Miller, Hugo Antonin, Kane Mra'z, Raul Dolce, Adam Sin, Pavel Gaborik, Roy Garrett, Pavlos Hicklos, Florian Mraz, Florian Richter",Czech,Caucasian,"November 21, 1990",2014,73 kg,180 cm
Danny Mountain,Unknown,Unknown,Unknown,Unknown,Unknown,Unknown,Unknown
James Angel,Unknown,American,Black,"February 3, 1995",2021,87 kg,185 cm
Ricky Johnson,Quentin,American,Black,"January 29, 1992",2015,81 kg,182 cm
Donny Sins,Donnie Sins,American,Black,"July 18, 1984",Unknown,69 kg,177 cm
Mike Ox,"Magic Mike, Mike Oxsmall",Dominican,Latin,"October 20, 1998",2024,86 kg,177 cm
Small Hands,Unknown,Unknown,Latin,"June 25, 1982",2013,79 kg,175 cm
Diego Perez,Unknown,Mexican,Latin,"January 26, 2003",2021,61 kg,Unknown
Robby Apples,"Robby Echo, Mr. Kitty",Unknown,Caucasian,"June 12, 1986",2014,79 kg,175 cm
Freddy Gong,Unknown,Ghanaian,Black,"July 7, 1990",Unknown,Unknown,165 cm
Sam Bourne,"Sam Borne, Adam C",Unknown,Caucasian,"June 1, 1994",Unknown,Unknown,Unknown
Alex Jett,"Matt Bailey, Matthew Bailey, John Swift",American,Caucasian,"June 10, 1990",2011,52 kg,167 cm
Brickzilla,"BK Brick, Brick Trismigistus",American,Black,"May 30, 1971",Unknown,73 kg,167 cm
Clarke Kent,"Matt, Seb Cam, Clark Kent",French,Caucasian,"September 19, 1981",2002,79 kg,182 cm
Tommy Pistol,Unknown,American,Caucasian,"July 2, 1976",2005,68 kg,170 cm
Johnny Sins,Damian,American,Caucasian,"December 31, 1979",2006,79 kg,182 cm
Keiran Lee,Unknown,Unknown,Caucasian,"January 15, 1983",2005,81 kg,182 cm
Jesus Reyes,"Jesus Reyes Vazquez, Negro del Whatsapp, Jesus Reyez",Cuban,Black,"February 2, 1991",Unknown,79 kg,180 cm
Anton Harden,"Migo, Migodingo",American,Black,"July 8, 1995",2014,68 kg,170 cm
Alex Legend,Unknown,French,Caucasian,"May 29, 1983",2014,91 kg,185 cm
Sir Goldey,Unknown,Unknown,Black,Unknown,2023,Unknown,Unknown
Bruce Venture,Bruce Ventura,"Portuguese, Dutch, Irish, American",Caucasian,"November 13, 1985",2010,83 kg,187 cm
Rocket Powers,Unknown,American,Black,"September 27, 1996",Unknown,84 kg,187 cm
Darrell Deeps,Darrel Deeps,Dutch,Black,"March 26, 1982",Unknown,Unknown,Unknown
Nicky Rebel,Ricky Evers,American,Caucasian,"June 13, 1988",2016,65 kg,172 cm
Bryan Gozzling,Unknown,American,Caucasian,Unknown,Unknown,Unknown,Unknown
Marco Banderas,"Michael Duarte, Marco Duato, Marco Duarte",Unknown,Unknown,"February 13, 1967",Unknown,Unknown,Unknown
Draven Navarro,Unknown,"Italian, Mexican, American",Unknown,"June 18, 1983",Unknown,Unknown,Unknown
Tommy Gunn,Thomas Gunn,American,Caucasian,"May 13, 1967",2004,83 kg,172 cm
Juan Lucho,"Juan Luche, Juan Jucco, Juan Lucco, Juan Locho",Spanish,Caucasian,"July 8, 1988",2013,69 kg,177 cm
Dwayne Foxxx,Unknown,American,Black,"December 5, 1992",2021,77 kg,187 cm
Milan Ponjevic,"milan, Lanmi Miami, ulan",Serbian,Caucasian,"January 4, 1994",2017,74 kg,182 cm
Rusty Nails,Chas Carter,American,Caucasian,"July 24, 1972",2005,68 kg,172 cm
Lorenzo Viota,Lorenzo Viotta,French,Unknown,"June 15, 1983",Unknown,Unknown,Unknown
Liam Salvatore,Unknown,Czech,Caucasian,Unknown,2023,Unknown,Unknown
Oliver Davis,"Llewyn Davis, Oli Davis",American,Black,"November 24, 1994",2015,72 kg,175 cm
Peter Green,Unknown,American,Latin,"September 5, 1993",Unknown,79 kg,170 cm
Dimitri Shadow,Shadow Dimitri,British,Black,"September 26, 1981",Unknown,Unknown,Unknown
Scott Nails,"Scott Skools, Scott Mills, Cock Boy",American,Caucasian,"April 29, 1982",2000,77 kg,182 cm
Apollo Banks,Unknown,American,Caucasian,"June 16, 1999",2021,66 kg,177 cm
Jimmy Bud,Unknown,Spanish,Caucasian,"January 27, 2000",Unknown,Unknown,Unknown
Eddie Jaye,"Eddie Jay, Eddie J",American,Black,"September 2, 1985",2007,78 kg,172 cm
Brian Omally,Brian O'Mally,American,Caucasian,"December 22, 1989",Unknown,77 kg,185 cm
Tony Marzo,Unknown,Unknown,Caucasian,"March 29, 1985",2025,72 kg,Unknown
Derek Savage,Unknown,Unknown,Black,"August 16, 1996",2020,79 kg,185 cm
Adonis Breeds,Unknown,American,Unknown,"February 5, 1996",2023,86 kg,Unknown
Codey Steele,Unknown,Unknown,Unknown,"October 26, 1988",Unknown,Unknown,Unknown
Renato,"Mark Barbins or Federique Button or Nick Chines, Renato Rush, Herry Palmer, Marc Lobste, Emil Moldovan, Pierre or Thomas or uncredited, Jassen or Riccardo, Renato Douglas, Marc Hens or Alez Belli or Cristoph, Reno, Rick Renato, Paolo il Brigante, Degey or uncredited, Leonardo, Ranato, Trainee",Hungarian,Caucasian,"August 23, 1974",1998,Unknown,177 cm
Mad Bundy,"Mat Bundy, Max, Damien, Mark Dozer, Michael, Larry, Tom",Czech,Caucasian,"October 2, 1988",Unknown,Unknown,Unknown
Kaby Snow,Unknown,American,Black,"March 2, 1994",2024,82 kg,193 cm
Pierce Paris,"Pierce, Brother Hales, Leo Winston, Pierce Hartman",American,Caucasian,"August 19, 1985",2014,88 kg,187 cm
Brady Bud,Unknown,Spanish,Caucasian,Unknown,Unknown,Unknown,Unknown
Richard Glaze,Unknown,American,Caucasian,"January 9, 1986",2023,99 kg,187 cm
Mazee The Goat,Unknown,American,Black,"February 26, 1992",2019,78 kg,175 cm
Mickey Taylor,Unknown,British,Caucasian,"January 15, 1993",Unknown,Unknown,182 cm
J. Crew,"Jay Crew, Jake Jacobs, Jay Cobb, Jason Crew, Jake Crew",American,Caucasian,"June 2, 1957",Unknown,79 kg,170 cm
Boswell Black,"Neji B, Mr Pulloutskeet",American,Black,Unknown,2021,Unknown,Unknown
James Deen,Unknown,Unknown,Caucasian,"February 7, 1986",2004,63 kg,170 cm
Billy Boston,Unknown,American,Caucasian,February 27,Unknown,77 kg,182 cm
Michael Delray,"Ben Knox, Elder Ence, Michael Del Ray",American,Caucasian,"November 5, 1994",2014,68 kg,185 cm
Joachim Kessef,"Gustave Bogassà, Joachim Keseff, Joachim Lawson, Joachin Kessef, Joackim Kessev, Joackim Lawson, Joahim Kessef",Unknown,Black,"March 12, 1976",Unknown,Unknown,Unknown
Chris Diamond,Chris Diamondx,Spanish,Caucasian,"March 5, 1991",Unknown,Unknown,Unknown
Jonathan Jordan,Unknown,American,Black,Unknown,Unknown,Unknown,Unknown
Jaxson Briggs,Jaxon,American,Black,Unknown,Unknown,92 kg,180 cm
Josh Rivers,Unknown,Unknown,Unknown,Unknown,Unknown,Unknown,Unknown
Peter Fitzwell,Unknown,American,Caucasian,Unknown,2020,Unknown,Unknown
John Strong,"Yury, Yuri, Jon Strong",American,Caucasian,"April 9, 1969",1998,83 kg,172 cm
Romeo Mancini,Unknown,Unknown,Caucasian,February 8,2013,92 kg,187 cm
Lucky Fate,Lucky Fae,American,Caucasian,"October 1, 1991",2020,69 kg,177 cm
Tony Sting,"Tony, Raiin",Russian,Caucasian,"November 25, 1996",2018,79 kg,177 cm
Victor Ray,Unknown,American,Caucasian,"July 29, 2001",2021,Unknown,Unknown
Rocco Siffredi,Unknown,Unknown,Caucasian,"May 4, 1964",1986,Unknown,190 cm
Coal Daniels,The Real Cowboy Daddy,American,Unknown,Unknown,Unknown,Unknown,Unknown
Dredd,Dred,American,Black,"September 18, 1971",Unknown,Unknown,195 cm
Zac Drogba,"Jody Nikolas, Tomas Fuk, Daniel, Deny Lou, Thomas Fuk",Czech,Caucasian,"February 14, 1994",Unknown,Unknown,Unknown
Ian Scott,"Yannick Dure, Yannick Simon, Yanick Kangoo, Gerard D'Mattant, Yannick Shaft, Yannick Noah, Yann Legall, Ian Stone, Jan Scoot, Yann Claus, Ian Scot",Unknown,Caucasian,"February 6, 1973",Unknown,74 kg,185 cm
Elias Cash,Elias Kash,Brazilian,Latin,Unknown,2021,70 kg,175 cm
Johnny Goodluck,Unknown,American,Caucasian,"February 4, 1987",Unknown,83 kg,182 cm
Raul Costa,Raoul Costa,Italian,Caucasian,"June 10, 1989",Unknown,Unknown,172 cm
Nick Strokes,Unknown,American,Caucasian,Unknown,2022,72 kg,177 cm
Tony Rubino,Unknown,Unknown,Caucasian,Unknown,Unknown,81 kg,162 cm
Alex Charger,"Alex Spitter, Max Charger",American,Caucasian,Unknown,2023,Unknown,Unknown
Nick Ross,"Blake, Nick Gill, Harry, Eduard, Jack (x-art.com), Nathan, Nick R., Luke Hanson, Leo Stiller, Edward, Edvard, Edward Ross, Mark Franks, Eduardo, Aaron",Czech,Caucasian,"April 17, 1990",2010,74 kg,182 cm
Gemini Jay,"Kellen Jay, Kellen Rogers",American,Asian,"June 5, 1996",2025,51 kg,Unknown
Jamie Knoxx,Unknown,American,Black,"July 14, 1978",2006,82 kg,175 cm
Juan Largo,Unknown,Unknown,Unknown,Unknown,Unknown,Unknown,Unknown
Ryan Mclane,Unknown,Unknown,Unknown,Unknown,Unknown,Unknown,Unknown
Jason Cody,Cody Jason,American,Mixed,Unknown,2024,Unknown,Unknown
Karlo Karrera,"Karlos Carrera, Carlo Carrera, Kazlo Carrera, Carlos Rios, Karlo Carrera, Rios",Unknown,Latin,"November 22, 1977",Unknown,99 kg,195 cm
Jack Vegas,Unknown,American,Caucasian,Unknown,2006,78 kg,175 cm
Jon Jon,Unknown,Unknown,Unknown,Unknown,Unknown,Unknown,Unknown
Tommy Cabrio,Unknown,Spanish,Caucasian,"October 3, 1999",2019,Unknown,Unknown
Giovanni,"Papi Tarzan, GianCarlo Cavallero",Unknown,Caucasian,"August 3, 1999",2024,81 kg,Unknown
Alberto Blanco,Killian Kenzzo,Unknown,Caucasian,"February 23, 1989",Unknown,Unknown,Unknown
Big Dick Nick,Debauchery Desired,American,Caucasian,"December 27, 1983",2024,61 kg,175 cm
Angelo Godshack,"Paolo Verdi, Angelo Guardi, Ennio Guardi, Angelo Guardini, Pavel, Rudi, Woody Pepino, Angelo Danda, Emilio Guardi, Perry, Joe, Paulie, Lloyd Kenda, Leo Cooper",Unknown,Caucasian,"February 26, 1988",Unknown,81 kg,180 cm
Steve Holmes,"Steve Home, Chris Christof, Chris Long, Christian Christoff, Chris Delon, Cristian Metz, Steve Adams, Kai-Uwe Bergmann",German,Caucasian,"March 23, 1961",1996,74 kg,185 cm
Jules Jordan,"Chaz Masters, Master Blaster",American,Caucasian,"May 25, 1972",Unknown,63 kg,170 cm
Brad Knight,Unknown,Unknown,Unknown,"December 29, 1988",Unknown,Unknown,Unknown
Alex Mack,Unknown,Russian,Caucasian,Unknown,Unknown,77 kg,180 cm
Jordi El Nino Polla,Jordi ENP,Unknown,Unknown,"September 11, 1994",Unknown,53 kg,167 cm
Thomas Stone,Unknown,Hungarian,Caucasian,"July 11, 1978",Unknown,Unknown,Unknown
George Uhl,Unknown,Unknown,Caucasian,"November 30, 1970",Unknown,Unknown,Unknown
Chris Lockwood,"Caden Matthews, Christian Claps, Caden Barlowe",American,Caucasian,Unknown,Unknown,Unknown,Unknown
Anthony Pierce,Unknown,Unknown,Unknown,"February 4, 2000",2020,72 kg,170 cm
Steve Q,Unknown,Unknown,Unknown,Unknown,Unknown,Unknown,Unknown
Rob Piper,Unknown,Unknown,Unknown,Unknown,Unknown,Unknown,Unknown
Michael Fly,Unknown,Unknown,Unknown,Unknown,Unknown,Unknown,Unknown
Alex Romero,Unknown,French,Caucasian,"June 24, 2000",Unknown,Unknown,Unknown
Rodrigo Amor,Unknown,Cuban,Mixed,"May 2, 1989",2019,74 kg,Unknown
Jason Sarcinelli,Unknown,Unknown,Caucasian,"September 23, 1978",2024,97 kg,Unknown
Lawson Jones,Larson Jones,American,Black,Unknown,2020,165 kg,190 cm
Johnny Castle,"Antonio, Johnny, Danny Castle",American,Caucasian,"January 31, 1980",2005,84 kg,180 cm
Charles Neptune,"Sir Neptune, Neptune",American,Black,"May 20, 1998",Unknown,87 kg,182 cm
David Perry,Unknown,Unknown,Unknown,Unknown,Unknown,Unknown,Unknown
Christian Xxx,"ChristianXXX, Christian N, Christian X, Maxx Diesel",American,Caucasian,"May 8, 1974",Unknown,99 kg,195 cm
Zane Walker,Unknown,American,Unknown,"September 19, 1997",2021,83 kg,185 cm
Chad Alva,Vin Vericose,Unknown,Unknown,"January 11, 1985",Unknown,Unknown,Unknown
Yeri Blue,Unknown,Spanish,Latin,Unknown,Unknown,Unknown,Unknown
Dean Van Damme,Van Damme,British,Caucasian,"December 11, 1978",2010,77 kg,177 cm
Dillon Diaz,Dillion Diaz,American,Black,"May 16, 1977",Unknown,77 kg,175 cm
Yves Morgan,"Bob Karcher, Black Karchair",Belgian,Black,"December 21, 1984",Unknown,Unknown,Unknown
Hatler Gurius,"InkFit, Jesse Bently",American,Caucasian,"February 10, 1994",Unknown,Unknown,Unknown
Claus Noord,"Max, Hannes Löffel, Gerd, Tony Immer, Klaus Nord, Bernd",Unknown,Caucasian,"June 26, 1961",1989,92 kg,180 cm
Filthy Rich,Mr. Filthy Rich,American,Caucasian,"February 16, 1965",2011,73 kg,180 cm
Lil D,Unknown,American,Black,"August 6, 1999",2018,66 kg,175 cm
Celtic Iron,"Bradley King, Jonnhay Deep, Bradley Brennan, Stephen",Irish,Caucasian,"November 6, 1985",Unknown,82 kg,177 cm
Connor Flynn,Unknown,Spanish,Caucasian,Unknown,2023,Unknown,Unknown
Dan Ferrari,"Indiana Bones, Indian Bones",American,Caucasian,"April 13, 1984",Unknown,73 kg,170 cm
Thomas Lee,Unknown,Unknown,Unknown,Unknown,Unknown,Unknown,Unknown
Ace Bigs,Ace Biggs,American,Black,"September 13, 1996",2023,85 kg,182 cm
Nick Moreno,Nik Moreno,Unknown,Caucasian,"August 5, 1983",Unknown,Unknown,Unknown
Ace Hardz,"Ace Hard, Ace Hards",Unknown,Black,"February 3, 1994",2019,72 kg,177 cm
Jake Waters,Unknown,American,Black,"March 27, 1981",Unknown,63 kg,165 cm
Jack Blaque,Unknown,American,Black,Unknown,2011,74 kg,170 cm
Max Born,"Brian Ragnastone, Max Bourne, Zdenek Hemcak",Czech,Unknown,"August 12, 1983",Unknown,92 kg,185 cm
Steve Rickz,Steve Rinkz,American,Caucasian,"April 28, 1991",2016,85 kg,175 cm
Alex Jones,Ace,"Serbian, German",Caucasian,"March 2, 1991",2011,92 kg,193 cm
Pierre Woodman,"Pierre Boismonsieur, Jean-Paul Bouchet",French,Caucasian,"April 29, 1963",Unknown,84 kg,185 cm
Dylan Ledger,Unknown,Unknown,Caucasian,Unknown,2023,Unknown,190 cm
Kristof Cale,Unknown,Czech,Caucasian,Unknown,2004,66 kg,195 cm
Jonny Palms,Johnny Palms,American,Caucasian,Unknown,Unknown,Unknown,177 cm
Chad White,"Trent, Chad, Blair, Mattox",American,Caucasian,"August 5, 1988",2007,77 kg,182 cm
Chris Epic,"King Epicleus, Chris Epicleus, Epic, Chris",American,Caucasian,"February 2, 1988",2018,90 kg,187 cm
Zack Whiter,Unknown,Unknown,Latin,Unknown,Unknown,Unknown,Unknown
Conor Coxxx,Unknown,Unknown,Unknown,Unknown,Unknown,Unknown,Unknown
Jay Bangher,Jay Banger,American,Unknown,"August 7, 1988",Unknown,78 kg,182 cm
Willy Regal,"Ervin Kozma, Wiley Regal",Russian,Caucasian,Unknown,2019,64 kg,180 cm
Jay Wu,David Slinger,American,Asian,Unknown,Unknown,79 kg,187 cm
Francesco Malcolm,"Eduardo Ritz, Francesco Trulli, Francesco Malom, Francesco Malcon, Francesco Malkom, Franco Rialto",Italian,Caucasian,"November 27, 1971",Unknown,68 kg,170 cm
Dave Hard,"David, Dave H, Marek Dvorak, Dave Heart, Dave Heard, Christian, Davide Ranieri",Czech,Caucasian,1976,Unknown,78 kg,180 cm
Ridge Crix,Unknown,Czech,Caucasian,"July 22, 1979",2008,Unknown,Unknown
Stano Izak,"Clive Walker, Perry Layne, Karel, Alan Wake",Bulgarian,Caucasian,"November 19, 1987",Unknown,69 kg,172 cm
Lutro Steele,"Lutro Vargas, Joseph Valek, Jiri Benes, Jeryl, Lukas, Lucky Lutro, Karel, Rick",Czech,Caucasian,"December 17, 1983",2006,Unknown,Unknown
John Price,"Joan Price, Gianpiero",Italian,Caucasian,"March 8, 1991",Unknown,Unknown,Unknown
Rodolphe Antrim,"Adrien, Ruud Bilux, Alain, Rudy Manero, Rodolphe Billard, Christian Carambeau, Rudolf Blanc, Rudolph Baden, Rodolf Dessen",French,Caucasian,1971,Unknown,Unknown,Unknown
Maximo Garcia,"Jorge Navarro, Joël Tomas, Joel Tomas, Joel Thomas, Ricardo, Jorge Santana, Jorge Garcia",Spanish,Caucasian,"December 21, 1992",2013,87 kg,185 cm
Dre Strong,Unknown,American,Black,"June 6, 1985",Unknown,103 kg,203 cm
Kris Slater,Unknown,Unknown,Unknown,Unknown,Unknown,Unknown,Unknown
Ben English,Unknown,Unknown,Unknown,Unknown,Unknown,Unknown,Unknown
London Ford,Unknown,Unknown,Asian,"January 8, 1991",2024,85 kg,Unknown
Markus Dupree,Unknown,Russian,Caucasian,"May 31, 1988",2008,79 kg,177 cm
Eric Dikkersun,"Eric Dikkerson, Eriq Dikkersun",American,Caucasian,"February 1, 1978",Unknown,94 kg,187 cm
Oliver Flynn,Unknown,American,Caucasian,"July 12, 1993",2020,74 kg,182 cm
Michael Vegas,"Mike Vegas, James Oak",American,Caucasian,"June 4, 1984",2006,78 kg,177 cm
Puerto Rock,Unknown,American,Latin,"March 2, 1980",Unknown,Unknown,Unknown
Ralph Whoren,"pornbox.com), Ralph Whoring, Ralph (gonzo.com",American,Black,"September 2, 1987",2018,58 kg,175 cm
Air Thugger,Zachary Larson,American,Mixed,"October 13, 1993",2021,79 kg,177 cm
Xander Corvus,Unknown,Unknown,Caucasian,"November 18, 1988",2010,66 kg,180 cm
Seth Dickens,Unknown,Unknown,Unknown,Unknown,Unknown,Unknown,Unknown
Levi Cash,Unknown,Unknown,Unknown,Unknown,Unknown,Unknown,Unknown
Bamako Soldat,Bamako,French,Black,Unknown,Unknown,Unknown,Unknown
Devlin Weed,Unknown,Unknown,Unknown,Unknown,Unknown,Unknown,Unknown
Axel Aces,"Richie Evans, Master Richie, Master Richi, Mr Smith",Unknown,Caucasian,November 22,Unknown,68 kg,172 cm
Kevin White,Unknown,Unknown,Unknown,Unknown,Unknown,Unknown,Unknown
Jin Matsui,Unknown,Brazilian,Asian,Unknown,Unknown,Unknown,Unknown
Preston Parker,"Dillon Parker, Chris Parker, Dillon (CorbinFisher), Preston (ChaosMen), Dillon (RandyBlue)",Unknown,Caucasian,"January 27, 1980",Unknown,Unknown,Unknown
Titof,"Titoff, Christophe",French,Caucasian,"October 5, 1973",Unknown,Unknown,170 cm
Filou Fitt,"Philippe Soulier, Fitt Filou",French,Caucasian,"May 10, 1993",2023,108 kg,Unknown
Don Diggler,DickDealear Don,American,Black,Unknown,Unknown,Unknown,Unknown
Brad Sterling,Unknown,American,Caucasian,Unknown,2016,76 kg,185 cm
Ralf Christian,"Tony Art, Chuck, Artem Turkov, Art, Frankie G, Thommy, Ben, Artie, Artyom",Russian,Caucasian,"May 20, 1988",Unknown,Unknown,Unknown
Colten Corso,"Colty Corso, Colton Corso",Unknown,Latin,"June 9, 1993",2025,86 kg,180 cm
Jessy Jones,"Jesse Jones, Jessie Fuck, Jessie Jones, Jessy",Chilean,Caucasian,"July 1, 1985",2010,74 kg,180 cm
Leo Valentino,Unknown,Unknown,Latin,"April 19, 1997",2024,66 kg,Unknown
Mugur,"Mugor, Mogur, Ivan, Mugur Porn, Murgur",Romanian,Caucasian,"July 15, 1978",2003,Unknown,172 cm
Uncut James,James Bloww,Unknown,Caucasian,"January 23, 1998",2022,81 kg,Unknown
Dino Bravo,Unknown,Unknown,Unknown,Unknown,Unknown,Unknown,Unknown
Peter Oh Tool,Unknown,Unknown,Unknown,Unknown,Unknown,Unknown,Unknown
Eric John,Unknown,Unknown,Unknown,Unknown,Unknown,Unknown,Unknown
Manuel Ferrera,Unknown,Unknown,Unknown,Unknown,Unknown,Unknown,Unknown
Vic Lowery,"Vic, Vic Lowry",American,Black,"August 25, 1986",2020,94 kg,182 cm
Chris Damned,Unknown,French,Caucasian,"August 6, 1990",2020,Unknown,187 cm
Alpha Wolfe,Persian Wolf,American,Caucasian,"May 26, 1985",Unknown,92 kg,190 cm
Justin Hunt,"Justin, Justin Long",American,Caucasian,"November 18, 1988",2013,74 kg,187 cm
Will Havoc,Rubie Havoc,Unknown,Caucasian,Unknown,Unknown,74 kg,180 cm
Sly Diggler,Unknown,American,Black,"August 14, 1997",2019,78 kg,170 cm
Slim Dark,Unknown,American,Black,"April 30, 1994",2023,77 kg,175 cm
Max Dior,"Kevin Arbor, Max, Max Dyor, Shane Barrett, Maxmilian Dior, Shane, Scott Reeves, Maximilian Dyor, Albert Masak",Czech,Caucasian,"May 18, 1989",2011,74 kg,180 cm
Johnny B,Unknown,American,Caucasian,"July 25, 1996",Unknown,91 kg,187 cm
Jason Carrera,Unknown,Venezuelan,Latin,"February 18, 1997",2020,Unknown,Unknown
Rico Strong,Unknown,Unknown,Unknown,Unknown,Unknown,Unknown,Unknown
Paul Black,Unknown,Unknown,Unknown,Unknown,Unknown,Unknown,Unknown
Conny Dachs,Unknown,German,Caucasian,"December 13, 1963",Unknown,Unknown,Unknown
Jordan Ash,Unknown,Unknown,Unknown,1978,Unknown,Unknown,Unknown
Martin Spell,"Martin Spen, Andrew Farrell",Russian,Caucasian,"June 10, 1998",2019,69 kg,180 cm
Mandingo,"Fred Foolish, Big Dick Fred, Curtis, Fred Dingo",American,Black,"February 25, 1975",Unknown,Unknown,170 cm
Deep Threat,Unknown,Unknown,Unknown,Unknown,Unknown,Unknown,Unknown
Chris Strokes,Unknown,Unknown,Unknown,"November 27, 1985",Unknown,Unknown,Unknown
Tommy Wolff,Bobby Smyrna,Unknown,Caucasian,"September 13, 1996",2024,77 kg,Unknown
Francis X,Unknown,Italian,Latin,Unknown,2023,89 kg,185 cm
Mickey Mod,MickeyMod,American,Black,"September 23, 1979",2009,Unknown,185 cm
Charlie Patterson,"Dillon Smith, Charlie, Elder Quaid, Miles, Charlie Paterson, Charlie Pattinson",American,Caucasian,"January 6, 1995",2014,77 kg,177 cm
Derek Kage,Derek Cage,American,Caucasian,"May 29, 1984",Unknown,91 kg,182 cm
Austan T,Unknown,Unknown,Caucasian,"July 6, 1997",2024,68 kg,Unknown
Calvin Hardy,Unknown,American,Caucasian,Unknown,2019,69 kg,177 cm
Tyce Bune,Unknown,Unknown,Unknown,Unknown,Unknown,Unknown,Unknown
Adrian Hart,Logan Heart,American,Black,"February 1, 1989",Unknown,67 kg,160 cm
Bossmane Dre,Bo$$mane Dre,Unknown,Black,"April 2, 1992",2024,88 kg,Unknown
Spikey Dee,Unknown,American,Caucasian,"March 7, 2002",2022,Unknown,Unknown
Buster Good,Unknown,Unknown,Unknown,Unknown,Unknown,Unknown,Unknown
Cory Strokes,Unknown,Unknown,Black,"September 5, 2001",2024,77 kg,Unknown
Peter North,Unknown,Unknown,Caucasian,"May 11, 1957",1983,92 kg,180 cm
Tony Carrera,"Mark Ferri, Christophe Kdo, Jean Philippe, Toni Carrera, Titus Woller",French,Caucasian,"October 26, 1970",Unknown,Unknown,175 cm
Tyler Steel,"Tyler Steele, Tyler Page",Unknown,Caucasian,"October 14, 1986",2011,73 kg,152 cm
Ike Diezel,Unknown,Unknown,Unknown,Unknown,Unknown,Unknown,Unknown
Mike Hunt,Unknown,Unknown,Unknown,Unknown,Unknown,Unknown,Unknown
Billy Glide,Unknown,Unknown,Unknown,Unknown,Unknown,Unknown,Unknown
Neeo,Unknown,Unknown,Unknown,Unknown,Unknown,Unknown,Unknown
Michael Stefano,"Mike Stefano, Micheal Stefano, Mike Long, Michael Stephano, Michael Long",Unknown,Unknown,"August 29, 1969",Unknown,Unknown,Unknown
Tony James,Unknown,Unknown,Unknown,Unknown,Unknown,Unknown,Unknown
D Snoop,Unknown,Unknown,Unknown,Unknown,Unknown,Unknown,Unknown
Marco Bull,Unknown,Spanish,Caucasian,"January 1, 1998",2021,Unknown,Unknown
Donny Long,Unknown,Unknown,Unknown,Unknown,Unknown,Unknown,Unknown
Guy Disilva,Unknown,Unknown,Unknown,Unknown,Unknown,Unknown,Unknown
Kane Kobang,Unknown,American,Black,"September 24, 1999",2024,82 kg,190 cm
Roman Todd,Unknown,American,Caucasian,Unknown,Unknown,86 kg,185 cm
Treyy Vunt,Unknown,Unknown,Black,"July 27, 2001",2025,56 kg,180 cm
Chris Cock,Unknown,Unknown,Unknown,Unknown,Unknown,Unknown,Unknown
Juan Cuba,Unknown,Unknown,Unknown,Unknown,Unknown,Unknown,Unknown
Robert Axel,"Pittbul, Robert Christian, Robert Christin, Robert Miner, Michael Vineland",American,Black,Unknown,Unknown,97 kg,187 cm
Coach Cardher,"Flexx, Pristine Bull, SeazonedBee, 420 Bangus, Flex Fitcock",American,Black,"November 9, 1965",2019,73 kg,172 cm
Casey Conrad,Brett Geo,Unknown,Caucasian,"November 23, 1993",2025,77 kg,Unknown
Prince Yahshua,Unknown,Unknown,Unknown,Unknown,Unknown,Unknown,Unknown
Jacob Steel,"Bambino, Lee, Jose",American,Latin,"March 28, 1988",2010,91 kg,175 cm
Sean Michaels,Unknown,Unknown,Unknown,Unknown,Unknown,Unknown,Unknown
Franco Roccaforte,Unknown,Unknown,Unknown,Unknown,Unknown,Unknown,Unknown
Kris Knight,Unknown,Unknown,Unknown,Unknown,Unknown,Unknown,Unknown
Jans Laver,Unknown,Colombian,Latin,Unknown,Unknown,Unknown,Unknown
David Bander,Unknown,Colombian,Latin,Unknown,Unknown,Unknown,Unknown
Buck Wylde,Unknown,Unknown,Unknown,Unknown,Unknown,Unknown,Unknown
Broc Adams,Unknown,Unknown,Unknown,Unknown,Unknown,Unknown,Unknown
Liam Cyber,Unknown,American,Black,November 17,Unknown,58 kg,170 cm
Maxx Jenkins,Unknown,American,Black,Unknown,Unknown,Unknown,Unknown
Xavi Photo,Unknown,Unknown,Unknown,Unknown,Unknown,Unknown,Unknown
Dick James,Unknown,Unknown,Unknown,Unknown,Unknown,Unknown,Unknown
Alberto Rey,Unknown,Unknown,Unknown,Unknown,Unknown,Unknown,Unknown
Rauls Bud,Unknown,Spanish,Caucasian,Unknown,2023,Unknown,Unknown
Darren Blaze,Unknown,Unknown,Black,"May 11, 1992",2024,74 kg,Unknown
Reda Semlahen,Rada Palos,"Algerian, French",Caucasian,"January 25, 1966",Unknown,Unknown,Unknown
Rawdawg Cash,Unknown,American,Black,"January 7, 2006",2024,63 kg,165 cm
Marc Cummings,Unknown,Unknown,Unknown,Unknown,Unknown,Unknown,Unknown
Scott Trainor,Unknown,American,Caucasian,"March 4, 1971",2023,91 kg,180 cm
Arin Jones,Unknown,Unknown,Asian,"September 24, 1999",2025,73 kg,Unknown
Shane Diesel,"Shane 'Sol' Diesel, Shane, Shane D, Big Shane",American,Black,"July 28, 1963",2003,97 kg,177 cm
Greg Centauro,"Greg Centaureau, Greg Centaurio, Dru Capone, Gerg Centoro, Greg Santauro, Bruno Pelliti",French,Caucasian,"January 10, 1977",2000,Unknown,170 cm
Wesley Pipes,Unknown,Unknown,Unknown,Unknown,Unknown,Unknown,Unknown
Thomas Stone,Unknown,Unknown,Unknown,Unknown,Unknown,Unknown,Unknown
Jay Raw,Unknown,Unknown,Latin,"November 26, 2005",2024,Unknown,Unknown
Bishop Delonte,Unknown,Canadian,Black,July 18,2017,63 kg,177 cm
J Mac,Unknown,Unknown,Caucasian,"March 12, 1985",Unknown,Unknown,Unknown
Robert Rosenberg,Unknown,Unknown,Unknown,Unknown,Unknown,Unknown,Unknown
Andy Mann,Unknown,Unknown,Unknown,Unknown,Unknown,Unknown,Unknown
Johnny Love,"Johnny The Kid, Myles Long",American,Latin,Unknown,2018,6 kg,170 cm
Jay Smooth,Unknown,Polish,Caucasian,"March 12, 1986",2013,90 kg,477 cm
David Candle,Unknown,Unknown,Latin,Unknown,Unknown,Unknown,Unknown
Kenzo Alvarez,James,Canadian,Latin,March 17,Unknown,Unknown,170 cm
Drake Knight,Unknown,Unknown,Caucasian,Unknown,Unknown,Unknown,Unknown
Cyrus King,Unknown,Unknown,Unknown,Unknown,Unknown,Unknown,Unknown
Bryan De Ferro,Unknown,Unknown,Unknown,Unknown,Unknown,Unknown,Unknown
Mikey Butders,Unknown,Unknown,Unknown,Unknown,Unknown,Unknown,Unknown
Ron Jeremy,"Rolf Bomp, David Elliot, R. J., Ron Silva, Ron Geremy, Ron Jeremey, Ronnie J, Ronnie Hyatt, David Elliott, Ronald Jeremy",American,Caucasian,"March 12, 1953",1979,82 kg,167 cm
Dave Candle,Dave Candel,Italian,Caucasian,Unknown,2022,Unknown,Unknown
Marc Kaye,Mark Kaye,British,Caucasian,"June 19, 1972",2017,Unknown,Unknown
Aaron Rock,Marcus Gomez,Dutch,Black,"April 19, 1984",Unknown,82 kg,172 cm
Franco Styles,Unknown,American,Caucasian,"January 11, 1983",2020,76 kg,182 cm
Mike Oxlong,Unknown,Unknown,Unknown,Unknown,Unknown,Unknown,Unknown
Kai Bailey,Unknown,American,Caucasian,"April 20, 1953",Unknown,Unknown,182 cm
Timo Hardy,Unknown,Unknown,Unknown,Unknown,Unknown,Unknown,Unknown
Kris Kixxx,"Kris K, Kris K xxx, Krisk XXX",American,Black,"December 17, 1996",2021,78 kg,187 cm
Frankie Young,Unknown,Unknown,Unknown,Unknown,Unknown,Unknown,Unknown
Lancelot,SsLancelot,Colombian,Black,Unknown,Unknown,Unknown,180 cm
Tony Rope,Unknown,Unknown,Black,Unknown,2024,Unknown,Unknown
Chad Diamond,Unknown,Unknown,Unknown,Unknown,Unknown,Unknown,Unknown
Boz,"Bows, Boz The Beast, Box",American,Black,"February 13, 1971",Unknown,58 kg,165 cm
Dustin Daring,Unknown,American,Caucasian,"February 12, 1995",Unknown,82 kg,190 cm
Julius Ceazher,Unknown,Unknown,Unknown,Unknown,Unknown,Unknown,Unknown
Ben Dover,Unknown,Unknown,Unknown,Unknown,Unknown,Unknown,Unknown
Rico Simmons,"Ricco Simmons, Rico Simons",Unknown,Caucasian,"September 16, 1976",Unknown,Unknown,Unknown
Carlos Dickinson,Unknown,American,Latin,Unknown,2023,Unknown,Unknown
Barry Scott,Unknown,Unknown,Unknown,Unknown,Unknown,Unknown,Unknown
Gerald Vi,"Toni Bill, Abel, Toni Bil, Tony Bill",Unknown,Caucasian,"September 15, 1997",Unknown,77 kg,182 cm
Hugo,"Hugo Sperminator, Hugo North, Sperminator",Dutch,Caucasian,Unknown,Unknown,Unknown,Unknown
Jimmy Dix,Unknown,Unknown,Unknown,Unknown,Unknown,Unknown,Unknown
Johnny Xl,Unknown,Unknown,Unknown,Unknown,Unknown,Unknown,Unknown
James Black,Unknown,Unknown,Unknown,Unknown,Unknown,Unknown,Unknown
Kevin Long,Unknown,Unknown,Unknown,Unknown,Unknown,Unknown,Unknown
Henk,Unknown,Dutch,Caucasian,Unknown,Unknown,Unknown,Unknown
Amone Bane,Unknown,Unknown,Mixed,"March 27, 1993",2019,79 kg,Unknown
Rockhardo Black,Unknown,Unknown,Black,"April 3, 1986",2001,30 kg,457 cm
Matt Bishop,Unknown,American,Black,Unknown,Unknown,Unknown,Unknown
Sean Lawless,Sean Payton,American,Caucasian,"July 31, 1989",2010,94 kg,187 cm
Parker Savage,Unknown,Unknown,Caucasian,"May 27, 1997",2025,81 kg,Unknown
Mark Lax,Unknown,Unknown,Caucasian,"August 27, 1983",2025,120 kg,Unknown
Jay Scarman,Unknown,Unknown,Unknown,Unknown,Unknown,Unknown,Unknown
John Bishop,"Dirty Dog, John, Ian, John Petty, Chuck Loads",British,Caucasian,"June 1, 1966",1996,Unknown,172 cm
Loupan Xxx,Loupan,Unknown,Latin,"April 18, 1984",2004,Unknown,Unknown
Martin X,"Martin T, Martin, Martin Martinelli",Ukrainian,Caucasian,"October 23, 1988",2015,Unknown,Unknown
Bodo,"Bodo Burner, Jan-Martin K, Bodo Banger",German,Caucasian,"December 5, 1983",Unknown,Unknown,Unknown
Cali Deep,Unknown,Unknown,Latin,"May 4, 1989",2025,74 kg,Unknown
Wrex Oliver,"Wrex (jamiefosterstrips.com), Jimmy Deep",Unknown,Caucasian,Unknown,2015,74 kg,177 cm
Toni Ribas,Unknown,Unknown,Unknown,"June 13, 1975",Unknown,Unknown,Unknown
Brick Danger,Unknown,American,Caucasian,"August 29, 1988",2011,77 kg,177 cm
Rico Shades,"Shades, Ricardo Shades",American,Black,Unknown,Unknown,Unknown,Unknown
Matt Bird,"Johnny Wakeup, Laslo, Daniel Halasz, Jarkal, Jon Axe, Lazlo, Laszlo, Ted Lauter, Lucky Luke, Matt Denae, Alan Perrish",Hungarian,Unknown,Unknown,Unknown,Unknown,Unknown
Smash Thompson,Smash Tafarih,American,Black,"December 16, 1987",Unknown,94 kg,172 cm
Riley Mitchell,"Riley, Riley Mitchel",American,Caucasian,"September 29, 1986",2018,83 kg,175 cm
Kike Star,Unknown,Spanish,Caucasian,Unknown,2020,Unknown,Unknown
Stanley Johnson,"Stanley Jones, Stanley Johnosn",Russian,Caucasian,"July 17, 1986",2019,Unknown,Unknown
Leo Santos,Unknown,Brazilian,Latin,"October 1, 1996",Unknown,Unknown,Unknown
Tony Michaels,Unknown,Unknown,Unknown,Unknown,Unknown,Unknown,Unknown
Tony Martinez,Unknown,Unknown,Unknown,Unknown,Unknown,Unknown,Unknown
Steven Lee,Unknown,American,Caucasian,"October 21, 1991",Unknown,Unknown,187 cm
Igor Pikachu,Unknown,Unknown,Unknown,Unknown,Unknown,Unknown,Unknown
Jay R,Unknown,Unknown,Unknown,Unknown,Unknown,Unknown,Unknown
Roger Smore,Unknown,Unknown,Unknown,Unknown,Unknown,Unknown,Unknown
Ivor Badcock,"Marlon, Senzi, The Dirty Cleaner, Sensi",British,Black,"April 4, 1973",Unknown,79 kg,182 cm
Chris Mountain,Unknown,Unknown,Unknown,Unknown,Unknown,Unknown,Unknown
Lefty Larue,Unknown,Unknown,Unknown,Unknown,Unknown,Unknown,Unknown
Ricky Mancini,"Ricki Mancini, Marcel Pignom, Marcel Pignol, Ricky Manccini",French,Caucasian,"February 27, 1986",Unknown,78 kg,177 cm
Nacho Vidal,"Nacho, Nachos Camachos, Nachu",Spanish,Caucasian,"December 30, 1974",1997,78 kg,180 cm
Trevor Zen,Unknown,Unknown,Unknown,Unknown,Unknown,Unknown,Unknown
Ruckus,Unknown,American,Caucasian,"December 1, 1988",2013,Unknown,190 cm
Nat Turnher,Unknown,Unknown,Unknown,Unknown,Unknown,Unknown,Unknown
Vadim Muromtsev,Unknown,Unknown,Unknown,Unknown,Unknown,Unknown,Unknown
Tony Genius,Unknown,Unknown,Mixed,"June 7, 1990",Unknown,79 kg,177 cm
Pov Joe,Unknown,Unknown,Unknown,Unknown,Unknown,Unknown,Unknown
Kamil Klein,Unknown,Unknown,Unknown,Unknown,Unknown,Unknown,Unknown
Cedric Fato,Cedrick Fato,French,Caucasian,"May 12, 1975",Unknown,Unknown,Unknown
Marco Rivera,Unknown,Unknown,Unknown,Unknown,Unknown,Unknown,Unknown
Barrett Blade,Unknown,Unknown,Unknown,Unknown,Unknown,Unknown,Unknown
King Frank,Unknown,American,Black,"June 15, 1998",2023,98 kg,Unknown
Brandon Lee Harrington,Brandon Harrington,American,Black,June 13,Unknown,Unknown,Unknown
Johnny Slovak,Unknown,Unknown,Unknown,Unknown,Unknown,Unknown,Unknown
Josue Fit,Unknown,Unknown,Latin,"May 11, 2000",2024,83 kg,177 cm
Tommy Gold,"Edmund, Timmy, Tony Gold, Bruno Porta",Russian,Caucasian,"June 7, 1999",Unknown,69 kg,177 cm
Eric Swiss,Unknown,Unknown,Unknown,Unknown,Unknown,Unknown,Unknown
Drake Von,"Dawson Bacon, Drake Yuri",American,Caucasian,"November 8, 2002",Unknown,66 kg,172 cm
Milos Savic,Unknown,Unknown,Unknown,Unknown,Unknown,Unknown,Unknown
Tone Capone,Unknown,Unknown,Unknown,Unknown,Unknown,Unknown,Unknown
Nick Leykis,Unknown,Unknown,Unknown,Unknown,Unknown,Unknown,Unknown
Mark Zebro,Unknown,Unknown,Unknown,Unknown,Unknown,Unknown,Unknown
David Taylor,Unknown,Unknown,Unknown,Unknown,Unknown,Unknown,Unknown
Oliver Sanchez,Unknown,Unknown,Unknown,Unknown,Unknown,Unknown,Unknown
Paulo Bangkok,"Bams Kok, Vankok, Bangkok, Van Kok",Spanish,Latin,"March 2, 1993",Unknown,Unknown,170 cm
Nova Taylor,Unknown,American,Black,"March 10, 1995",Unknown,77 kg,172 cm
Dick Delaware,Unknown,Unknown,Unknown,Unknown,Unknown,Unknown,Unknown
Jack Spade,Unknown,Unknown,Unknown,Unknown,Unknown,Unknown,Unknown
Don Fernando,Unknown,Unknown,Unknown,Unknown,Unknown,Unknown,Unknown
Tyler Wood,Unknown,Unknown,Unknown,Unknown,Unknown,Unknown,Unknown
Viktor Blizzard,Unknown,Unknown,Unknown,Unknown,Unknown,Unknown,Unknown
Rocco Maltesi,Unknown,Italian,Caucasian,Unknown,2022,Unknown,Unknown
Heath Austin,Unknown,Unknown,Caucasian,Unknown,Unknown,Unknown,Unknown
Jasper Woodcock,Unknown,American,Caucasian,Unknown,Unknown,Unknown,Unknown
Charlie Mac,Unknown,Unknown,Unknown,Unknown,Unknown,Unknown,Unknown
Marcus London,Unknown,Unknown,Unknown,Unknown,Unknown,Unknown,Unknown
Tony Orlando,Sissy Tanya,American,Caucasian,Unknown,Unknown,63 kg,182 cm
Tommy Utah,Unknown,Unknown,Unknown,Unknown,Unknown,Unknown,Unknown
Tyler Durden,Unknown,Unknown,Unknown,Unknown,Unknown,Unknown,Unknown
Talon,"Cliff Cummings, Lex Baldwin, Talon Valenti",Unknown,Unknown,Unknown,Unknown,Unknown,Unknown
Justin Long,Unknown,Unknown,Unknown,Unknown,Unknown,Unknown,Unknown
Tee Reel,Unknown,Unknown,Unknown,Unknown,Unknown,Unknown,Unknown
Choky Ice,Unknown,Unknown,Unknown,Unknown,Unknown,Unknown,Unknown
Joel Someone,"Elder Someone, Joel Morri",American,Caucasian,Unknown,2018,76 kg,177 cm
King Noire,"Hasan Salaam, Jesus",American,Black,"January 12, 1981",Unknown,76 kg,180 cm
Christian Clay,"Sancio L'Orco, Cristiano Ferri, Christian Devil, Christian Duro, Christian David, Christian Neri, Chris Clay, Cristian Clay",Unknown,Unknown,1979,Unknown,Unknown,Unknown
Mark Marais,Unknown,Unknown,Unknown,Unknown,Unknown,Unknown,Unknown
Alec Knight,"Alec T. Shag, Alec Night, Alex Knight, Howie Wood",Unknown,Unknown,"June 13, 1972",Unknown,Unknown,Unknown
Tony Desergio,Unknown,Unknown,Unknown,"July 19, 1966",Unknown,Unknown,Unknown
J. Monty,Unknown,Unknown,Unknown,Unknown,Unknown,Unknown,Unknown
Jack Kallahari,Unknown,Unknown,Latin,"April 23, 1991",2016,Unknown,Unknown
Andre Stone,Unknown,American,Black,Unknown,Unknown,Unknown,Unknown
Mike Angelo,Unknown,Unknown,Unknown,Unknown,Unknown,Unknown,Unknown
Tommy Parker,Unknown,Unknown,Caucasian,"May 14, 1993",2024,36 kg,464 cm
Noah Eden,"Neo Davis, Liam Rose",Czech,Caucasian,Unknown,Unknown,59 kg,175 cm
Damson Jenkins,Unknown,Unknown,Black,"July 21, 1997",2025,97 kg,Unknown
Eric Stone,Unknown,Unknown,Unknown,Unknown,Unknown,Unknown,Unknown
Omar Galanti,Unknown,Unknown,Unknown,Unknown,Unknown,Unknown,Unknown
Luke Cooper,Unknown,American,Caucasian,"May 16, 1995",2019,86 kg,182 cm
Alex Adams,"Adam, Gary, Jake",American,Caucasian,"January 10, 1987",Unknown,Unknown,Unknown
Pascal White,Unknown,Unknown,Unknown,"December 10, 1971",Unknown,83 kg,182 cm
Byron Long,Unknown,Unknown,Black,Unknown,Unknown,Unknown,Unknown
Flash Brown,Unknown,Unknown,Unknown,Unknown,Unknown,Unknown,Unknown
Mike Adriano,Unknown,Unknown,Unknown,Unknown,Unknown,Unknown,Unknown
Dirty Harry,Unknown,Unknown,Unknown,Unknown,Unknown,Unknown,Unknown
Denis Reed,Unknown,Unknown,Unknown,Unknown,Unknown,Unknown,Unknown
Jay Jay,Unknown,Unknown,Unknown,Unknown,Unknown,Unknown,Unknown
Jamie Stone,Unknown,Unknown,Unknown,Unknown,Unknown,Unknown,Unknown
Brick Majors,Unknown,Unknown,Unknown,Unknown,Unknown,Unknown,Unknown
Evan Stone,Unknown,Unknown,Unknown,Unknown,Unknown,Unknown,Unknown
Georgio Black,Unknown,Unknown,Unknown,Unknown,Unknown,Unknown,Unknown
James Duval,Unknown,French,Caucasian,Unknown,Unknown,Unknown,Unknown
Logan Pierce,"Logan, Abu","Italian, American",Caucasian,"October 17, 1990",2012,63 kg,172 cm
Jeremy Smith,Unknown,Unknown,Unknown,Unknown,Unknown,Unknown,Unknown
Jim Slip,"Robert D'Arcy, Robert Darcy, Archibald Bigglesworth",British,Caucasian,Unknown,1998,Unknown,Unknown
Pablo Ferrari,Pablo,Spanish,Caucasian,"January 17, 1978",2011,77 kg,180 cm
James Brossman,"James Brosman, Jones Brossman, Jimmy Grossman, James Brossmon",Unknown,Caucasian,"September 22, 1975",Unknown,Unknown,Unknown
Don Picone,Unknown,Unknown,Unknown,Unknown,Unknown,Unknown,Unknown
David Road,Unknown,Unknown,Unknown,Unknown,Unknown,Unknown,Unknown
Justin Magnum,Unknown,Unknown,Unknown,Unknown,Unknown,Unknown,Unknown
Tony Brooklyn,Unknown,Unknown,Unknown,Unknown,Unknown,Unknown,Unknown
Derek Atlas,Unknown,American,Caucasian,"November 3, 1982",Unknown,99 kg,182 cm
Blake Rivers,Unknown,Unknown,Latin,"December 25, 1998",2024,79 kg,Unknown
Dillon Day,Unknown,Unknown,Unknown,Unknown,Unknown,Unknown,Unknown
Dru Will,Unknown,American,Black,Unknown,Unknown,Unknown,Unknown
Maestro Claudio,Unknown,Unknown,Unknown,Unknown,Unknown,Unknown,Unknown
Gorgeous Drae,Unknown,Unknown,Unknown,Unknown,Unknown,Unknown,Unknown
Mike Horner,Unknown,Unknown,Unknown,Unknown,Unknown,Unknown,Unknown
Paul Chaplin,Unknown,Unknown,Unknown,Unknown,Unknown,Unknown,Unknown
Pat Myne,Unknown,Unknown,Unknown,Unknown,Unknown,Unknown,Unknown
Leny Ewil,Unknown,Unknown,Unknown,Unknown,Unknown,Unknown,Unknown
Buck Angel,Unknown,Unknown,Unknown,Unknown,Unknown,Unknown,Unknown
Kai Taylor,Unknown,Unknown,Unknown,Unknown,Unknown,Unknown,Unknown
Shorty Mac,Unknown,Unknown,Unknown,Unknown,Unknown,Unknown,Unknown
Keni Styles,Unknown,Unknown,Unknown,Unknown,Unknown,Unknown,Unknown
Brad Tyler,Unknown,Unknown,Unknown,Unknown,Unknown,Unknown,Unknown
Jon James,Unknown,Unknown,Unknown,Unknown,Unknown,Unknown,Unknown
Brad Baldwin,Unknown,Unknown,Unknown,Unknown,Unknown,Unknown,Unknown
Alex Gonz,Unknown,Unknown,Unknown,Unknown,Unknown,Unknown,Unknown
Jamie Barry,Unknown,Unknown,Unknown,Unknown,Unknown,Unknown,Unknown
Lee Stone,Unknown,Unknown,Unknown,Unknown,Unknown,Unknown,Unknown
Johnny Cobalt,Unknown,Unknown,Unknown,Unknown,Unknown,Unknown,Unknown
Ian Tate,Unknown,Unknown,Unknown,Unknown,Unknown,Unknown,Unknown
Brian Surewood,Unknown,Unknown,Unknown,Unknown,Unknown,Unknown,Unknown
Steve Drake,Unknown,Unknown,Unknown,Unknown,Unknown,Unknown,Unknown
Will Steiger,Unknown,Unknown,Unknown,Unknown,Unknown,Unknown,Unknown
Mike Hash,Unknown,Unknown,Unknown,Unknown,Unknown,Unknown,Unknown
Steven French,Unknown,Unknown,Unknown,Unknown,Unknown,Unknown,Unknown
Alex Sanders,Unknown,Unknown,Unknown,"March 7, 1966",Unknown,Unknown,Unknown
Djurica Stankov,Unknown,Unknown,Unknown,Unknown,Unknown,Unknown,Unknown
Arnold Schwartzenpecker,Unknown,Unknown,Unknown,Unknown,Unknown,Unknown,Unknown
Falco Zito,Unknown,Unknown,Unknown,Unknown,Unknown,Unknown,Unknown
Doryann Marguet,"Doryanne, Yoyo, Doryann Gray, Doryan, Doriann, Doryann Margret, Mec Two, Doryann Maguet",French,Caucasian,"February 14, 1983",Unknown,72 kg,177 cm
John E. Depth,Unknown,Unknown,Unknown,Unknown,Unknown,Unknown,Unknown
Billy Raw,Unknown,American,Caucasian,"July 3, 1984",Unknown,99 kg,193 cm
Chris Charming,Unknown,Unknown,Unknown,Unknown,Unknown,Unknown,Unknown
Sledge Hammer,Unknown,Unknown,Unknown,Unknown,Unknown,Unknown,Unknown
Nico Blade,Unknown,Unknown,Unknown,Unknown,Unknown,Unknown,Unknown
Jon Q,Unknown,Unknown,Unknown,Unknown,Unknown,Unknown,Unknown
Bradley Remington,Unknown,Unknown,Unknown,Unknown,Unknown,Unknown,Unknown
Alex Duca,Ryan Bones,Unknown,Caucasian,"May 7, 1991",2017,102 kg,Unknown
Jack Rippher,"J. Rippher, Jack Ripper",American,Black,"April 27, 1994",2020,82 kg,182 cm
Rick Masters,Unknown,Unknown,Unknown,Unknown,Unknown,Unknown,Unknown
Tony T,Unknown,Unknown,Unknown,Unknown,Unknown,Unknown,Unknown
Andrew Andretti,Unknown,Unknown,Unknown,Unknown,Unknown,Unknown,Unknown
Joss Lescaf,Unknown,Unknown,Unknown,Unknown,Unknown,Unknown,Unknown
Giovanni Francesco,Unknown,Unknown,Unknown,Unknown,Unknown,Unknown,Unknown
Michael Chapman,"Mike Cavallo, Kevyn Green, Mike Grant, Mike Chapman, Steven Johnson, Mike XL",American,Black,"November 7, 1957",Unknown,Unknown,Unknown
Jake Malone,Unknown,Unknown,Caucasian,"June 21, 1952",Unknown,Unknown,Unknown
Marcelo,Unknown,Unknown,Caucasian,"March 18, 1984",Unknown,69 kg,172 cm
Rob Carpenter,Camden Connors,American,Caucasian,"November 30, 1991",Unknown,77 kg,172 cm
Jean-Yves Le Castel,Unknown,Unknown,Unknown,Unknown,Unknown,Unknown,Unknown
Jazz Duro,Unknown,Unknown,Unknown,Unknown,Unknown,Unknown,Unknown
Will Powers,Unknown,Unknown,Unknown,Unknown,Unknown,Unknown,Unknown
Drago Gvozdik,"Egor, Drogo, Leo Dee, Edward, Igor",Russian,Caucasian,"July 29, 1992",Unknown,78 kg,182 cm
Nick Lang,Unknown,Unknown,Unknown,Unknown,Unknown,Unknown,Unknown
Kid Jamaica,Unknown,Unknown,Unknown,Unknown,Unknown,Unknown,Unknown
Nick East,Unknown,Unknown,Unknown,Unknown,Unknown,Unknown,Unknown
Max Payne,Unknown,Unknown,Unknown,Unknown,Unknown,Unknown,Unknown
Rod Hardick,Unknown,German,Caucasian,Unknown,Unknown,Unknown,Unknown
Lyra Lockhart,Unknown,Unknown,Unknown,Unknown,Unknown,Unknown,Unknown
Jason Brown,Unknown,Unknown,Unknown,Unknown,Unknown,Unknown,Unknown
Bill Bailey,"Joseph Reeves, Max Hammer, Bill Baily",Unknown,Caucasian,"November 21, 1980",Unknown,Unknown,180 cm
Chris Getz,Chris G,American,Caucasian,"October 13, 1971",Unknown,92 kg,182 cm
John West,Unknown,Unknown,Unknown,Unknown,Unknown,Unknown,Unknown
Titus Steel,Unknown,Unknown,Unknown,Unknown,Unknown,Unknown,Unknown
Jonathan Morgan,Unknown,Unknown,Unknown,Unknown,Unknown,Unknown,Unknown
Leo Casanova,Unknown,Unknown,Caucasian,"March 18, 1981",Unknown,74 kg,180 cm
Herschel Savage,Unknown,Unknown,Unknown,Unknown,Unknown,Unknown,Unknown
Moon Imp,Unknown,American,Caucasian,Unknown,2022,Unknown,Unknown
Richie Calhoun,Richie's Brain,Unknown,Caucasian,"January 1, 1978",Unknown,Unknown,Unknown
Sylvio Mata,Unknown,Unknown,Unknown,Unknown,Unknown,Unknown,Unknown
Paulo Machy,Unknown,Unknown,Unknown,Unknown,Unknown,Unknown,Unknown
"Moe ""The Monster"" Johnson","Moe Jhonson, Moe Muscles, Moe Johnson",American,Black,"October 21, 1981",Unknown,83 kg,180 cm
Brannon Rhodes,Unknown,Unknown,Unknown,Unknown,Unknown,Unknown,Unknown
Chris Streams,Unknown,Unknown,Unknown,Unknown,Unknown,Unknown,Unknown
Justice Young,Unknown,Unknown,Unknown,Unknown,Unknown,Unknown,Unknown
Steve Hatcher,Unknown,Unknown,Unknown,Unknown,Unknown,Unknown,Unknown
Claudio Meloni,Unknown,Unknown,Unknown,Unknown,Unknown,Unknown,Unknown
Francois Sagat,Azzedine,"Lebanese, French",Unknown,"June 5, 1979",Unknown,74 kg,175 cm
Cuntre Pipes,Unknown,Unknown,Unknown,Unknown,Unknown,Unknown,Unknown
Dany De Castro (Trans),Unknown,Unknown,Unknown,Unknown,Unknown,Unknown,Unknown
Dave Hardman,Unknown,Unknown,Unknown,Unknown,Unknown,Unknown,Unknown
Ben Kelly,Unknown,Unknown,Unknown,Unknown,Unknown,Unknown,Unknown
Max Hardcore,Unknown,Unknown,Unknown,Unknown,Unknown,Unknown,Unknown
Mateus Axel,Unknown,Unknown,Unknown,Unknown,Unknown,Unknown,Unknown
Chris Cannon,Unknown,Unknown,Unknown,Unknown,Unknown,Unknown,Unknown
Gabryelly Dumont,Unknown,Unknown,Unknown,Unknown,Unknown,Unknown,Unknown
Jeremy Joshua,Unknown,Unknown,Unknown,Unknown,Unknown,Unknown,Unknown
Randy Spears,"Gregg Ory, Greg Slavin, Randy Spear, Greg Ory",Unknown,Caucasian,"June 18, 1961",Unknown,Unknown,Unknown
David El Moreno,Unknown,Unknown,Unknown,Unknown,Unknown,Unknown,Unknown
Ralph Long,Unknown,Unknown,Unknown,Unknown,Unknown,Unknown,Unknown
Chris Johnson,Unknown,Unknown,Unknown,Unknown,Unknown,Unknown,Unknown
Jeremy Conway,Unknown,Unknown,Unknown,Unknown,Unknown,Unknown,Unknown
George Payne,Unknown,Unknown,Unknown,Unknown,Unknown,Unknown,Unknown
Jessie Lee,Unknown,American,Asian,August 26,Unknown,60 kg,162 cm
Jeremy Long,Unknown,Unknown,Unknown,Unknown,Unknown,Unknown,Unknown
Gabor Simon Sziterovics,Unknown,Unknown,Unknown,Unknown,Unknown,Unknown,Unknown
Juliana Nogueira (Trans),Unknown,Unknown,Unknown,Unknown,Unknown,Unknown,Unknown
Renata Araujo,Unknown,Unknown,Unknown,Unknown,Unknown,Unknown,Unknown
Aaron True,Unknown,Unknown,Unknown,Unknown,Unknown,Unknown,Unknown
Remy Delaine,Unknown,Unknown,Unknown,Unknown,Unknown,Unknown,Unknown
Laszlo Zsiga,Unknown,Unknown,Unknown,Unknown,Unknown,Unknown,Unknown
Lord Marcus,Unknown,Unknown,Unknown,Unknown,Unknown,Unknown,Unknown
Joel Lawrence,Unknown,Unknown,Unknown,Unknown,Unknown,Unknown,Unknown
Jack Napier,Unknown,Unknown,Unknown,Unknown,Unknown,Unknown,Unknown
Jeremy Iron,Unknown,Unknown,Unknown,Unknown,Unknown,Unknown,Unknown
Marc Rose,Unknown,Unknown,Unknown,Unknown,Unknown,Unknown,Unknown
The Texas Meat,"Pussy Coach, TexasMeat",American,Latin,"August 16, 1988",2024,74 kg,177 cm
Ricky Rascal,"Ashlan Brutti, Asian Brutti, Ashlan Duke",Czech,Caucasian,"May 5, 1982",2009,Unknown,Unknown
Giorgio Grandi,Unknown,Unknown,Unknown,Unknown,Unknown,Unknown,Unknown
Nobuo Yamada,Unknown,Unknown,Unknown,Unknown,Unknown,Unknown,Unknown
John Legendary,Unknown,American,Black,Unknown,2022,83 kg,182 cm
Johnny Nitro,Unknown,Unknown,Unknown,Unknown,Unknown,Unknown,Unknown
Marty Romano,Unknown,Unknown,Unknown,Unknown,Unknown,Unknown,Unknown
Michael Cheritto,Unknown,Unknown,Unknown,Unknown,Unknown,Unknown,Unknown
Michael Brandon,"John Dryer, Mike Brandon",American,Caucasian,"February 8, 1965",Unknown,77 kg,182 cm
Pascal St James,Unknown,Unknown,Unknown,Unknown,Unknown,Unknown,Unknown
Skylar Blu,Skylar Blue,Unknown,Caucasian,"May 24, 1994",2014,51 kg,165 cm
Oliver Strelly,Unknown,Unknown,Unknown,Unknown,Unknown,Unknown,Unknown
Steve Austin,Unknown,Unknown,Unknown,Unknown,Unknown,Unknown,Unknown
Josh Jo,"Josh Dean, Josc Admiral, Joohn Syx, John Syx, Josh Admiral",French,Caucasian,"January 1, 1992",Unknown,Unknown,Unknown
Ed Junior,Unknown,Unknown,Unknown,Unknown,Unknown,Unknown,Unknown
Nathan Threat,Unknown,Unknown,Unknown,Unknown,Unknown,Unknown,Unknown
Benz Brown,Unknown,American,Black,Unknown,2024,Unknown,Unknown
Horst Baron,Unknown,Unknown,Unknown,Unknown,Unknown,Unknown,Unknown
Brandon Iron,Unknown,Unknown,Unknown,Unknown,Unknown,Unknown,Unknown
Demetri Xxx,Unknown,Unknown,Unknown,Unknown,Unknown,Unknown,Unknown
Mike Hawk,Unknown,Unknown,Unknown,Unknown,Unknown,Unknown,Unknown
Barbara Vasconcellos (Trans),Unknown,Unknown,Unknown,Unknown,Unknown,Unknown,Unknown
Jason Matrix,Unknown,Unknown,Unknown,Unknown,Unknown,Unknown,Unknown
Alana Mielle (Trans),Unknown,Unknown,Unknown,Unknown,Unknown,Unknown,Unknown
Johnny Thrust,Unknown,Unknown,Unknown,Unknown,Unknown,Unknown,Unknown
Chris Blaccwood,"Mr Blaccwood, Mr Blaccwod, Mr Blackwood",American,Black,"April 6, 1996",Unknown,77 kg,175 cm
Mark Sloan,Unknown,Unknown,Unknown,Unknown,Unknown,Unknown,Unknown
Kyle Stone,Unknown,Unknown,Unknown,Unknown,Unknown,Unknown,Unknown
Trevor Thompson,Unknown,Unknown,Unknown,Unknown,Unknown,Unknown,Unknown
Mark Anthony,Unknown,Unknown,Unknown,Unknown,Unknown,Unknown,Unknown
Sonny Hicks,Unknown,Unknown,Unknown,Unknown,Unknown,Unknown,Unknown
Rick Patrick,Unknown,Unknown,Unknown,Unknown,Unknown,Unknown,Unknown
Emilio Sands,Unknown,Unknown,Unknown,Unknown,Unknown,Unknown,Unknown
Backey Jakic,Unknown,Unknown,Unknown,Unknown,Unknown,Unknown,Unknown
Rod Daily,"Rob Daily, Rod Dailey",American,Caucasian,"July 1, 1981",Unknown,82 kg,177 cm
Brad Montana,Unknown,Unknown,Caucasian,"January 1, 1983",2010,Unknown,Unknown
Scott Lyons,Unknown,Unknown,Unknown,Unknown,Unknown,Unknown,Unknown
Dale Dabone,Unknown,Unknown,Unknown,Unknown,Unknown,Unknown,Unknown
Emmanuel Torquemada,Unknown,French,Caucasian,Unknown,2020,92 kg,185 cm
An Epic Boy,"Luca Pfister, AnEpicBoy",Unknown,Caucasian,Unknown,Unknown,Unknown,Unknown
Tony Fontana,Unknown,American,Latin,Unknown,2021,69 kg,177 cm
Karlo Karrera,Unknown,Unknown,Unknown,Unknown,Unknown,Unknown,Unknown
Jason Moody,Jason Moddy,American,Caucasian,"November 5, 1993",2017,69 kg,170 cm
Tj Cummings,Unknown,Unknown,Unknown,Unknown,Unknown,Unknown,Unknown
Jody Breeze,Unknown,Unknown,Unknown,Unknown,Unknown,Unknown,Unknown
Porno Dan,Dan Leal,American,Unknown,"September 18, 1969",Unknown,Unknown,Unknown
Julian St. Jox,Unknown,Unknown,Unknown,Unknown,Unknown,Unknown,Unknown
Shun Tasaki,Unknown,Unknown,Unknown,Unknown,Unknown,Unknown,Unknown
Ethan Cage,Unknown,Unknown,Unknown,Unknown,Unknown,Unknown,Unknown
Frank Gun,Unknown,Unknown,Unknown,Unknown,Unknown,Unknown,Unknown
Rod Steel,Unknown,Unknown,Unknown,Unknown,Unknown,Unknown,Unknown
Martin Es,Unknown,Unknown,Unknown,Unknown,Unknown,Unknown,Unknown
Bruno Sx,Unknown,Unknown,Caucasian,Unknown,Unknown,Unknown,Unknown
Axel Truu,Axel TruuBi,Unknown,Caucasian,Unknown,Unknown,Unknown,Unknown
Robin Reid,Unknown,Unknown,Caucasian,"March 12, 1979",2004,84 kg,180 cm
Lauro Giotto,Unknown,Unknown,Unknown,Unknown,Unknown,Unknown,Unknown
Johnny Pistol,Unknown,Unknown,Unknown,Unknown,Unknown,Unknown,Unknown
Tyler Knight,Unknown,Unknown,Unknown,Unknown,Unknown,Unknown,Unknown
Bob Terminator,Unknown,Unknown,Unknown,Unknown,Unknown,Unknown,Unknown
Emilio Ardana,"Emilo Ardana, Emilio Ardano, Pablo, Emilio Ardanna, Caleb Roca, Elmilio Ardana, Emilio The Machine, Toni",Spanish,Caucasian,"May 8, 1983",Unknown,74 kg,180 cm
Moisex,Roni,Spanish,Latin,"November 3, 1980",Unknown,Unknown,Unknown
Alex Victor,Unknown,Unknown,Unknown,Unknown,Unknown,Unknown,Unknown
Andrea Mel (Trans),Unknown,Unknown,Unknown,Unknown,Unknown,Unknown,Unknown
Sonny Nash,Unknown,Unknown,Caucasian,Unknown,Unknown,Unknown,Unknown
Jack Lawrence,Unknown,Unknown,Unknown,Unknown,Unknown,Unknown,Unknown
Alan Stafford,Unknown,Unknown,Unknown,Unknown,Unknown,Unknown,Unknown
Zenza Raggi,"Zanzaraki, Karim Schubert, Karim Syles, Akin Guzol","German, Moroccan",Unknown,"October 24, 1970",Unknown,74 kg,185 cm
Enzo Jaguar,"Enzo Jageur, Chris",French,Black,"May 14, 1984",Unknown,Unknown,Unknown
Rocco Reed,Unknown,Unknown,Unknown,Unknown,Unknown,Unknown,Unknown
Matheus Alves,Paccoo,Unknown,Caucasian,1998,Unknown,Unknown,Unknown
Jake Adams,Unknown,Unknown,Caucasian,"January 20, 1992",Unknown,Unknown,172 cm
Potro De Bilbao,"El Potro de Bilbao, Potro Bibao",Spanish,Latin,"October 25, 1986",2011,82 kg,177 cm
Spencer Fox,"Trent Forrest, Madman Hoffman",Unknown,Caucasian,"October 17, 1986",2010,77 kg,180 cm
Jean Pallett,Unknown,Unknown,Unknown,Unknown,Unknown,Unknown,Unknown
Fat Fucker,Unknown,Unknown,Unknown,Unknown,Unknown,Unknown,Unknown
Mr. Pete,Unknown,Unknown,Unknown,Unknown,Unknown,Unknown,Unknown
Craig Moore,Unknown,Unknown,Unknown,Unknown,Unknown,Unknown,Unknown
Derrick Pierce,Unknown,Unknown,Unknown,Unknown,Unknown,Unknown,Unknown
Max London,Unknown,Unknown,Unknown,Unknown,Unknown,Unknown,Unknown
Natalia Ruiz (Trans),Unknown,Unknown,Unknown,Unknown,Unknown,Unknown,Unknown
Nick Manning,Unknown,Unknown,Unknown,Unknown,Unknown,Unknown,Unknown
Jason Zupalo,Unknown,Unknown,Unknown,Unknown,Unknown,Unknown,Unknown
Izadora Venturiny,Unknown,Unknown,Unknown,Unknown,Unknown,Unknown,Unknown
Diether Von Stein,Unknown,Unknown,Unknown,Unknown,Unknown,Unknown,Unknown
Rock The Icon,Unknown,Unknown,Unknown,Unknown,Unknown,Unknown,Unknown
Jack Venice,Unknown,Unknown,Unknown,Unknown,Unknown,Unknown,Unknown
Dick Chibbles,Unknown,Unknown,Unknown,Unknown,Unknown,Unknown,Unknown
Brian Pumper,Unknown,Unknown,Unknown,Unknown,Unknown,Unknown,Unknown
Cheyne Collins,Unknown,Unknown,Unknown,Unknown,Unknown,Unknown,Unknown
Renata (Trans),Unknown,Unknown,Unknown,Unknown,Unknown,Unknown,Unknown
Bobby Vitale,Unknown,Unknown,Unknown,Unknown,Unknown,Unknown,Unknown
Mc Lovin,Unknown,Unknown,Unknown,Unknown,Unknown,Unknown,Unknown
Mario Rossi,Unknown,Unknown,Unknown,Unknown,Unknown,Unknown,Unknown
Alex Sen,Unknown,Unknown,Black,Unknown,Unknown,Unknown,Unknown
Marcel Lee,Unknown,Unknown,Unknown,Unknown,Unknown,Unknown,Unknown
Alex Rox,Unknown,Unknown,Unknown,Unknown,Unknown,Unknown,Unknown
Hugo Godfroy,Unknown,Unknown,Caucasian,"November 28, 1999",2024,Unknown,Unknown
Johan Archiles,Unknown,Venezuelan,Latin,"December 11, 1997",Unknown,Unknown,Unknown
Johnny Toxic,Unknown,Unknown,Unknown,Unknown,Unknown,Unknown,Unknown
Ben Solo,Unknown,Unknown,Unknown,Unknown,Unknown,Unknown,Unknown
Bruna Azevedo,Unknown,Unknown,Unknown,Unknown,Unknown,Unknown,Unknown
Matt Woody,Unknown,Unknown,Unknown,Unknown,Unknown,Unknown,Unknown
Alana Ferreira (Trans),Unknown,Unknown,Unknown,Unknown,Unknown,Unknown,Unknown
Blue Bailey,Unknown,American,Caucasian,"August 5, 1987",2007,Unknown,182 cm
Aaron Stuart,Unknown,Unknown,Unknown,Unknown,Unknown,Unknown,Unknown
Nicholas Taylor,Unknown,Unknown,Unknown,Unknown,Unknown,Unknown,Unknown
Sebastian Keys,"Sebastian Keyes, Sebastian Spence, Sebastian Spiers",American,Caucasian,"April 12, 1990",Unknown,79 kg,182 cm
Mr Gus,Unknown,Unknown,Unknown,Unknown,Unknown,Unknown,Unknown
Andrew Marshall,"Yan, AirX, Andreas Andrei, Andrei",Unknown,Caucasian,"May 21, 1985",Unknown,Unknown,Unknown
Rick Hard,Unknown,Canadian,Caucasian,Unknown,2015,94 kg,172 cm
Leslie Taylor,Unknown,Unknown,Unknown,Unknown,Unknown,Unknown,Unknown
Jay Ashley,Unknown,Unknown,Unknown,Unknown,Unknown,Unknown,Unknown
Anthony Rosano,Unknown,Unknown,Unknown,Unknown,Unknown,Unknown,Unknown
Sebastian Barrio,Unknown,French,Caucasian,Unknown,Unknown,Unknown,Unknown
Xavi Tralla,Unknown,Unknown,Unknown,Unknown,Unknown,Unknown,Unknown
Tim White,Unknown,Unknown,Unknown,Unknown,Unknown,Unknown,Unknown
Soldier Boi,Solider Boi,American,Black,"June 21, 1974",2014,Unknown,Unknown
Dirk Huge,Unknown,Unknown,Unknown,Unknown,Unknown,Unknown,Unknown
Ryan Knox,Unknown,Unknown,Unknown,Unknown,Unknown,Unknown,Unknown
Ekzavir Falcon Wray,Unknown,Unknown,Unknown,Unknown,Unknown,Unknown,Unknown
Pike Nelson,Unknown,Unknown,Unknown,Unknown,Unknown,Unknown,Unknown
Dirk Wakefield,Unknown,American,Caucasian,Unknown,2014,74 kg,182 cm
Jon Perignon,Unknown,Canadian,Caucasian,Unknown,2011,Unknown,Unknown
Jason Wright,Unknown,Unknown,Unknown,Unknown,Unknown,Unknown,Unknown
Aj Sloan,Unknown,American,Black,Unknown,2020,Unknown,Unknown
Michelle Raineri (Tr),Unknown,Unknown,Unknown,Unknown,Unknown,Unknown,Unknown
Daiane Callegare,Unknown,Unknown,Unknown,Unknown,Unknown,Unknown,Unknown
Michael Jerome,Unknown,Unknown,Unknown,Unknown,Unknown,Unknown,Unknown
Steve Turbo,Unknown,Unknown,Unknown,Unknown,Unknown,Unknown,Unknown
Dick Nasty,Unknown,Unknown,Unknown,Unknown,Unknown,Unknown,Unknown
Yanick Shaft,"J. Scott, Martin Kalif, Ian Scot",French,Caucasian,Unknown,1996,74 kg,185 cm
Tony Tigrao,Unknown,Unknown,Unknown,Unknown,Unknown,Unknown,Unknown
Billy Banks,Unknown,Unknown,Unknown,Unknown,Unknown,Unknown,Unknown
Patricia Sereia,Unknown,Unknown,Unknown,Unknown,Unknown,Unknown,Unknown
Philippe Soine,Unknown,Unknown,Unknown,Unknown,Unknown,Unknown,Unknown
Renata Davilla,Unknown,Unknown,Unknown,Unknown,Unknown,Unknown,Unknown
David Stanley,Unknown,Unknown,Unknown,Unknown,Unknown,Unknown,Unknown
Kurt Lockwood,Unknown,Unknown,Unknown,Unknown,Unknown,Unknown,Unknown
Shave Philips,Unknown,Unknown,Unknown,Unknown,Unknown,Unknown,Unknown
Joyce Naturelly (Trans),Unknown,Unknown,Unknown,Unknown,Unknown,Unknown,Unknown
Jay Huntington,Unknown,Unknown,Unknown,Unknown,Unknown,Unknown,Unknown
Paola (Trans),Unknown,Unknown,Unknown,Unknown,Unknown,Unknown,Unknown
Danny Wylde,Danny Wilde,Unknown,Caucasian,"October 21, 1985",Unknown,Unknown,Unknown
Jimmy Bright,Unknown,Unknown,Unknown,Unknown,Unknown,Unknown,Unknown
Chris Banger,Unknown,American,Latin,Unknown,Unknown,Unknown,Unknown
Brando Marlin,Unknown,Unknown,Unknown,Unknown,Unknown,Unknown,Unknown
Josh Hunter,Unknown,Unknown,Unknown,Unknown,Unknown,Unknown,Unknown
Trent Soluri,Unknown,Unknown,Unknown,Unknown,Unknown,Unknown,Unknown
Steve Nelson,Unknown,Unknown,Unknown,Unknown,Unknown,Unknown,Unknown
Jesse Stone,Jesse Fisher,American,Caucasian,"September 19, 1994",Unknown,Unknown,Unknown
Dartilly Ritiely,Unknown,Unknown,Unknown,Unknown,Unknown,Unknown,Unknown
Troy Michaels,Unknown,Unknown,Caucasian,"August 15, 1979",1998,Unknown,187 cm
Martin Gun,Unknown,Unknown,Unknown,"January 7, 1984",Unknown,Unknown,Unknown
Pierre Palladine,Unknown,Unknown,Unknown,Unknown,Unknown,Unknown,Unknown
Jimmy Collins,Unknown,Unknown,Caucasian,Unknown,2022,58 kg,172 cm
Justin Round,Unknown,Unknown,Unknown,Unknown,Unknown,Unknown,Unknown
Jonny Slim,Unknown,Unknown,Unknown,Unknown,Unknown,Unknown,Unknown
Johnny Deep,Unknown,Unknown,Unknown,Unknown,Unknown,Unknown,Unknown
Eric Masterson,Unknown,Unknown,Unknown,Unknown,Unknown,Unknown,Unknown
Ezra Grey,Unknown,Unknown,Unknown,Unknown,Unknown,Unknown,Unknown
Billy Hart,Unknown,Unknown,Unknown,Unknown,Unknown,Unknown,Unknown
Fabricia Lorraine,Unknown,Unknown,Unknown,Unknown,Unknown,Unknown,Unknown
Jj Oneil,Unknown,Unknown,Unknown,Unknown,Unknown,Unknown,Unknown
Victor,Unknown,Unknown,Unknown,Unknown,Unknown,Unknown,Unknown
Ice Cold,Unknown,Unknown,Unknown,Unknown,Unknown,Unknown,Unknown
Michael Maloney,Unknown,Unknown,Unknown,Unknown,Unknown,Unknown,Unknown
Adriano Becker,Unknown,Unknown,Unknown,Unknown,Unknown,Unknown,Unknown
Guiherme Tavare,Unknown,Unknown,Unknown,Unknown,Unknown,Unknown,Unknown
Ricky Valentino,Unknown,Unknown,Unknown,Unknown,Unknown,Unknown,Unknown
Andy West,Unknown,Unknown,Unknown,Unknown,Unknown,Unknown,Unknown
Kaution Kidd,Unknown,Unknown,Unknown,Unknown,Unknown,Unknown,Unknown
Michelly Matorel,Unknown,Unknown,Unknown,Unknown,Unknown,Unknown,Unknown
Polla Misteriosa,Unknown,Unknown,Unknown,Unknown,Unknown,Unknown,Unknown
Bruno Perez,Unknown,Unknown,Unknown,Unknown,Unknown,Unknown,Unknown
Nico London,Unknown,Unknown,Unknown,Unknown,Unknown,Unknown,Unknown
Cock Diesel,Unknown,Unknown,Unknown,Unknown,Unknown,Unknown,Unknown
Carlos Bazuca,Unknown,Unknown,Unknown,Unknown,Unknown,Unknown,Unknown
Chris Young,Unknown,Unknown,Unknown,Unknown,Unknown,Unknown,Unknown
Mike Deez,Unknown,Unknown,Unknown,Unknown,Unknown,Unknown,Unknown
Obed (Bi),Unknown,Unknown,Unknown,Unknown,Unknown,Unknown,Unknown
Adam Jannin,Unknown,Unknown,Unknown,Unknown,Unknown,Unknown,Unknown
Neil Stevens,Unknown,Unknown,Unknown,Unknown,Unknown,Unknown,Unknown
Kamil Kasprik,Unknown,Unknown,Caucasian,Unknown,Unknown,Unknown,Unknown
Joey Brass,Unknown,Unknown,Unknown,Unknown,Unknown,Unknown,Unknown
Devils Kos,Unknown,Russian,Caucasian,Unknown,2018,Unknown,Unknown
Aline Ferrari (Trans),Unknown,Unknown,Unknown,Unknown,Unknown,Unknown,Unknown
Eduardo,Unknown,Unknown,Unknown,Unknown,Unknown,Unknown,Unknown
Prodigy X,Unknown,Unknown,Unknown,Unknown,Unknown,Unknown,Unknown
Tomy Lee,Unknown,Unknown,Unknown,Unknown,Unknown,Unknown,Unknown
Peter Shaft,Unknown,Unknown,Unknown,Unknown,Unknown,Unknown,Unknown
Ty Roderick,Unknown,"Italian, Irish",Caucasian,"October 16, 1987",2010,79 kg,177 cm
Silvio Luis,Unknown,Unknown,Unknown,Unknown,Unknown,Unknown,Unknown
Gail Miler,Unknown,Unknown,Unknown,Unknown,Unknown,Unknown,Unknown
Atilla Dori,Unknown,Unknown,Unknown,Unknown,Unknown,Unknown,Unknown
Johnny Cockfill,Unknown,Unknown,Unknown,Unknown,Unknown,Unknown,Unknown
Axel Angelise,Unknown,American,Caucasian,Unknown,2024,Unknown,Unknown
Black Prince,Curtis,French,Black,Unknown,Unknown,Unknown,Unknown
Kevin James,Unknown,Unknown,Unknown,Unknown,Unknown,Unknown,Unknown
Sean Silver,Unknown,Unknown,Unknown,Unknown,Unknown,Unknown,Unknown
Felipe Marques,Unknown,Unknown,Unknown,Unknown,Unknown,Unknown,Unknown
Ethan Hunt,Unknown,Unknown,Unknown,Unknown,Unknown,Unknown,Unknown
Seth Strong,Unknown,Unknown,Unknown,Unknown,Unknown,Unknown,Unknown
Peter Lee,Unknown,Unknown,Unknown,Unknown,Unknown,Unknown,Unknown
Jerry Kovak,Unknown,Unknown,Unknown,Unknown,Unknown,Unknown,Unknown
Rick Shameless,Unknown,Unknown,Unknown,Unknown,Unknown,Unknown,Unknown
Will Evans,Unknown,Unknown,Unknown,Unknown,Unknown,Unknown,Unknown
Ricco Puentes,Unknown,Unknown,Unknown,Unknown,Unknown,Unknown,Unknown
Valter Karotti,Unknown,Russian,Caucasian,"March 9, 1984",2007,78 kg,177 cm
Zack Thomas,Unknown,Unknown,Unknown,Unknown,Unknown,Unknown,Unknown
Guy Tavares,Unknown,Unknown,Unknown,Unknown,Unknown,Unknown,Unknown
Alex Sao Paolo,Unknown,Unknown,Unknown,Unknown,Unknown,Unknown,Unknown
Lee Henshaw,Unknown,Unknown,Unknown,Unknown,Unknown,Unknown,Unknown
Landon Conrad,Brandon Landon,Unknown,Unknown,Unknown,Unknown,Unknown,Unknown
Tt Boy,Unknown,Unknown,Unknown,Unknown,Unknown,Unknown,Unknown
Joe Friday,Unknown,Unknown,Unknown,Unknown,Unknown,Unknown,Unknown
Laviny Albuquerque,Unknown,Unknown,Unknown,Unknown,Unknown,Unknown,Unknown
Elizabeth Hurly,Unknown,Unknown,Unknown,Unknown,Unknown,Unknown,Unknown
Longrod Vonhungendong,Unknown,Unknown,Unknown,Unknown,Unknown,Unknown,Unknown
Bruna Butterfly (Trans),Unknown,Unknown,Unknown,Unknown,Unknown,Unknown,Unknown
Phil Lander,Unknown,Unknown,Unknown,Unknown,Unknown,Unknown,Unknown
Brett Rockman,Unknown,Unknown,Unknown,Unknown,Unknown,Unknown,Unknown
Jon Dough,Unknown,Unknown,Unknown,Unknown,Unknown,Unknown,Unknown
Justin Max,Unknown,Unknown,Unknown,Unknown,Unknown,Unknown,Unknown
David Loso,Unknown,Unknown,Unknown,Unknown,Unknown,Unknown,Unknown
Nikko Knight,Unknown,Unknown,Unknown,Unknown,Unknown,Unknown,Unknown
Mr Clark,Unknown,Unknown,Unknown,Unknown,Unknown,Unknown,Unknown
Frank Towers,Unknown,Unknown,Unknown,Unknown,Unknown,Unknown,Unknown
Joseph Depp,Unknown,American,Caucasian,Unknown,Unknown,Unknown,182 cm
Mickey Ray,Unknown,Unknown,Unknown,Unknown,Unknown,Unknown,Unknown
Barabara Vasconcellos,Unknown,Unknown,Unknown,Unknown,Unknown,Unknown,Unknown
Isabela Medeiros (Trans),Unknown,Unknown,Unknown,Unknown,Unknown,Unknown,Unknown
Justin Slayer,Unknown,Unknown,Unknown,Unknown,Unknown,Unknown,Unknown
Jack King,"Jason Lewis, Dex Carter, Buddy Royals, Buddy Boy, Buddy Davis",American,Caucasian,Unknown,2008,72 kg,172 cm
Adam Wood,Unknown,Unknown,Unknown,Unknown,Unknown,Unknown,Unknown
Antonio Ross,Unknown,Unknown,Unknown,Unknown,Unknown,Unknown,Unknown
Shawn Diesel,Unknown,Unknown,Unknown,Unknown,Unknown,Unknown,Unknown
Steve James,Unknown,Unknown,Unknown,Unknown,Unknown,Unknown,Unknown
Jorge Freitas,Unknown,Unknown,Unknown,Unknown,Unknown,Unknown,Unknown
Frank Black,Unknown,Unknown,Unknown,Unknown,Unknown,Unknown,Unknown
David White,Unknown,Unknown,Unknown,Unknown,Unknown,Unknown,Unknown
Jeff Keane,Unknown,Unknown,Unknown,Unknown,Unknown,Unknown,Unknown
Pauly Harker,"Pauly Hark, Paul Harker",Unknown,Unknown,Unknown,Unknown,Unknown,Unknown
Jake Jace,Unknown,Unknown,Unknown,Unknown,Unknown,Unknown,Unknown
Romeo Price,Unknown,Unknown,Unknown,Unknown,Unknown,Unknown,Unknown
Cj Wright,Unknown,Unknown,Unknown,Unknown,Unknown,Unknown,Unknown
Zander Kelly,Unknown,Unknown,Unknown,Unknown,Unknown,Unknown,Unknown
Alan Gwada,"Houka Hou, Houka Ha",French,Black,Unknown,Unknown,Unknown,Unknown
Lee Bang,Unknown,Unknown,Unknown,Unknown,Unknown,Unknown,Unknown
Codi Lewis,Unknown,Unknown,Unknown,Unknown,Unknown,Unknown,Unknown
Jay Lassiter,Unknown,Unknown,Unknown,Unknown,Unknown,Unknown,Unknown
Lazlo (Bi),Unknown,Unknown,Unknown,Unknown,Unknown,Unknown,Unknown
Ayato Matsuki,Unknown,Unknown,Unknown,Unknown,Unknown,Unknown,Unknown
Lance Hardwood,Unknown,Unknown,Unknown,Unknown,Unknown,Unknown,Unknown
Keny May,Unknown,American,Caucasian,Unknown,Unknown,Unknown,Unknown
Dylan Hauser,Dylan Hausser,American,Caucasian,"March 7, 1983",2010,67 kg,177 cm
Felix Lins,Unknown,Unknown,Unknown,Unknown,Unknown,Unknown,Unknown
Eric Price,Unknown,Unknown,Unknown,Unknown,Unknown,Unknown,Unknown
Tony Swan,Unknown,Unknown,Unknown,Unknown,Unknown,Unknown,Unknown
Rob Diesel,Unknown,Unknown,Unknown,Unknown,Unknown,Unknown,Unknown
Joe Blow,Unknown,Unknown,Unknown,Unknown,Unknown,Unknown,Unknown
Andrew Blue,Unknown,American,Caucasian,"May 18, 1987",2007,79 kg,177 cm
Damien Michaels,Unknown,Unknown,Unknown,Unknown,Unknown,Unknown,Unknown
Alec Metro,Unknown,Unknown,Unknown,Unknown,Unknown,Unknown,Unknown
Leticia Compoy,Unknown,Unknown,Unknown,Unknown,Unknown,Unknown,Unknown
Austin Cole,Unknown,American,Caucasian,"October 10, 1990",Unknown,69 kg,167 cm
Diego De La Torre,Unknown,Unknown,Unknown,Unknown,Unknown,Unknown,Unknown
Johnny Blaster,Unknown,American,Caucasian,"September 28, 1988",2016,Unknown,Unknown
Jason Cox,Unknown,Unknown,Unknown,Unknown,Unknown,Unknown,Unknown
Si Watts,Unknown,Unknown,Unknown,Unknown,Unknown,Unknown,Unknown
Troy Halston,Unknown,Unknown,Unknown,Unknown,Unknown,Unknown,Unknown
Dex Maghuan,Unknown,Unknown,Unknown,Unknown,Unknown,Unknown,Unknown
Stephen Hard,Unknown,Unknown,Unknown,Unknown,Unknown,Unknown,Unknown
Blake Jordan,Unknown,American,Caucasian,Unknown,2015,63 kg,167 cm
Terry Reid,Unknown,Unknown,Unknown,Unknown,Unknown,Unknown,Unknown
Calvin Koons,Unknown,American,Unknown,Unknown,2010,69 kg,167 cm
Austin Keys,Unknown,American,Black,Unknown,2015,Unknown,Unknown
Rick Angel,Eric Martin,French,Caucasian,"February 23, 1980",Unknown,Unknown,Unknown
Max Deeds,Unknown,Welsh,Caucasian,September 1987,2013,Unknown,182 cm
Mr. Marcus,Unknown,Unknown,Unknown,Unknown,Unknown,Unknown,Unknown
Peter Fields,Unknown,American,Caucasian,Unknown,Unknown,67 kg,177 cm
Mr. Ialas,Unknown,Unknown,Unknown,Unknown,Unknown,Unknown,Unknown
Christopher Daniels,"Casey Daniels, Chris Daniels",Canadian,Caucasian,"April 28, 1981",2011,88 kg,185 cm
River Legendary,Unknown,Unknown,Caucasian,Unknown,Unknown,Unknown,Unknown
Cristian Tanner,Unknown,American,Caucasian,Unknown,Unknown,76 kg,175 cm
Devin Dixon,Unknown,American,Caucasian,Unknown,2012,60 kg,167 cm
Chase Harding,Unknown,American,Caucasian,Unknown,2010,51 kg,180 cm
Boston Miles,Unknown,American,Caucasian,"November 18, 1976",2012,Unknown,177 cm
Pimp Blue,Unknown,Unknown,Unknown,Unknown,Unknown,Unknown,Unknown
Gisella Mabarak,Unknown,Unknown,Unknown,Unknown,Unknown,Unknown,Unknown
Igor Negao,Unknown,Unknown,Unknown,Unknown,Unknown,Unknown,Unknown
Joey Lawford,Unknown,Unknown,Unknown,Unknown,Unknown,Unknown,Unknown
Mirella Queiroz,Unknown,Unknown,Unknown,Unknown,Unknown,Unknown,Unknown
Hamilton Steele,Unknown,Unknown,Unknown,Unknown,Unknown,Unknown,Unknown
Fabio Vilag,Unknown,Unknown,Unknown,Unknown,Unknown,Unknown,Unknown
Scott Styles,Unknown,Unknown,Unknown,Unknown,Unknown,Unknown,Unknown
Eric Bedenashvili,Unknown,Unknown,Unknown,Unknown,Unknown,Unknown,Unknown
Luis Bigdog,Unknown,Unknown,Unknown,Unknown,Unknown,Unknown,Unknown
Billy Dewitt,Unknown,Unknown,Unknown,Unknown,Unknown,Unknown,Unknown
Cj Sinz,Unknown,Unknown,Unknown,Unknown,Unknown,Unknown,Unknown
Billy Tyler,Unknown,Unknown,Unknown,Unknown,Unknown,Unknown,Unknown
Lorena Smith,Unknown,Unknown,Unknown,Unknown,Unknown,Unknown,Unknown
Adam Hanks,Unknown,Unknown,Unknown,Unknown,Unknown,Unknown,Unknown
Jeremy Holmes,Unknown,Unknown,Unknown,Unknown,Unknown,Unknown,Unknown
Susumu Tasaki,Unknown,Unknown,Unknown,Unknown,Unknown,Unknown,Unknown
Breno Biaggi,Unknown,Unknown,Unknown,Unknown,Unknown,Unknown,Unknown
Monty Memphis,Unknown,Unknown,Unknown,Unknown,Unknown,Unknown,Unknown
Panama Jack,Unknown,Unknown,Unknown,Unknown,Unknown,Unknown,Unknown
Jack Fantasy,Unknown,Unknown,Unknown,Unknown,Unknown,Unknown,Unknown
Johnny Niceguy,Unknown,Unknown,Unknown,Unknown,Unknown,Unknown,Unknown
Les Tucker,Unknown,Unknown,Unknown,Unknown,Unknown,Unknown,Unknown
Troy Ocean,Unknown,Unknown,Unknown,Unknown,Unknown,Unknown,Unknown
Giovanni Valente,Unknown,Unknown,Unknown,Unknown,Unknown,Unknown,Unknown
Trick Dixxon,Unknown,Unknown,Unknown,Unknown,Unknown,Unknown,Unknown
Jason Katana,Unknown,Unknown,Unknown,Unknown,Unknown,Unknown,Unknown
Jack Fountain,Unknown,Unknown,Unknown,Unknown,Unknown,Unknown,Unknown
Malvin Blackwell,Unknown,Unknown,Unknown,Unknown,Unknown,Unknown,Unknown
Jonathan Simms,Unknown,Unknown,Unknown,Unknown,Unknown,Unknown,Unknown
Tj Cox,Unknown,Unknown,Unknown,Unknown,Unknown,Unknown,Unknown
Alexandre Pernambuco,Unknown,Unknown,Unknown,Unknown,Unknown,Unknown,Unknown
King James,Unknown,Unknown,Unknown,Unknown,Unknown,Unknown,Unknown
Mac Turner,Unknown,Unknown,Unknown,Unknown,Unknown,Unknown,Unknown
Jim Beem,Unknown,Unknown,Unknown,Unknown,Unknown,Unknown,Unknown
Big Johnny,Unknown,Unknown,Unknown,Unknown,Unknown,Unknown,Unknown
Pablo Montejo,Unknown,Unknown,Unknown,Unknown,Unknown,Unknown,Unknown
Chris Evans,Unknown,Unknown,Unknown,Unknown,Unknown,Unknown,Unknown
Alexander Gromdy,Unknown,Unknown,Unknown,Unknown,Unknown,Unknown,Unknown
Jason Arrow,Unknown,Unknown,Unknown,Unknown,Unknown,Unknown,Unknown
Dutch Morgan,Unknown,Unknown,Unknown,Unknown,Unknown,Unknown,Unknown
James Eaton,Unknown,Unknown,Unknown,Unknown,Unknown,Unknown,Unknown
Hard On Hamish,Unknown,Unknown,Unknown,Unknown,Unknown,Unknown,Unknown
Justin Thyme,Unknown,Unknown,Unknown,Unknown,Unknown,Unknown,Unknown
Justin Blayde,Unknown,Unknown,Unknown,Unknown,Unknown,Unknown,Unknown
Mateo Tomas,Unknown,Unknown,Caucasian,Unknown,Unknown,Unknown,Unknown
Suyane Dantas (Trans),Unknown,Unknown,Unknown,Unknown,Unknown,Unknown,Unknown
Mark Davis,Unknown,Unknown,Caucasian,Unknown,Unknown,Unknown,Unknown
Alex Maetnyi,Unknown,Unknown,Unknown,Unknown,Unknown,Unknown,Unknown
Don Hollywood,Unknown,Unknown,Unknown,Unknown,Unknown,Unknown,Unknown
Tom Byron,Unknown,Unknown,Unknown,Unknown,Unknown,Unknown,Unknown
Wally Radburn,Unknown,Unknown,Unknown,Unknown,Unknown,Unknown,Unknown
Black Jack,Unknown,Unknown,Unknown,Unknown,Unknown,Unknown,Unknown
Paulo Guina,Unknown,Unknown,Unknown,Unknown,Unknown,Unknown,Unknown
Stevie Boy,Unknown,Unknown,Unknown,Unknown,Unknown,Unknown,Unknown
Richard Kline,Unknown,Unknown,Unknown,Unknown,Unknown,Unknown,Unknown
Alexandre Senna,Unknown,Unknown,Unknown,Unknown,Unknown,Unknown,Unknown
Chris Cumshot,Unknown,Unknown,Unknown,Unknown,Unknown,Unknown,Unknown
Jared Steed,Unknown,Unknown,Unknown,Unknown,Unknown,Unknown,Unknown
John Espizedo,Unknown,Unknown,Unknown,Unknown,Unknown,Unknown,Unknown
Max Fonda,Unknown,Unknown,Unknown,Unknown,Unknown,Unknown,Unknown
Rakel Rodrigues,Unknown,Unknown,Unknown,Unknown,Unknown,Unknown,Unknown
Logan Exx,Unknown,Unknown,Unknown,Unknown,Unknown,Unknown,Unknown
Hunter Silva,Unknown,Unknown,Unknown,Unknown,Unknown,Unknown,Unknown
Alex B,Unknown,Unknown,Unknown,Unknown,Unknown,Unknown,Unknown
Castro Supreme,Unknown,Unknown,Unknown,Unknown,Unknown,Unknown,Unknown
Marc Williams,Unknown,Unknown,Unknown,Unknown,Unknown,Unknown,Unknown
Sean Evans,Unknown,Unknown,Unknown,Unknown,Unknown,Unknown,Unknown
Martin Schneider,Unknown,Unknown,Unknown,Unknown,Unknown,Unknown,Unknown
Laura Trajano,Unknown,Unknown,Unknown,Unknown,Unknown,Unknown,Unknown
Renata Ferras,Unknown,Unknown,Unknown,Unknown,Unknown,Unknown,Unknown
Jeremy Steele,Unknown,Unknown,Unknown,Unknown,Unknown,Unknown,Unknown
Tony Lee,Unknown,Unknown,Unknown,Unknown,Unknown,Unknown,Unknown
Mason Diggs,Unknown,Unknown,Unknown,Unknown,Unknown,Unknown,Unknown
Nikolly Gauch (Trans),Unknown,Unknown,Unknown,Unknown,Unknown,Unknown,Unknown
Rado Zuska,Unknown,Unknown,Unknown,Unknown,Unknown,Unknown,Unknown
Carla Amanda Davilla,Unknown,Unknown,Unknown,Unknown,Unknown,Unknown,Unknown
Don (Bi),Unknown,Unknown,Unknown,Unknown,Unknown,Unknown,Unknown
L.t.,Unknown,Unknown,Unknown,Unknown,Unknown,Unknown,Unknown
Nek Sinner,Nek Junior,Greek,Caucasian,June 1998,2021,Unknown,182 cm
Rikki Lixxx,Unknown,Unknown,Unknown,Unknown,Unknown,Unknown,Unknown
Carol Vandramine,Unknown,Unknown,Unknown,Unknown,Unknown,Unknown,Unknown
Anton Lukovkin,Unknown,Unknown,Unknown,Unknown,Unknown,Unknown,Unknown
Tony Sexton,Unknown,Unknown,Unknown,Unknown,Unknown,Unknown,Unknown
Corey Bucks,Unknown,Unknown,Unknown,Unknown,Unknown,Unknown,Unknown
Myke Glory,Unknown,Unknown,Unknown,Unknown,Unknown,Unknown,Unknown
Peterson Carioca,Unknown,Unknown,Unknown,Unknown,Unknown,Unknown,Unknown
Kenny Jacobs,Unknown,Unknown,Unknown,Unknown,Unknown,Unknown,Unknown
Alber Charles,Unknown,Unknown,Unknown,Unknown,Unknown,Unknown,Unknown
Antonio Benderass,Unknown,Unknown,Unknown,Unknown,Unknown,Unknown,Unknown
Brad Hardy,Unknown,Unknown,Unknown,Unknown,Unknown,Unknown,Unknown
Bruno Stigmata,Unknown,Unknown,Unknown,Unknown,Unknown,Unknown,Unknown
Pretty Tony,Unknown,Unknown,Unknown,Unknown,Unknown,Unknown,Unknown
Randy Redwood,Unknown,Unknown,Unknown,Unknown,Unknown,Unknown,Unknown
Fxxk Buck,Fuck Buck,American,Caucasian,March 22,Unknown,63 kg,177 cm
Dax Star,Unknown,Unknown,Unknown,Unknown,Unknown,Unknown,Unknown
Matty Jay,Unknown,Unknown,Unknown,Unknown,Unknown,Unknown,Unknown
Shawn Copafeel,Unknown,Unknown,Unknown,Unknown,Unknown,Unknown,Unknown
Juan Z,Unknown,Unknown,Unknown,Unknown,Unknown,Unknown,Unknown
Ruka Stone,Unknown,Unknown,Unknown,Unknown,Unknown,Unknown,Unknown
Colt Steel,Unknown,Unknown,Unknown,Unknown,Unknown,Unknown,Unknown
Van Damage,Unknown,Unknown,Unknown,Unknown,Unknown,Unknown,Unknown
Igor Geragimor,Unknown,Unknown,Unknown,Unknown,Unknown,Unknown,Unknown
Van Marco,Unknown,Unknown,Unknown,Unknown,Unknown,Unknown,Unknown
Tucker Slaine,Unknown,Unknown,Unknown,Unknown,Unknown,Unknown,Unknown
Gabriel Clark,Unknown,Unknown,Unknown,Unknown,Unknown,Unknown,Unknown
Johnny Swagg,Unknown,Unknown,Unknown,Unknown,Unknown,Unknown,Unknown
Quentin Valentino,Unknown,Unknown,Unknown,Unknown,Unknown,Unknown,Unknown
Lukas Prenolsi,Unknown,Unknown,Caucasian,Unknown,Unknown,Unknown,Unknown
Joe Franco,Unknown,Unknown,Unknown,Unknown,Unknown,Unknown,Unknown
Joey Ray,Unknown,Unknown,Unknown,Unknown,Unknown,Unknown,Unknown
Brenda Lohan (Trans),Unknown,Unknown,Unknown,Unknown,Unknown,Unknown,Unknown
Wayne Scott-Fox,Unknown,Unknown,Unknown,Unknown,Unknown,Unknown,Unknown
Jaqueline Araujo,Unknown,Unknown,Unknown,Unknown,Unknown,Unknown,Unknown
K.t.,Unknown,Unknown,Unknown,Unknown,Unknown,Unknown,Unknown
Otto Bauer,"Otto Baumer, Eric Jeter",Unknown,Caucasian,"February 19, 1965",Unknown,Unknown,Unknown
Paul Lee,Unknown,Unknown,Unknown,Unknown,Unknown,Unknown,Unknown
Carter Stevens,Unknown,Unknown,Unknown,Unknown,Unknown,Unknown,Unknown
J Rose,Unknown,Unknown,Unknown,Unknown,Unknown,Unknown,Unknown
Ju Osmark (Trans),Unknown,Unknown,Unknown,Unknown,Unknown,Unknown,Unknown
Oleg Deulnin,Unknown,Unknown,Unknown,Unknown,Unknown,Unknown,Unknown
Cristian Frey,Unknown,Unknown,Unknown,Unknown,Unknown,Unknown,Unknown
Rada Vacatko,Unknown,Unknown,Unknown,Unknown,Unknown,Unknown,Unknown
George Reno,Unknown,Unknown,Unknown,Unknown,Unknown,Unknown,Unknown
Jennifer Heloizy (Trans),Unknown,Unknown,Unknown,Unknown,Unknown,Unknown,Unknown
Adam Zarsky,Unknown,Unknown,Unknown,Unknown,Unknown,Unknown,Unknown
Gabriela Martins (Trans),Unknown,Unknown,Unknown,Unknown,Unknown,Unknown,Unknown
Billy Elliott,Unknown,Unknown,Unknown,Unknown,Unknown,Unknown,Unknown
Fernanda Lohany (Trans),Unknown,Unknown,Unknown,Unknown,Unknown,Unknown,Unknown
Vitor Gaucho,Unknown,Unknown,Unknown,Unknown,Unknown,Unknown,Unknown
Ron Die,Unknown,Unknown,Unknown,Unknown,Unknown,Unknown,Unknown
Adriana Ventury,Unknown,Unknown,Unknown,Unknown,Unknown,Unknown,Unknown
Jd Daniels,Unknown,Unknown,Unknown,Unknown,Unknown,Unknown,Unknown
Marco Bon Phoenix,Unknown,Unknown,Unknown,Unknown,Unknown,Unknown,Unknown
Matt Bixel,Unknown,Unknown,Unknown,Unknown,Unknown,Unknown,Unknown
Thomas Crown,"Tommy, Thomas Green, Tom Holland, Tomas Hyksa, Tomash Lee, Tarzan Hyka, Thomas Manial, Tomas Jondi, Tomas Boyd, Thomas Krown",Unknown,Unknown,Unknown,Unknown,Unknown,Unknown
Marcio Pittbull,Unknown,Unknown,Unknown,Unknown,Unknown,Unknown,Unknown
John Long,"JLong, Mr Long",American,Black,"December 18, 1995",Unknown,60 kg,185 cm
Mike Foster,Unknown,Unknown,Unknown,Unknown,Unknown,Unknown,Unknown
Ricardo Bell,Unknown,Unknown,Unknown,Unknown,Unknown,Unknown,Unknown
Laryssa Monteiro,Unknown,Unknown,Unknown,Unknown,Unknown,Unknown,Unknown
Eduarda Guimmaraes,Unknown,Unknown,Unknown,Unknown,Unknown,Unknown,Unknown
Anthony Guimenez,Unknown,Unknown,Unknown,Unknown,Unknown,Unknown,Unknown
Colton Casey,Unknown,American,Caucasian,Unknown,2014,74 kg,182 cm
Falcon X,Unknown,Unknown,Unknown,Unknown,Unknown,Unknown,Unknown
Eddie Charisma,Unknown,Unknown,Unknown,Unknown,Unknown,Unknown,Unknown
Frazer Fox,Unknown,Unknown,Unknown,Unknown,Unknown,Unknown,Unknown
Leticia De Castro,Unknown,Unknown,Unknown,Unknown,Unknown,Unknown,Unknown
Vincent Vega,"Jamie Strelking, Brian, Vincent, Artiom, Vega Strelkin, Arty, Jamie, Vega",Unknown,Caucasian,"March 15, 1988",2004,74 kg,180 cm
Sandro Bulock,Sandro Bullack,Unknown,Unknown,Unknown,Unknown,Unknown,Unknown
Debora (Trans),Unknown,Unknown,Unknown,Unknown,Unknown,Unknown,Unknown
Marc Cleary,Unknown,Unknown,Unknown,Unknown,Unknown,Unknown,Unknown
Michael Hurt,Unknown,Unknown,Unknown,Unknown,Unknown,Unknown,Unknown
Matt Lee,Unknown,Unknown,Unknown,Unknown,Unknown,Unknown,Unknown
Adam Black,Unknown,Unknown,Unknown,Unknown,Unknown,Unknown,Unknown
Till Kraemer,Unknown,Unknown,Unknown,Unknown,Unknown,Unknown,Unknown
Daryl Spanner,Unknown,Unknown,Unknown,Unknown,Unknown,Unknown,Unknown
Chase Stevens,Chase Stephens,Unknown,Unknown,Unknown,Unknown,Unknown,Unknown
Sergey Vorobev,Unknown,Unknown,Unknown,Unknown,Unknown,Unknown,Unknown
Alexandre Castro,Unknown,Unknown,Unknown,Unknown,Unknown,Unknown,Unknown
Jeff Coldwater,Unknown,Unknown,Unknown,Unknown,Unknown,Unknown,Unknown
Aline Fontinelly (Trans),Unknown,Unknown,Unknown,Unknown,Unknown,Unknown,Unknown
Viktor Kiss,Unknown,Unknown,Unknown,Unknown,Unknown,Unknown,Unknown
Tyler French,Unknown,Unknown,Caucasian,Unknown,2023,Unknown,Unknown
Scott Harder,Unknown,Unknown,Unknown,Unknown,Unknown,Unknown,Unknown
Matt Hazard,Unknown,Unknown,Unknown,Unknown,Unknown,Unknown,Unknown
Steven Steelburg,Unknown,Unknown,Unknown,Unknown,Unknown,Unknown,Unknown
Tommy Bravo,Unknown,Unknown,Unknown,Unknown,Unknown,Unknown,Unknown
Nathan Eclain,Unknown,Unknown,Unknown,Unknown,Unknown,Unknown,Unknown
Tongta (Trans),Unknown,Unknown,Unknown,Unknown,Unknown,Unknown,Unknown
Gary Boldiszar,Unknown,Unknown,Unknown,Unknown,Unknown,Unknown,Unknown
Austin Black,Unknown,Unknown,Unknown,Unknown,Unknown,Unknown,Unknown
Joey Cage,Unknown,Unknown,Unknown,Unknown,Unknown,Unknown,Unknown
Junior Veroneze,Unknown,Unknown,Unknown,Unknown,Unknown,Unknown,Unknown
Nicolas Bee,Unknown,Unknown,Unknown,Unknown,Unknown,Unknown,Unknown
Rick Solares,Unknown,Unknown,Unknown,Unknown,Unknown,Unknown,Unknown
Derek Zane,Unknown,Unknown,Unknown,Unknown,Unknown,Unknown,Unknown
Anna Hickhiman (Trans),Unknown,Unknown,Unknown,Unknown,Unknown,Unknown,Unknown
Allessandra Leite (Trans),Unknown,Unknown,Unknown,Unknown,Unknown,Unknown,Unknown
Rick Kane,Unknown,Unknown,Unknown,Unknown,Unknown,Unknown,Unknown
Marcelo Caetano,Unknown,Unknown,Unknown,Unknown,Unknown,Unknown,Unknown
Hans Ryder,Unknown,Unknown,Unknown,Unknown,Unknown,Unknown,Unknown
William Carioca,Unknown,Unknown,Unknown,Unknown,Unknown,Unknown,Unknown
Jordan Foster,Unknown,American,Caucasian,"November 2, 1990",2010,65 kg,177 cm
Rayko Filhips,Unknown,Unknown,Unknown,Unknown,Unknown,Unknown,Unknown
Steve Powers,Unknown,Unknown,Unknown,Unknown,Unknown,Unknown,Unknown
Max Cortes,Unknown,Unknown,Unknown,Unknown,Unknown,Unknown,Unknown
Seb Cam,Unknown,Unknown,Unknown,Unknown,Unknown,Unknown,Unknown
Micky Ray,Unknown,Unknown,Unknown,Unknown,Unknown,Unknown,Unknown
Chocoboll Mukie,Unknown,Unknown,Unknown,Unknown,Unknown,Unknown,Unknown
David Steele,Unknown,Unknown,Unknown,Unknown,Unknown,Unknown,Unknown
Robert Mester,Bob Mester,Unknown,Unknown,Unknown,Unknown,Unknown,Unknown
Ryan Angel,Unknown,Unknown,Unknown,Unknown,Unknown,Unknown,Unknown
Riki Bombon,Unknown,Unknown,Unknown,Unknown,Unknown,Unknown,Unknown
Brenda Jhon,Unknown,Unknown,Unknown,Unknown,Unknown,Unknown,Unknown
Peter Delmar,Unknown,Unknown,Unknown,Unknown,Unknown,Unknown,Unknown
Henrique Silva,Unknown,Unknown,Unknown,Unknown,Unknown,Unknown,Unknown
Andrew Rivera,Unknown,Unknown,Unknown,Unknown,Unknown,Unknown,Unknown
Eddie James,Unknown,Unknown,Unknown,Unknown,Unknown,Unknown,Unknown
Adam Wilde,Unknown,Unknown,Unknown,Unknown,Unknown,Unknown,Unknown
Paul Coxxx,Unknown,Unknown,Unknown,Unknown,Unknown,Unknown,Unknown
Randy Rodman,Unknown,Unknown,Unknown,Unknown,Unknown,Unknown,Unknown
Nill Black,Unknown,Unknown,Unknown,Unknown,Unknown,Unknown,Unknown
Gotti,Unknown,Unknown,Unknown,Unknown,Unknown,Unknown,Unknown
Alessandra Leite (Trans),Unknown,Unknown,Unknown,Unknown,Unknown,Unknown,Unknown
Edu Costa,Unknown,Unknown,Unknown,Unknown,Unknown,Unknown,Unknown
Myke Jones,Unknown,Unknown,Latin,"April 10, 2000",2024,57 kg,167 cm
Kaio Castro,Unknown,Unknown,Unknown,Unknown,Unknown,Unknown,Unknown
Matias Cordoba,Unknown,Unknown,Unknown,Unknown,Unknown,Unknown,Unknown
Paulette Lauur,Unknown,Unknown,Unknown,Unknown,Unknown,Unknown,Unknown
Juliana Campos,Unknown,Unknown,Unknown,Unknown,Unknown,Unknown,Unknown
Philippe Dean,"Philip Dean, Philippe Mouhou, Jean Philippe, Mike Dean, Philippe Henger",French,Caucasian,"January 3, 1969",Unknown,Unknown,Unknown
Nessy (Trans),Unknown,Unknown,Unknown,Unknown,Unknown,Unknown,Unknown
Morena Michelli,Unknown,Unknown,Unknown,Unknown,Unknown,Unknown,Unknown
Dick Tracy,Unknown,Unknown,Unknown,Unknown,Unknown,Unknown,Unknown
Eric Jover,Unknown,Unknown,Unknown,Unknown,Unknown,Unknown,Unknown
Marina Cordoba,Unknown,Unknown,Unknown,Unknown,Unknown,Unknown,Unknown
Gordon Sergey,Unknown,Unknown,Unknown,Unknown,Unknown,Unknown,Unknown
Patrick Great,Unknown,Unknown,Unknown,Unknown,Unknown,Unknown,Unknown
Alan Benfelen,Unknown,Unknown,Unknown,Unknown,Unknown,Unknown,Unknown
Wein Lewis,Unknown,Unknown,Unknown,Unknown,Unknown,Unknown,Unknown
J.t. Money,Unknown,Unknown,Unknown,Unknown,Unknown,Unknown,Unknown
Brendon Miller,Unknown,Unknown,Unknown,Unknown,Unknown,Unknown,Unknown
Little Blunt,Unknown,Unknown,Unknown,Unknown,Unknown,Unknown,Unknown
Jack Blue,Unknown,Unknown,Unknown,Unknown,Unknown,Unknown,Unknown
Nick Jacobs,Unknown,Unknown,Unknown,Unknown,Unknown,Unknown,Unknown
Gala (Trans),Unknown,Unknown,Unknown,Unknown,Unknown,Unknown,Unknown
Mike Lucci,Unknown,Unknown,Unknown,Unknown,Unknown,Unknown,Unknown
Natasha Dumont,Unknown,Unknown,Unknown,Unknown,Unknown,Unknown,Unknown
Kaique Souza,Unknown,Unknown,Unknown,Unknown,Unknown,Unknown,Unknown
Michelle Ranieri (Trans),Unknown,Unknown,Unknown,Unknown,Unknown,Unknown,Unknown
Dildo Gomez,Unknown,Unknown,Unknown,Unknown,Unknown,Unknown,Unknown
Alex Varra,Taylor Reign,American,Caucasian,"October 19, 1993",Unknown,60 kg,175 cm
Leonardo Frezzati,Unknown,Unknown,Unknown,Unknown,Unknown,Unknown,Unknown
Jonata Caum,Unknown,Unknown,Unknown,Unknown,Unknown,Unknown,Unknown
Farkas Zoltan,Unknown,Unknown,Unknown,Unknown,Unknown,Unknown,Unknown
Jhonathan Kawa,Unknown,Unknown,Unknown,Unknown,Unknown,Unknown,Unknown
Big Sid,Unknown,Unknown,Unknown,Unknown,Unknown,Unknown,Unknown
Dillan Andrews,Unknown,Unknown,Unknown,Unknown,Unknown,Unknown,Unknown
Luke Cross,Unknown,Unknown,Unknown,Unknown,Unknown,Unknown,Unknown
Leo Galvez,Unknown,Unknown,Unknown,Unknown,Unknown,Unknown,Unknown
Steven Waye,Unknown,Unknown,Unknown,Unknown,Unknown,Unknown,Unknown
Arty Cheys,"Komil, Oushen Orue, Robby, Robien Gun, Liam",Russian,Caucasian,"August 11, 1995",2020,78 kg,180 cm
Dmitriy Vavilov,Unknown,Unknown,Unknown,Unknown,Unknown,Unknown,Unknown
Tyler Menutt,Unknown,Unknown,Unknown,Unknown,Unknown,Unknown,Unknown
Kazuhiko Osaku,Unknown,Unknown,Unknown,Unknown,Unknown,Unknown,Unknown
S (Trans),Unknown,Unknown,Unknown,Unknown,Unknown,Unknown,Unknown
Dru Blake,Unknown,Unknown,Unknown,Unknown,Unknown,Unknown,Unknown
Nick Taylor,Unknown,Unknown,Unknown,Unknown,Unknown,Unknown,Unknown
Johnny Fender,Unknown,Unknown,Unknown,Unknown,Unknown,Unknown,Unknown
Libor Manak,Unknown,Unknown,Unknown,Unknown,Unknown,Unknown,Unknown
War Machine,Unknown,Unknown,Unknown,Unknown,Unknown,Unknown,Unknown
Regis Rodrigues,Unknown,Unknown,Unknown,Unknown,Unknown,Unknown,Unknown
Johnny Jacobs,Unknown,Unknown,Unknown,Unknown,Unknown,Unknown,Unknown
Kevin Ruben,Unknown,Unknown,Unknown,Unknown,Unknown,Unknown,Unknown
Prettz Gettz,Unknown,Unknown,Unknown,Unknown,Unknown,Unknown,Unknown
Jiggy Jeff,Unknown,Unknown,Unknown,Unknown,Unknown,Unknown,Unknown
Dino Dinoni,Unknown,Unknown,Unknown,Unknown,Unknown,Unknown,Unknown
Roger Venturini,Unknown,Unknown,Unknown,Unknown,Unknown,Unknown,Unknown
Jay Cruz,Unknown,Unknown,Unknown,Unknown,Unknown,Unknown,Unknown
Jordan Lane,Unknown,Unknown,Unknown,Unknown,Unknown,Unknown,Unknown
Adan Persio,Unknown,Unknown,Unknown,Unknown,Unknown,Unknown,Unknown
Ryan James,Unknown,Unknown,Unknown,Unknown,Unknown,Unknown,Unknown
Edmilson Martins,Unknown,Unknown,Unknown,Unknown,Unknown,Unknown,Unknown
Michal Berky,Unknown,Unknown,Unknown,Unknown,Unknown,Unknown,Unknown
Dray Stone,Unknown,Unknown,Unknown,Unknown,Unknown,Unknown,Unknown
Frank Anthony,Unknown,Unknown,Unknown,Unknown,Unknown,Unknown,Unknown
Billy Long,Unknown,Unknown,Unknown,Unknown,Unknown,Unknown,Unknown
Dylian Marshal,Unknown,Unknown,Unknown,Unknown,Unknown,Unknown,Unknown
Miles Long,Unknown,Unknown,Unknown,Unknown,Unknown,Unknown,Unknown
Liam Lockran,Unknown,Unknown,Unknown,Unknown,Unknown,Unknown,Unknown
Kawan Silveira,Unknown,Unknown,Unknown,Unknown,Unknown,Unknown,Unknown
Lance Kincaid,Unknown,Unknown,Unknown,Unknown,Unknown,Unknown,Unknown
Ricardo Zambrini,Unknown,Unknown,Unknown,Unknown,Unknown,Unknown,Unknown
Mike Boyd,Unknown,Unknown,Unknown,Unknown,Unknown,Unknown,Unknown
Deither Von Stein,Unknown,Unknown,Unknown,Unknown,Unknown,Unknown,Unknown
Joe Holms,Unknown,Unknown,Unknown,Unknown,Unknown,Unknown,Unknown
Karel Barta,Unknown,Unknown,Unknown,Unknown,Unknown,Unknown,Unknown
Kaike Montani,Unknown,Unknown,Unknown,Unknown,Unknown,Unknown,Unknown
Tony Uttley,Unknown,Unknown,Unknown,Unknown,Unknown,Unknown,Unknown
Forjan Gabor,Unknown,Unknown,Unknown,Unknown,Unknown,Unknown,Unknown
Kaua Conalta,Unknown,Unknown,Unknown,Unknown,Unknown,Unknown,Unknown
Dylan Blake,Unknown,Unknown,Unknown,Unknown,Unknown,Unknown,Unknown
Pit Bull,Unknown,Unknown,Unknown,Unknown,Unknown,Unknown,Unknown
Tacio Santos,Unknown,Unknown,Unknown,Unknown,Unknown,Unknown,Unknown
Ariadny Oliver (Trans),Unknown,Unknown,Unknown,Unknown,Unknown,Unknown,Unknown
Stecan Mcchaels,Unknown,Unknown,Unknown,Unknown,Unknown,Unknown,Unknown
Bo Randall,Unknown,Unknown,Unknown,Unknown,Unknown,Unknown,Unknown
Orion Cross,Unknown,Unknown,Unknown,Unknown,Unknown,Unknown,Unknown
Kubicek Libor,Unknown,Unknown,Unknown,Unknown,Unknown,Unknown,Unknown
Dean Maxx,Unknown,Unknown,Unknown,Unknown,Unknown,Unknown,Unknown
Johnny Rocket,Unknown,Unknown,Unknown,Unknown,Unknown,Unknown,Unknown
Joey Angel,Unknown,Unknown,Unknown,Unknown,Unknown,Unknown,Unknown
Mr Winkel,Unknown,Unknown,Unknown,Unknown,Unknown,Unknown,Unknown
Pit Garcia,Unknown,Unknown,Unknown,Unknown,Unknown,Unknown,Unknown
Alex Becker,Unknown,Unknown,Unknown,Unknown,Unknown,Unknown,Unknown
Arcanjo Amaro,Unknown,Unknown,Unknown,Unknown,Unknown,Unknown,Unknown
Vince Velvet,Unknown,Unknown,Unknown,Unknown,Unknown,Unknown,Unknown
Ramon Darknight,Unknown,Unknown,Unknown,Unknown,Unknown,Unknown,Unknown
Jose Martinez,Unknown,Unknown,Unknown,Unknown,Unknown,Unknown,Unknown
Luke Hotrot,Unknown,Unknown,Unknown,Unknown,Unknown,Unknown,Unknown
Leonardo Farias,Unknown,Unknown,Unknown,Unknown,Unknown,Unknown,Unknown
Lee Stephens,Unknown,Unknown,Unknown,Unknown,Unknown,Unknown,Unknown
James Matarazo,Unknown,Unknown,Unknown,Unknown,Unknown,Unknown,Unknown
Martin Vick,Unknown,Unknown,Unknown,Unknown,Unknown,Unknown,Unknown
Drew Edwards,Unknown,Unknown,Unknown,Unknown,Unknown,Unknown,Unknown
Earl Slate,Unknown,Unknown,Unknown,Unknown,Unknown,Unknown,Unknown
Nikita Kolpakov,Unknown,Unknown,Unknown,Unknown,Unknown,Unknown,Unknown
Jose Luis,Unknown,Unknown,Unknown,Unknown,Unknown,Unknown,Unknown
Paul Niwat,Unknown,Unknown,Unknown,Unknown,Unknown,Unknown,Unknown
Lavinia Silva,Unknown,Unknown,Unknown,Unknown,Unknown,Unknown,Unknown
Dan Stallion,Unknown,Unknown,Unknown,Unknown,Unknown,Unknown,Unknown
Isabelly Killer (Trans),Unknown,Unknown,Unknown,Unknown,Unknown,Unknown,Unknown
Remigio Zampa,Unknown,Unknown,Unknown,Unknown,Unknown,Unknown,Unknown
Tony Martino,Unknown,Unknown,Unknown,Unknown,Unknown,Unknown,Unknown
Lloyd Platinum,Unknown,Unknown,Unknown,Unknown,Unknown,Unknown,Unknown
Carla Tavares,Unknown,Unknown,Unknown,Unknown,Unknown,Unknown,Unknown
Logan Long,Damon,American,Caucasian,"February 7, 1988",2016,69 kg,182 cm
Rayane Lenox (Trans),Unknown,Unknown,Unknown,Unknown,Unknown,Unknown,Unknown
Andrea Moranty,Unknown,Unknown,Unknown,Unknown,Unknown,Unknown,Unknown
Jonny G,Unknown,Unknown,Unknown,Unknown,Unknown,Unknown,Unknown
Jack Hammer,Unknown,Unknown,Unknown,Unknown,Unknown,Unknown,Unknown
Louie Smalls,"A$VP Louie, Louie T",Haitian,Black,"November 4, 1989",2018,Unknown,205 cm
Devon Savage,Unknown,Unknown,Unknown,Unknown,Unknown,Unknown,Unknown
Rafael Fellipo,Unknown,Unknown,Unknown,Unknown,Unknown,Unknown,Unknown
Claudia Bittencourt (Trans),Unknown,Unknown,Unknown,Unknown,Unknown,Unknown,Unknown
James Ferreira,Unknown,Unknown,Unknown,Unknown,Unknown,Unknown,Unknown
Lukas Trojan,Unknown,Unknown,Unknown,Unknown,Unknown,Unknown,Unknown
James Franko,Unknown,Unknown,Unknown,Unknown,Unknown,Unknown,Unknown
Drizzy,Drizzy Rain,Unknown,Black,"June 12, 2003",2025,58 kg,Unknown
Aron Ros,Unknown,Unknown,Unknown,Unknown,Unknown,Unknown,Unknown
Pamela Bueno,Unknown,Unknown,Unknown,Unknown,Unknown,Unknown,Unknown
Maven Secrets,Unknown,Unknown,Caucasian,"October 5, 1987",2025,74 kg,Unknown
Luiggi Knowles,Unknown,Unknown,Unknown,Unknown,Unknown,Unknown,Unknown
Ty Tucker,Ty Larson,American,Caucasian,"February 6, 1989",2009,Unknown,180 cm
Joe Laughlin,Unknown,Unknown,Unknown,Unknown,Unknown,Unknown,Unknown
Sean Diggs,Unknown,Unknown,Unknown,Unknown,Unknown,Unknown,Unknown
Lucas Vitello,Ian,Unknown,Latin,Unknown,2010,73 kg,180 cm
Alex Granger,Unknown,Unknown,Unknown,Unknown,Unknown,Unknown,Unknown
Joe Monti,Unknown,Unknown,Unknown,Unknown,Unknown,Unknown,Unknown
Jason Mccain,Unknown,Unknown,Unknown,Unknown,Unknown,Unknown,Unknown
Steve Taylor,Unknown,Unknown,Unknown,Unknown,Unknown,Unknown,Unknown
Mauro Reis,Unknown,Unknown,Unknown,Unknown,Unknown,Unknown,Unknown
Mike Hilton,"Mr Hilton, Mike",French,Caucasian,Unknown,2020,Unknown,Unknown
Kahylla Mahammad,Unknown,Unknown,Unknown,Unknown,Unknown,Unknown,Unknown
Michael Knight,Unknown,Unknown,Unknown,Unknown,Unknown,Unknown,Unknown
Mikey Jones,Unknown,Unknown,Unknown,Unknown,Unknown,Unknown,Unknown
Olivier Sanchez,Unknown,Unknown,Unknown,Unknown,Unknown,Unknown,Unknown
Rayssa Barbie,Unknown,Unknown,Unknown,Unknown,Unknown,Unknown,Unknown
Da Kidd,Unknown,Unknown,Unknown,Unknown,Unknown,Unknown,Unknown
Andre Gaucho,Unknown,Unknown,Unknown,Unknown,Unknown,Unknown,Unknown
Paula Freire,Unknown,Unknown,Unknown,Unknown,Unknown,Unknown,Unknown
Jr King,Unknown,Unknown,Unknown,Unknown,Unknown,Unknown,Unknown
Cash Montague,Unknown,Unknown,Unknown,Unknown,Unknown,Unknown,Unknown
Enzo Lorenzo,Unknown,Unknown,Unknown,Unknown,Unknown,Unknown,Unknown
Jay Dog,Unknown,Unknown,Unknown,Unknown,Unknown,Unknown,Unknown
Karl Kinkaid,Unknown,Unknown,Unknown,Unknown,Unknown,Unknown,Unknown
Rebeche Rayala,Unknown,Unknown,Unknown,Unknown,Unknown,Unknown,Unknown
Brandon Fox,Unknown,Unknown,Unknown,Unknown,Unknown,Unknown,Unknown
Matt Daddy,Unknown,Unknown,Unknown,Unknown,Unknown,Unknown,Unknown
Terry Hall,Unknown,Unknown,Unknown,Unknown,Unknown,Unknown,Unknown
Ryan Hester,Unknown,Unknown,Unknown,Unknown,Unknown,Unknown,Unknown
Brenner Bolton,"Brenner, Dalton Pierce",American,Caucasian,Unknown,2014,107 kg,182 cm
Denys Cult,Unknown,Unknown,Unknown,Unknown,Unknown,Unknown,Unknown
Shane Dizzle,Unknown,Unknown,Unknown,Unknown,Unknown,Unknown,Unknown
Tre Cool,Unknown,Unknown,Unknown,Unknown,Unknown,Unknown,Unknown
Damian Michaels,Unknown,Unknown,Unknown,Unknown,Unknown,Unknown,Unknown
Justin The Beast,Unknown,Unknown,Unknown,Unknown,Unknown,Unknown,Unknown
Jack Logan,Unknown,Unknown,Unknown,Unknown,Unknown,Unknown,Unknown
Mirela Abelha,Unknown,Unknown,Unknown,Unknown,Unknown,Unknown,Unknown
King Dingo,Unknown,Unknown,Unknown,Unknown,Unknown,Unknown,Unknown
Victor Kiss,Unknown,Unknown,Unknown,Unknown,Unknown,Unknown,Unknown
Andicen Stiff,Unknown,Unknown,Unknown,Unknown,Unknown,Unknown,Unknown
Kory Houston,"Apprentice Ryan, Marcus Ryan, Mark Smith, Elder Addison",American,Caucasian,Unknown,2015,67 kg,170 cm
Andrew Wade,Unknown,Unknown,Unknown,Unknown,Unknown,Unknown,Unknown
El Fantom,Unknown,Unknown,Unknown,Unknown,Unknown,Unknown,Unknown
Angelina (Trans),Unknown,Unknown,Unknown,Unknown,Unknown,Unknown,Unknown
Vinny Tyler,Unknown,Unknown,Unknown,Unknown,Unknown,Unknown,Unknown
C Lo,Unknown,Unknown,Unknown,Unknown,Unknown,Unknown,Unknown
Jonny Zinn,Unknown,Unknown,Unknown,Unknown,Unknown,Unknown,Unknown
Herus Max,Unknown,Unknown,Unknown,Unknown,Unknown,Unknown,Unknown
Jozy (Bi),Unknown,Unknown,Unknown,Unknown,Unknown,Unknown,Unknown
Pappa Wadd,Unknown,Unknown,Unknown,Unknown,Unknown,Unknown,Unknown
Ronnie Fernandez,Unknown,Unknown,Unknown,Unknown,Unknown,Unknown,Unknown
Mick Smith,Unknown,Unknown,Unknown,Unknown,Unknown,Unknown,Unknown
Antony Gimenez,Unknown,Unknown,Unknown,Unknown,Unknown,Unknown,Unknown
Mia (Trans),Unknown,Unknown,Unknown,Unknown,Unknown,Unknown,Unknown
Meat Puppet,Unknown,Unknown,Unknown,Unknown,Unknown,Unknown,Unknown
Phat Zane,Unknown,Unknown,Unknown,Unknown,Unknown,Unknown,Unknown
Bruno Mendes,Unknown,Unknown,Unknown,Unknown,Unknown,Unknown,Unknown
Nick Niter,Unknown,Unknown,Unknown,Unknown,Unknown,Unknown,Unknown
Quiet Storm,Unknown,Unknown,Unknown,Unknown,Unknown,Unknown,Unknown
Sam Shaft,Unknown,Unknown,Unknown,Unknown,Unknown,Unknown,Unknown
Fabricia Moreno (Trans),Unknown,Unknown,Unknown,Unknown,Unknown,Unknown,Unknown
Natty (Trans),Unknown,Unknown,Unknown,Unknown,Unknown,Unknown,Unknown
Alan Marcelo,Unknown,Unknown,Unknown,Unknown,Unknown,Unknown,Unknown
Tony Montana,Unknown,Unknown,Unknown,Unknown,Unknown,Unknown,Unknown
Douglas Torres,Unknown,Unknown,Unknown,Unknown,Unknown,Unknown,Unknown
Andres Garcia,Andre Garcia,Unknown,Unknown,Unknown,Unknown,Unknown,Unknown
Dane Cross,Unknown,Unknown,Unknown,Unknown,Unknown,Unknown,Unknown
Miklos Czidor,Unknown,Unknown,Unknown,Unknown,Unknown,Unknown,Unknown
Taylor Dante,Unknown,Unknown,Unknown,Unknown,Unknown,Unknown,Unknown
Bob Crane,Unknown,Unknown,Unknown,Unknown,Unknown,Unknown,Unknown
Alec Trerilian,Unknown,Unknown,Unknown,Unknown,Unknown,Unknown,Unknown
Gabriel Samyer,Unknown,Unknown,Unknown,Unknown,Unknown,Unknown,Unknown
Alan Nielson,Unknown,Unknown,Unknown,Unknown,Unknown,Unknown,Unknown
Kevin M,Unknown,Unknown,Unknown,Unknown,Unknown,Unknown,Unknown
Swiss Balls,Unknown,Unknown,Unknown,Unknown,Unknown,Unknown,Unknown
Alan Richard,Unknown,Unknown,Unknown,Unknown,Unknown,Unknown,Unknown
Rosta Patrik,Unknown,Unknown,Unknown,Unknown,Unknown,Unknown,Unknown
Robertt Lamberttinni,Unknown,Unknown,Unknown,Unknown,Unknown,Unknown,Unknown
Demetri Decreo,Unknown,Unknown,Unknown,Unknown,Unknown,Unknown,Unknown
Evan Rochelle,Unknown,Unknown,Unknown,Unknown,Unknown,Unknown,Unknown
Paris Fealey,Unknown,Unknown,Unknown,Unknown,Unknown,Unknown,Unknown
Kevin Oneil,Unknown,Unknown,Unknown,Unknown,Unknown,Unknown,Unknown
John Janiero,Unknown,Unknown,Unknown,Unknown,Unknown,Unknown,Unknown
David Luger,Unknown,Unknown,Unknown,Unknown,Unknown,Unknown,Unknown
Juliano Alves,Unknown,Unknown,Unknown,Unknown,Unknown,Unknown,Unknown
Michael Morrison,Unknown,Unknown,Unknown,Unknown,Unknown,Unknown,Unknown
Robert Pure,Unknown,Unknown,Unknown,Unknown,Unknown,Unknown,Unknown
Duda Gaucha (Trans),Unknown,Unknown,Unknown,Unknown,Unknown,Unknown,Unknown
Felix Stulback,Unknown,Unknown,Unknown,Unknown,Unknown,Unknown,Unknown
Jake Williams,Unknown,Unknown,Unknown,Unknown,Unknown,Unknown,Unknown
Gergo Vernagy,Unknown,Unknown,Unknown,Unknown,Unknown,Unknown,Unknown
Rich Handsome,Unknown,Unknown,Unknown,Unknown,Unknown,Unknown,Unknown
Hyago Ribeiro,Unknown,Unknown,Unknown,Unknown,Unknown,Unknown,Unknown
Zac (Bi),Unknown,Unknown,Unknown,Unknown,Unknown,Unknown,Unknown
Csaba Ori,Unknown,Unknown,Unknown,Unknown,Unknown,Unknown,Unknown
Gary Tayler,Unknown,Unknown,Unknown,Unknown,Unknown,Unknown,Unknown
Mike Lucks,Unknown,Unknown,Unknown,Unknown,Unknown,Unknown,Unknown
Arik Alyse,Unknown,Unknown,Unknown,Unknown,Unknown,Unknown,Unknown
Ronnie Weber,Unknown,Unknown,Unknown,Unknown,Unknown,Unknown,Unknown
Scott Hancock,Unknown,Unknown,Unknown,Unknown,Unknown,Unknown,Unknown
Ronnie Gunn,Unknown,Unknown,Unknown,Unknown,Unknown,Unknown,Unknown
Muff Daddy,Unknown,Unknown,Unknown,Unknown,Unknown,Unknown,Unknown
Mark Buike,Unknown,Unknown,Unknown,Unknown,Unknown,Unknown,Unknown
Seb Roberstone,Unknown,Unknown,Unknown,Unknown,Unknown,Unknown,Unknown
Tommy Castellari,Unknown,Unknown,Unknown,Unknown,Unknown,Unknown,Unknown
Tony Eveready,Unknown,Unknown,Unknown,Unknown,Unknown,Unknown,Unknown
Rotten Basstard,Unknown,Unknown,Unknown,Unknown,Unknown,Unknown,Unknown
Tom Petrov,Unknown,Unknown,Unknown,Unknown,Unknown,Unknown,Unknown
Brandon X,Unknown,Unknown,Unknown,Unknown,Unknown,Unknown,Unknown
Attila Hogyes,Unknown,Unknown,Unknown,Unknown,Unknown,Unknown,Unknown
Vito Corleone,Unknown,Unknown,Unknown,Unknown,Unknown,Unknown,Unknown
Michael Bitencourt,Unknown,Unknown,Unknown,Unknown,Unknown,Unknown,Unknown
Wesley B,Unknown,Unknown,Unknown,Unknown,Unknown,Unknown,Unknown
Andre Ribeiro,Unknown,Unknown,Unknown,Unknown,Unknown,Unknown,Unknown
Jimmy Blaze,Unknown,Unknown,Unknown,Unknown,Unknown,Unknown,Unknown
Marcelo Vidal,Unknown,Unknown,Unknown,Unknown,Unknown,Unknown,Unknown
Kaike Brilo,Unknown,Unknown,Unknown,Unknown,Unknown,Unknown,Unknown
Charlie Stygger,Unknown,Unknown,Unknown,Unknown,Unknown,Unknown,Unknown
Marcelo Moura,Unknown,Unknown,Unknown,Unknown,Unknown,Unknown,Unknown
Enrico Dickens,Unknown,Unknown,Unknown,Unknown,Unknown,Unknown,Unknown
James King,Unknown,Unknown,Unknown,Unknown,Unknown,Unknown,Unknown
Luciana Lira,Unknown,Unknown,Unknown,Unknown,Unknown,Unknown,Unknown
Patrick Schuster,Unknown,Unknown,Unknown,Unknown,Unknown,Unknown,Unknown
Hunk Hollywood,Unknown,Unknown,Unknown,Unknown,Unknown,Unknown,Unknown
Ian Daniels,Unknown,Unknown,Unknown,Unknown,Unknown,Unknown,Unknown
Mike Gate,Unknown,Unknown,Unknown,Unknown,Unknown,Unknown,Unknown
Shawn Ricks,Unknown,Unknown,Unknown,Unknown,Unknown,Unknown,Unknown
Nick Capra,Unknown,Unknown,Unknown,Unknown,Unknown,Unknown,Unknown
Roc Magnum,Unknown,Unknown,Unknown,Unknown,Unknown,Unknown,Unknown
Derrick Dicks,Unknown,Unknown,Unknown,Unknown,Unknown,Unknown,Unknown
Pin Up Boi,Unknown,Unknown,Unknown,Unknown,Unknown,Unknown,Unknown
Peter Nagy,Unknown,Unknown,Unknown,Unknown,Unknown,Unknown,Unknown
Lance Strong,Unknown,Unknown,Unknown,Unknown,Unknown,Unknown,Unknown
Chris Lafleur,Unknown,Unknown,Unknown,Unknown,Unknown,Unknown,Unknown
George Dagmail,Unknown,Unknown,Unknown,Unknown,Unknown,Unknown,Unknown
Julio Domingos,Unknown,Unknown,Unknown,Unknown,Unknown,Unknown,Unknown
John Carte,Unknown,Unknown,Unknown,Unknown,Unknown,Unknown,Unknown
Diego Robert,Unknown,Unknown,Unknown,Unknown,Unknown,Unknown,Unknown
Gabriel Lear,Unknown,Unknown,Unknown,Unknown,Unknown,Unknown,Unknown
Alan Black,Unknown,Unknown,Unknown,Unknown,Unknown,Unknown,Unknown
Junior Feraz,Unknown,Unknown,Unknown,Unknown,Unknown,Unknown,Unknown
Andrew Kitt,Unknown,Unknown,Unknown,Unknown,Unknown,Unknown,Unknown
Randy Scott,Unknown,Unknown,Unknown,Unknown,Unknown,Unknown,Unknown
Raymond Ram,Unknown,Unknown,Unknown,Unknown,Unknown,Unknown,Unknown
Jimi King,Unknown,Unknown,Unknown,Unknown,Unknown,Unknown,Unknown
Sergio Escoto,Unknown,Unknown,Unknown,Unknown,Unknown,Unknown,Unknown
Aussie Thunder,Unknown,Unknown,Unknown,Unknown,Unknown,Unknown,Unknown
Scott Lebull,Unknown,Unknown,Unknown,Unknown,Unknown,Unknown,Unknown
Big Jon,Unknown,Unknown,Unknown,Unknown,Unknown,Unknown,Unknown
Boby Duroc,Unknown,Unknown,Unknown,Unknown,Unknown,Unknown,Unknown
Alan Roiter,Unknown,Unknown,Unknown,Unknown,Unknown,Unknown,Unknown
Alex Star,Unknown,Unknown,Unknown,Unknown,Unknown,Unknown,Unknown
Robert Lenge,Unknown,Unknown,Unknown,Unknown,Unknown,Unknown,Unknown
Junior Bastos,Unknown,Unknown,Unknown,Unknown,Unknown,Unknown,Unknown
Kevin King,Unknown,Unknown,Unknown,Unknown,Unknown,Unknown,Unknown
Dick Hurtzer,Unknown,Unknown,Unknown,Unknown,Unknown,Unknown,Unknown
Dan Leal,Unknown,Unknown,Unknown,Unknown,Unknown,Unknown,Unknown
Andrea Nobili,Unknown,Unknown,Unknown,Unknown,Unknown,Unknown,Unknown
Jason Riley,Unknown,Unknown,Unknown,Unknown,Unknown,Unknown,Unknown
Junior Pavanello,Unknown,Unknown,Unknown,Unknown,Unknown,Unknown,Unknown
Jarod Diamond,Unknown,Unknown,Unknown,Unknown,Unknown,Unknown,Unknown
Frank Tusion,Unknown,Unknown,Unknown,Unknown,Unknown,Unknown,Unknown
Piggly Hog,Unknown,Unknown,Unknown,Unknown,Unknown,Unknown,Unknown
Camila Close (Trans),Unknown,Unknown,Unknown,Unknown,Unknown,Unknown,Unknown
Buck Adams,Unknown,Unknown,Unknown,Unknown,Unknown,Unknown,Unknown
James Driller,Unknown,Unknown,Unknown,Unknown,Unknown,Unknown,Unknown
Luana Lethuan,Unknown,Unknown,Unknown,Unknown,Unknown,Unknown,Unknown
Lee Longwood,Unknown,Unknown,Unknown,Unknown,Unknown,Unknown,Unknown
Mark Vega,Unknown,Unknown,Unknown,Unknown,Unknown,Unknown,Unknown
Erik Brenner Ferenc,Unknown,Unknown,Unknown,Unknown,Unknown,Unknown,Unknown
Juliana Oliveria,Unknown,Unknown,Unknown,Unknown,Unknown,Unknown,Unknown
Milo Fisher,Unknown,American,Caucasian,"September 30, 1994",2014,68 kg,170 cm
Liu Gang,Liu Chang,Brazilian,Asian,"August 22, 1985",Unknown,Unknown,Unknown
Michel Maion,Unknown,Unknown,Unknown,Unknown,Unknown,Unknown,Unknown
Michael V,Unknown,Unknown,Unknown,Unknown,Unknown,Unknown,Unknown
Brian Young,Unknown,Unknown,Unknown,Unknown,Unknown,Unknown,Unknown
Jordan Phillips,Unknown,Unknown,Unknown,Unknown,Unknown,Unknown,Unknown
Alex Junior,Unknown,Unknown,Unknown,Unknown,Unknown,Unknown,Unknown
Doni Size,Unknown,Unknown,Unknown,Unknown,Unknown,Unknown,Unknown
Slimm Dogg,Unknown,Unknown,Unknown,Unknown,Unknown,Unknown,Unknown
Pinch,"Mathieu Pare, Le Pinch, Mat Pare",Canadian,Caucasian,Unknown,Unknown,Unknown,Unknown
Mel Voguel (Trans),Unknown,Unknown,Unknown,Unknown,Unknown,Unknown,Unknown
Trent Tesoro,Unknown,Unknown,Unknown,Unknown,Unknown,Unknown,Unknown
Danielly Marinetto (Trans),Unknown,Unknown,Unknown,Unknown,Unknown,Unknown,Unknown
Santino Lee,Unknown,Unknown,Unknown,Unknown,Unknown,Unknown,Unknown
Marcus Mcneill,Unknown,Canadian,Caucasian,Unknown,Unknown,Unknown,Unknown
Gabriel D'alessandro,"Gabriel N' Glessandio, Gabriel Dalessandro, Gabe B",Unknown,Latin,"March 8, 1975",2008,67 kg,182 cm
Adriela Vendromine,Unknown,Unknown,Unknown,Unknown,Unknown,Unknown,Unknown
Julian Andretti,Unknown,Unknown,Unknown,Unknown,Unknown,Unknown,Unknown
Jack Escobar,Unknown,Unknown,Latin,Unknown,Unknown,Unknown,Unknown
Stefan Hard,Unknown,Unknown,Unknown,Unknown,Unknown,Unknown,Unknown
David Mistral,Unknown,Unknown,Unknown,Unknown,Unknown,Unknown,Unknown
Roy L. Shaft,Unknown,Unknown,Unknown,Unknown,Unknown,Unknown,Unknown
Micky Mackenzie,Unknown,American,Native,Unknown,2014,65 kg,175 cm
Robert Ox,Unknown,Unknown,Unknown,Unknown,Unknown,Unknown,Unknown
Joey Silvera,Unknown,Unknown,Unknown,Unknown,Unknown,Unknown,Unknown
Negra (Trans),Unknown,Unknown,Unknown,Unknown,Unknown,Unknown,Unknown
Dan Masters,Unknown,Unknown,Unknown,Unknown,Unknown,Unknown,Unknown
Dirk S.,Unknown,Unknown,Unknown,Unknown,Unknown,Unknown,Unknown
Emanoel Blay,Unknown,Unknown,Unknown,Unknown,Unknown,Unknown,Unknown
Aykon Vilela,Unknown,Unknown,Unknown,Unknown,Unknown,Unknown,Unknown
Fm Bradley,Unknown,Unknown,Unknown,Unknown,Unknown,Unknown,Unknown
Rafinha Angel,Unknown,Unknown,Unknown,Unknown,Unknown,Unknown,Unknown
Mike Stallone,Mick Stallone,Unknown,Unknown,Unknown,Unknown,Unknown,Unknown
Max Black,Unknown,Unknown,Unknown,Unknown,Unknown,Unknown,Unknown
Masuo Tanaka,Unknown,Unknown,Unknown,Unknown,Unknown,Unknown,Unknown
Ken Scudder,Unknown,Unknown,Unknown,Unknown,Unknown,Unknown,Unknown
Craig Roberts,Unknown,Unknown,Unknown,Unknown,Unknown,Unknown,Unknown
Darryl Divine,Unknown,Unknown,Unknown,Unknown,Unknown,Unknown,Unknown
Justin Kingsley,Unknown,Unknown,Unknown,Unknown,Unknown,Unknown,Unknown
Natasha Ferreira,Unknown,Unknown,Unknown,Unknown,Unknown,Unknown,Unknown
Rick Savage,Unknown,Unknown,Unknown,Unknown,Unknown,Unknown,Unknown
Chris Toms,Unknown,Unknown,Unknown,Unknown,Unknown,Unknown,Unknown
Jarred Steed,Unknown,Unknown,Unknown,Unknown,Unknown,Unknown,Unknown
Sal Duchaine,Unknown,Unknown,Unknown,Unknown,Unknown,Unknown,Unknown
Phil Hollyday,Unknown,Unknown,Unknown,Unknown,Unknown,Unknown,Unknown
Agatha (Trans),Unknown,Unknown,Unknown,Unknown,Unknown,Unknown,Unknown
Reda Semlahew,Unknown,Unknown,Unknown,Unknown,Unknown,Unknown,Unknown
Ron Jones,Unknown,Unknown,Unknown,Unknown,Unknown,Unknown,Unknown
Sean Swipe,Unknown,Unknown,Unknown,Unknown,Unknown,Unknown,Unknown
Dmitry Leontev,Unknown,Unknown,Unknown,Unknown,Unknown,Unknown,Unknown
Carlos Valdez,Unknown,Unknown,Unknown,Unknown,Unknown,Unknown,Unknown
Carl Johnson,Unknown,Unknown,Unknown,Unknown,Unknown,Unknown,Unknown
Snider D,Unknown,Unknown,Unknown,Unknown,Unknown,Unknown,Unknown
Julius Pleaser,Unknown,Unknown,Unknown,Unknown,Unknown,Unknown,Unknown
Lil Red,Unknown,Unknown,Unknown,Unknown,Unknown,Unknown,Unknown
Aleksandar Gajin,Unknown,Unknown,Unknown,Unknown,Unknown,Unknown,Unknown
Brian Wanda,Unknown,Unknown,Unknown,Unknown,Unknown,Unknown,Unknown
Rocky Oliveira,Unknown,Unknown,Unknown,Unknown,Unknown,Unknown,Unknown
Vince Vega,Unknown,Unknown,Unknown,Unknown,Unknown,Unknown,Unknown
Tommy Reeves,Unknown,Unknown,Unknown,Unknown,Unknown,Unknown,Unknown
Johnny Boss,Unknown,Unknown,Unknown,Unknown,Unknown,Unknown,Unknown
Bel Gris,Unknown,Unknown,Unknown,Unknown,Unknown,Unknown,Unknown
Chase Arcangel,Unknown,American,Caucasian,"March 3, 1998",2020,82 kg,185 cm
Brandon Ashton,"Bradley, Sebastien, Brother Rey",American,Caucasian,"May 11, 1993",2016,88 kg,187 cm
Cody Carter,Unknown,American,Caucasian,Unknown,2019,Unknown,177 cm
Leona Andrev,Unknown,Unknown,Unknown,Unknown,Unknown,Unknown,Unknown
Justin Conway,Unknown,Unknown,Unknown,Unknown,Unknown,Unknown,Unknown
Dave Pounder,Unknown,Unknown,Unknown,Unknown,Unknown,Unknown,Unknown
Jamie Page,Unknown,Unknown,Unknown,Unknown,Unknown,Unknown,Unknown
Alex Domistky,Unknown,Unknown,Unknown,Unknown,Unknown,Unknown,Unknown
Andre Anoa,Unknown,Unknown,Unknown,Unknown,Unknown,Unknown,Unknown
Nic The Nuts,Unknown,Unknown,Unknown,Unknown,Unknown,Unknown,Unknown
Mark Ashley,Unknown,Unknown,Unknown,Unknown,Unknown,Unknown,Unknown
Kaike Buto,Unknown,Unknown,Unknown,Unknown,Unknown,Unknown,Unknown
Kaua Gasparotto,Unknown,Unknown,Unknown,Unknown,Unknown,Unknown,Unknown
Richard Langin,Unknown,Unknown,Unknown,Unknown,Unknown,Unknown,Unknown
Mr P,Unknown,Unknown,Unknown,Unknown,Unknown,Unknown,Unknown
Lex Parker,Unknown,Unknown,Unknown,Unknown,Unknown,Unknown,Unknown
Toei (Trans),Unknown,Unknown,Unknown,Unknown,Unknown,Unknown,Unknown
Shaggy Nakadashi,Unknown,Unknown,Unknown,Unknown,Unknown,Unknown,Unknown
Lorenzo Hightower,Unknown,Unknown,Unknown,Unknown,Unknown,Unknown,Unknown
Kauan Rubeino,Unknown,Unknown,Unknown,Unknown,Unknown,Unknown,Unknown
Danny Blue,Unknown,Unknown,Unknown,Unknown,Unknown,Unknown,Unknown
Alexia Nogueira (Trans),Unknown,Unknown,Unknown,Unknown,Unknown,Unknown,Unknown
Jack London,Unknown,Unknown,Unknown,Unknown,Unknown,Unknown,Unknown
Lynn (Trans),Unknown,Unknown,Unknown,Unknown,Unknown,Unknown,Unknown
Steve Hardy,"Meyoto, Steven, Xxx Stive, Alex Stevens, Steve G",Russian,Caucasian,Unknown,Unknown,74 kg,177 cm
Denis Marti,Unknown,Unknown,Unknown,Unknown,Unknown,Unknown,Unknown
Larissa Di Paula,Unknown,Unknown,Unknown,Unknown,Unknown,Unknown,Unknown
Roly Reeves,Unknown,Unknown,Unknown,Unknown,Unknown,Unknown,Unknown
Barbara Goulart (Trans),Unknown,Unknown,Unknown,Unknown,Unknown,Unknown,Unknown
Nadia Leart (Trans),Unknown,Unknown,Unknown,Unknown,Unknown,Unknown,Unknown
Cameron Reid,Unknown,Unknown,Unknown,Unknown,Unknown,Unknown,Unknown
Renna Black,Randell Harrevelt,Dutch,Black,January 1993,Unknown,Unknown,177 cm
Alex Sena,Unknown,Unknown,Unknown,Unknown,Unknown,Unknown,Unknown
Giselle Carvaio (Trans),Unknown,Unknown,Unknown,Unknown,Unknown,Unknown,Unknown
Amanda Mantovani (Trans),Unknown,Unknown,Unknown,Unknown,Unknown,Unknown,Unknown
David Vanek,Unknown,Unknown,Unknown,Unknown,Unknown,Unknown,Unknown
Jasper Wade,Unknown,Unknown,Unknown,Unknown,Unknown,Unknown,Unknown
Tristan Baldwin,Unknown,Unknown,Unknown,Unknown,Unknown,Unknown,Unknown
Ryan Ryder,Unknown,Unknown,Caucasian,"May 3, 1983",Unknown,73 kg,177 cm
Seth Knight,Unknown,American,Caucasian,Unknown,Unknown,Unknown,170 cm
Myla Pereira,Unknown,Unknown,Unknown,Unknown,Unknown,Unknown,Unknown
Richie Black,Unknown,Unknown,Unknown,Unknown,Unknown,Unknown,Unknown
Marcos Leon,Unknown,Unknown,Unknown,Unknown,Unknown,Unknown,Unknown
Gabriela Ribeiro,Unknown,Unknown,Unknown,Unknown,Unknown,Unknown,Unknown
Vance Crawford,Unknown,American,Caucasian,Unknown,2010,72 kg,172 cm
Drielly Riuston,Unknown,Unknown,Unknown,Unknown,Unknown,Unknown,Unknown
Filip Eifler,Unknown,Unknown,Unknown,Unknown,Unknown,Unknown,Unknown
Joe Rock,Unknown,Unknown,Unknown,Unknown,Unknown,Unknown,Unknown
Eddy Blackone,"Blacksky, Eddy Blackbone, Eddy Blakwane, Eddy X, Wesley, Eddy, Eddy Black One, Addy, Samba, Eddie Black, Eddy Blackwane",French,Black,January 7,2005,73 kg,180 cm
John Decker,Unknown,Unknown,Unknown,Unknown,Unknown,Unknown,Unknown
Michael Maion,Unknown,Unknown,Unknown,Unknown,Unknown,Unknown,Unknown
Daniel Hunter,Unknown,Unknown,Unknown,Unknown,Unknown,Unknown,Unknown
Claudio Pedro,Unknown,Unknown,Unknown,Unknown,Unknown,Unknown,Unknown
Luana Varela,Unknown,Unknown,Unknown,Unknown,Unknown,Unknown,Unknown
Ricky Finist,Unknown,Unknown,Unknown,Unknown,Unknown,Unknown,Unknown
Rollin J,Unknown,Unknown,Unknown,Unknown,Unknown,Unknown,Unknown
Michael Fuller,Unknown,Unknown,Unknown,Unknown,Unknown,Unknown,Unknown
Tyson Miller,Unknown,Unknown,Unknown,Unknown,Unknown,Unknown,Unknown
Isabelly Ferraz (Trans),Unknown,Unknown,Unknown,Unknown,Unknown,Unknown,Unknown
Peter Panther,Unknown,Unknown,Unknown,Unknown,Unknown,Unknown,Unknown
J.t.,Unknown,Unknown,Unknown,Unknown,Unknown,Unknown,Unknown
Winston Burbank,Unknown,Unknown,Unknown,Unknown,Unknown,Unknown,Unknown
Andre Santos,Unknown,Unknown,Unknown,Unknown,Unknown,Unknown,Unknown
Alex Forte,Unknown,Unknown,Unknown,Unknown,Unknown,Unknown,Unknown
Bobby Blam,Unknown,Unknown,Unknown,Unknown,Unknown,Unknown,Unknown
Jonny Utah,Unknown,Unknown,Unknown,Unknown,Unknown,Unknown,Unknown
Liviu Rousso,Unknown,Unknown,Unknown,Unknown,Unknown,Unknown,Unknown
Kyle Phillips,Unknown,Unknown,Unknown,Unknown,Unknown,Unknown,Unknown
Guilherme Maia,Unknown,Unknown,Unknown,Unknown,Unknown,Unknown,Unknown
Vince Vouyer,Unknown,Unknown,Unknown,Unknown,Unknown,Unknown,Unknown
Minny (Trans),Unknown,Unknown,Unknown,Unknown,Unknown,Unknown,Unknown
Brennan Rhodes,Unknown,Unknown,Unknown,Unknown,Unknown,Unknown,Unknown
Gavin Steele,Unknown,Unknown,Unknown,Unknown,Unknown,Unknown,Unknown
Alexander Tda,TDA,Italian,Caucasian,"March 15, 1992",Unknown,Unknown,Unknown
Ceasar Agustus,Unknown,Unknown,Unknown,Unknown,Unknown,Unknown,Unknown
Paty Colt,Unknown,Unknown,Unknown,Unknown,Unknown,Unknown,Unknown
Patricia Ferraz,Unknown,Unknown,Unknown,Unknown,Unknown,Unknown,Unknown
Dallass,Unknown,Unknown,Unknown,Unknown,Unknown,Unknown,Unknown
Christian M.,Unknown,Unknown,Unknown,Unknown,Unknown,Unknown,Unknown
Paty Bionda,Unknown,Unknown,Unknown,Unknown,Unknown,Unknown,Unknown
Patti (Trans),Unknown,Unknown,Unknown,Unknown,Unknown,Unknown,Unknown
Patrica Sabatiny,Unknown,Unknown,Unknown,Unknown,Unknown,Unknown,Unknown
Marco Lee,Unknown,Unknown,Unknown,Unknown,Unknown,Unknown,Unknown
Ali King,Unknown,Unknown,Unknown,Unknown,Unknown,Unknown,Unknown
Grazielle Sanches,Unknown,Unknown,Unknown,Unknown,Unknown,Unknown,Unknown
Marcela Ramos,Unknown,Unknown,Unknown,Unknown,Unknown,Unknown,Unknown
Alan Capier,Unknown,Unknown,Unknown,Unknown,Unknown,Unknown,Unknown
Tony S,Unknown,Unknown,Unknown,Unknown,Unknown,Unknown,Unknown
Haiko Titan,Unknown,Unknown,Unknown,Unknown,Unknown,Unknown,Unknown
Rassia Bavinny,Unknown,Unknown,Unknown,Unknown,Unknown,Unknown,Unknown
Darren James,Unknown,Unknown,Unknown,Unknown,Unknown,Unknown,Unknown
Maxim White,Unknown,Russian,Caucasian,Unknown,2018,Unknown,Unknown
Izabelly Ferraz,Unknown,Unknown,Unknown,Unknown,Unknown,Unknown,Unknown
Christian Diaz,Unknown,Unknown,Unknown,Unknown,Unknown,Unknown,Unknown
Brian Henderson,Unknown,Unknown,Unknown,Unknown,Unknown,Unknown,Unknown
Will Simon,Unknown,Unknown,Unknown,Unknown,Unknown,Unknown,Unknown
Steve Layer,Unknown,Unknown,Unknown,Unknown,Unknown,Unknown,Unknown
Poax Lenehan,Unknown,Unknown,Unknown,Unknown,Unknown,Unknown,Unknown
Damien Thorne,Unknown,Unknown,Unknown,Unknown,Unknown,Unknown,Unknown
Anna (Trans),Unknown,Unknown,Unknown,Unknown,Unknown,Unknown,Unknown
Alex Woods,Unknown,Unknown,Unknown,Unknown,Unknown,Unknown,Unknown
Rudy Strong,Unknown,Unknown,Unknown,Unknown,Unknown,Unknown,Unknown
Johnny Cockring,Unknown,Unknown,Unknown,Unknown,Unknown,Unknown,Unknown
Marcela Escobar,Unknown,Unknown,Unknown,Unknown,Unknown,Unknown,Unknown
Jennifer Cortez (Trans),Unknown,Unknown,Unknown,Unknown,Unknown,Unknown,Unknown
Kobe Bird,Unknown,Unknown,Unknown,Unknown,Unknown,Unknown,Unknown
Justin Snyder,Unknown,Unknown,Unknown,Unknown,Unknown,Unknown,Unknown
Jon Martin,Unknown,Unknown,Unknown,Unknown,Unknown,Unknown,Unknown
Josh Gates,Unknown,Unknown,Unknown,Unknown,Unknown,Unknown,Unknown
Ian Levine,Unknown,American,Caucasian,"November 22, 1993",Unknown,69 kg,172 cm
Lance Hart,"Lance, Bishop Hart, Bob",American,Caucasian,"May 19, 1979",2019,66 kg,172 cm
Cris D'hulg,Unknown,Unknown,Unknown,Unknown,Unknown,Unknown,Unknown
Bobby Williams,Unknown,Unknown,Unknown,Unknown,Unknown,Unknown,Unknown
Markus Waxenegger,Unknown,Unknown,Unknown,Unknown,Unknown,Unknown,Unknown
Jersey Black,Unknown,Unknown,Unknown,Unknown,Unknown,Unknown,Unknown
Greg Rome,Unknown,Unknown,Unknown,Unknown,Unknown,Unknown,Unknown
Alex Ferraz,Unknown,Unknown,Unknown,Unknown,Unknown,Unknown,Unknown
Albert Conte,Unknown,Unknown,Unknown,Unknown,Unknown,Unknown,Unknown
Dayanne Callegare (Trans),Unknown,Unknown,Unknown,Unknown,Unknown,Unknown,Unknown
Steve Hooper,Unknown,Unknown,Unknown,Unknown,Unknown,Unknown,Unknown
Cassia Carvalho (Trans),Unknown,Unknown,Unknown,Unknown,Unknown,Unknown,Unknown
Johnny B Goode,Unknown,Unknown,Unknown,Unknown,Unknown,Unknown,Unknown
Benjamin Bratt,Unknown,Unknown,Unknown,Unknown,Unknown,Unknown,Unknown
Logan Xander,Hey Grimy,American,Caucasian,"August 19, 1999",2020,77 kg,180 cm
Falcon Al,"Falcon1919, Enrikay, Aleksander Sokolov",Unknown,Caucasian,Unknown,Unknown,67 kg,172 cm
Weston White,Unknown,Unknown,Unknown,Unknown,Unknown,Unknown,Unknown
Conny,Unknown,Unknown,Unknown,Unknown,Unknown,Unknown,Unknown
Frank Fortuna,Unknown,Unknown,Unknown,Unknown,Unknown,Unknown,Unknown
Jayce Xaveri,Unknown,Unknown,Unknown,Unknown,Unknown,Unknown,Unknown
Timur Vasilenko,Unknown,Unknown,Unknown,Unknown,Unknown,Unknown,Unknown
Drika Lima (Trans),Unknown,Unknown,Unknown,Unknown,Unknown,Unknown,Unknown
Luca Bazooka,Unknown,Unknown,Unknown,Unknown,Unknown,Unknown,Unknown
Jaqueline Dilly,Unknown,Unknown,Unknown,Unknown,Unknown,Unknown,Unknown
Levon Horn,Unknown,Unknown,Unknown,Unknown,Unknown,Unknown,Unknown
Patrick Femel,Unknown,Unknown,Unknown,Unknown,Unknown,Unknown,Unknown
Carlton Banks,Unknown,Unknown,Unknown,Unknown,Unknown,Unknown,Unknown
Derek Thomas,Unknown,Unknown,Unknown,Unknown,Unknown,Unknown,Unknown
Bobby Sox,Unknown,Unknown,Unknown,Unknown,Unknown,Unknown,Unknown
Dhones Portella,Unknown,Unknown,Unknown,Unknown,Unknown,Unknown,Unknown
Aaron Wilcox,Unknown,Unknown,Unknown,Unknown,Unknown,Unknown,Unknown
C.j. Ryder,Unknown,Unknown,Unknown,Unknown,Unknown,Unknown,Unknown
Patrick Lost,Unknown,Unknown,Unknown,Unknown,Unknown,Unknown,Unknown
Leonardo Carioca,Unknown,Unknown,Unknown,Unknown,Unknown,Unknown,Unknown
Eric Pardee,Unknown,Unknown,Unknown,Unknown,Unknown,Unknown,Unknown
Kelly Ohana,Unknown,Unknown,Unknown,Unknown,Unknown,Unknown,Unknown
Shay Gunz,Unknown,Unknown,Unknown,Unknown,Unknown,Unknown,Unknown
Dave Sanchez,Unknown,Unknown,Unknown,Unknown,Unknown,Unknown,Unknown
Domenic Kane,Unknown,Unknown,Unknown,Unknown,Unknown,Unknown,Unknown
Frank Lemos,Unknown,Unknown,Unknown,Unknown,Unknown,Unknown,Unknown
Jenifer Brazil (Trans),Unknown,Unknown,Unknown,Unknown,Unknown,Unknown,Unknown
Tyler Blaze,Unknown,Unknown,Unknown,Unknown,Unknown,Unknown,Unknown
Don Grammar,"Don Grammer, Dong Rammer, King Don G",American,Black,"August 29, 1993",Unknown,Unknown,Unknown
Pamela Ferreira,Unknown,Unknown,Unknown,Unknown,Unknown,Unknown,Unknown
Fernanda Barros (Trans),Unknown,Unknown,Unknown,Unknown,Unknown,Unknown,Unknown
Daniel Rasek,Unknown,Unknown,Unknown,Unknown,Unknown,Unknown,Unknown
Carlos Ferrari,Unknown,Unknown,Unknown,Unknown,Unknown,Unknown,Unknown
Nick Leykis,Nick The Grip Leykis,Canadian,Caucasian,Unknown,2009,Unknown,Unknown
Dave March,Unknown,Canadian,Caucasian,Unknown,2021,Unknown,Unknown
Marc Dylan,Chris Gabriel,American,Caucasian,Unknown,2011,82 kg,177 cm
Polo Starr,Unknown,Unknown,Unknown,Unknown,Unknown,Unknown,Unknown
Sergio Suarez,Unknown,Unknown,Unknown,Unknown,Unknown,Unknown,Unknown
Evelyn Frazao,Unknown,Unknown,Unknown,Unknown,Unknown,Unknown,Unknown
Big Pike,Unknown,Unknown,Unknown,Unknown,Unknown,Unknown,Unknown
Juliana Arauja,Unknown,Unknown,Unknown,Unknown,Unknown,Unknown,Unknown
Milena Vendramine,Unknown,Unknown,Unknown,Unknown,Unknown,Unknown,Unknown
Agatha De Melo,Unknown,Unknown,Unknown,Unknown,Unknown,Unknown,Unknown
Gabryelly Dummond (Trans),Unknown,Unknown,Unknown,Unknown,Unknown,Unknown,Unknown
Mickey G.,Unknown,Unknown,Unknown,Unknown,Unknown,Unknown,Unknown
Blaine Johnson,"DirtyTony, Blaine",American,Caucasian,Unknown,Unknown,Unknown,Unknown
Thais Shiavinato (Tr),Unknown,Unknown,Unknown,Unknown,Unknown,Unknown,Unknown
Juan Martinez,Unknown,Unknown,Unknown,Unknown,Unknown,Unknown,Unknown
Kevin Sexxx,Unknown,Unknown,Unknown,Unknown,Unknown,Unknown,Unknown
Shirley (Trans),Unknown,Unknown,Unknown,Unknown,Unknown,Unknown,Unknown
Will Boner,Unknown,Unknown,Unknown,Unknown,Unknown,Unknown,Unknown
Guenter H.,Unknown,Unknown,Unknown,Unknown,Unknown,Unknown,Unknown
Marin Rossi,Unknown,Unknown,Unknown,Unknown,Unknown,Unknown,Unknown
Ageda (Trans),Unknown,Unknown,Unknown,Unknown,Unknown,Unknown,Unknown
Hooks,Unknown,Unknown,Unknown,Unknown,Unknown,Unknown,Unknown
Fernanda Moreno Diaz,Unknown,Unknown,Unknown,Unknown,Unknown,Unknown,Unknown
Joe Martin,Unknown,Unknown,Unknown,Unknown,Unknown,Unknown,Unknown
Barbara Kysivics (Trans),Unknown,Unknown,Unknown,Unknown,Unknown,Unknown,Unknown
Jorge Eyng,Unknown,Unknown,Unknown,Unknown,Unknown,Unknown,Unknown
D. K.,Unknown,Unknown,Unknown,Unknown,Unknown,Unknown,Unknown
Lucky (Trans),Unknown,Unknown,Unknown,Unknown,Unknown,Unknown,Unknown
Tom Smith,Unknown,Unknown,Unknown,Unknown,Unknown,Unknown,Unknown
Barbara Smith,Unknown,Unknown,Unknown,Unknown,Unknown,Unknown,Unknown
Apollo Max,Apolo Max,Unknown,Unknown,Unknown,Unknown,Unknown,Unknown
Monika Prado,Unknown,Unknown,Unknown,Unknown,Unknown,Unknown,Unknown
Jason Banger,Unknown,Unknown,Unknown,Unknown,Unknown,Unknown,Unknown
John Q.,Unknown,Unknown,Unknown,Unknown,Unknown,Unknown,Unknown
Melanie Hickman,Unknown,Unknown,Unknown,Unknown,Unknown,Unknown,Unknown
Tanner Wayne,Unknown,American,Caucasian,Unknown,2012,83 kg,185 cm
Peter Rain,Unknown,Unknown,Unknown,Unknown,Unknown,Unknown,Unknown
Raquel Dourado,Unknown,Unknown,Unknown,Unknown,Unknown,Unknown,Unknown
Ray Victory,Unknown,Unknown,Unknown,Unknown,Unknown,Unknown,Unknown
Allan P.,Unknown,Unknown,Unknown,Unknown,Unknown,Unknown,Unknown
Jarrod Steed,Unknown,Unknown,Unknown,Unknown,Unknown,Unknown,Unknown
Miro Da Nola,Unknown,Unknown,Unknown,Unknown,Unknown,Unknown,Unknown
Dannilly Marinto,Unknown,Unknown,Unknown,Unknown,Unknown,Unknown,Unknown
Frank Tyler,Unknown,Unknown,Unknown,Unknown,Unknown,Unknown,Unknown
Unknown Male 211329,Unknown,Unknown,Unknown,Unknown,Unknown,Unknown,Unknown
Amanda Vaz (Trans),Unknown,Unknown,Unknown,Unknown,Unknown,Unknown,Unknown
Jonny Boy,Unknown,Unknown,Unknown,Unknown,Unknown,Unknown,Unknown
Marc Mann,Unknown,Unknown,Unknown,Unknown,Unknown,Unknown,Unknown
Caroline Mancini (Trans),Unknown,Unknown,Unknown,Unknown,Unknown,Unknown,Unknown
Thays Mclane (Trans),Unknown,Unknown,Unknown,Unknown,Unknown,Unknown,Unknown
Max Willye,Unknown,Unknown,Unknown,Unknown,Unknown,Unknown,Unknown
Izadora Lourenco,Unknown,Unknown,Unknown,Unknown,Unknown,Unknown,Unknown
Gery Taylor,Unknown,Unknown,Unknown,Unknown,Unknown,Unknown,Unknown
Mike Dreyden,Unknown,American,Mixed,Unknown,2008,65 kg,170 cm
Mirany Ribeiro,Unknown,Unknown,Unknown,Unknown,Unknown,Unknown,Unknown
Daxane Spiller (Trans),Unknown,Unknown,Unknown,Unknown,Unknown,Unknown,Unknown
Celina (Trans),Unknown,Unknown,Unknown,Unknown,Unknown,Unknown,Unknown
Andrea Scofani (Trans),Unknown,Unknown,Unknown,Unknown,Unknown,Unknown,Unknown
James Garcia,Unknown,Unknown,Unknown,Unknown,Unknown,Unknown,Unknown
Crys (Trans),Unknown,Unknown,Unknown,Unknown,Unknown,Unknown,Unknown
Evelin Rangel,Unknown,Unknown,Unknown,Unknown,Unknown,Unknown,Unknown
Alex Ladd,Unknown,Unknown,Unknown,Unknown,Unknown,Unknown,Unknown
Buzy Gleice (Tr),Unknown,Unknown,Unknown,Unknown,Unknown,Unknown,Unknown
Naomi Close,Unknown,Unknown,Unknown,Unknown,Unknown,Unknown,Unknown
Celeste Glamour (Trans),Unknown,Unknown,Unknown,Unknown,Unknown,Unknown,Unknown
Alexia Firenze (Trans),Unknown,Unknown,Unknown,Unknown,Unknown,Unknown,Unknown
Lisa Lawyer,Unknown,Unknown,Unknown,Unknown,Unknown,Unknown,Unknown
Michael J. Cox,Unknown,Unknown,Unknown,Unknown,Unknown,Unknown,Unknown
Dany Novaes (Trans),Unknown,Unknown,Unknown,Unknown,Unknown,Unknown,Unknown
Chelder Manzini,Unknown,Unknown,Unknown,Unknown,Unknown,Unknown,Unknown
D. Wise,Unknown,Unknown,Unknown,Unknown,Unknown,Unknown,Unknown
Juliana Rubiett,Unknown,Unknown,Unknown,Unknown,Unknown,Unknown,Unknown
Varun Dhillon,Unknown,Unknown,Unknown,Unknown,Unknown,Unknown,Unknown
Rebeca Sorza (Trans),Unknown,Unknown,Unknown,Unknown,Unknown,Unknown,Unknown
Nico Stallone,Unknown,Unknown,Unknown,Unknown,Unknown,Unknown,Unknown
Izabela Lobos (Trans),Unknown,Unknown,Unknown,Unknown,Unknown,Unknown,Unknown
Dominique Ferraz (Trans),Unknown,Unknown,Unknown,Unknown,Unknown,Unknown,Unknown
Laila Amorim,Unknown,Unknown,Unknown,Unknown,Unknown,Unknown,Unknown
Dick Smothers Jr,Unknown,Unknown,Unknown,Unknown,Unknown,Unknown,Unknown
Cawanna Deprado,Unknown,Unknown,Unknown,Unknown,Unknown,Unknown,Unknown
Raphael Valentino,Unknown,Unknown,Unknown,Unknown,Unknown,Unknown,Unknown
Andre Dumont,Unknown,Unknown,Unknown,Unknown,Unknown,Unknown,Unknown
Kamila Smith (Trans),Unknown,Unknown,Unknown,Unknown,Unknown,Unknown,Unknown
Jean-Claude Batiste,Unknown,Unknown,Unknown,Unknown,Unknown,Unknown,Unknown
Duda Dihl,Unknown,Unknown,Unknown,Unknown,Unknown,Unknown,Unknown
Aundre Dumont,Unknown,Unknown,Unknown,Unknown,Unknown,Unknown,Unknown
Emily Santana (Trans),Unknown,Unknown,Unknown,Unknown,Unknown,Unknown,Unknown
Michele Araujo,Unknown,Unknown,Unknown,Unknown,Unknown,Unknown,Unknown
Mauricio Ferrari,Unknown,Unknown,Unknown,Unknown,Unknown,Unknown,Unknown
Jake Samms,Unknown,Unknown,Unknown,Unknown,Unknown,Unknown,Unknown
Cinthia Close,Unknown,Unknown,Unknown,Unknown,Unknown,Unknown,Unknown
Rafaela Sanchez,Unknown,Unknown,Unknown,Unknown,Unknown,Unknown,Unknown
Melissa Andrade,Unknown,Unknown,Unknown,Unknown,Unknown,Unknown,Unknown
Patricia Sabatiny,Unknown,Unknown,Unknown,Unknown,Unknown,Unknown,Unknown
Rafaely Dubenstay,Unknown,Unknown,Unknown,Unknown,Unknown,Unknown,Unknown
Jessica Ketlen (Trans),Unknown,Unknown,Unknown,Unknown,Unknown,Unknown,Unknown
Pamela Araujo (Trans),Unknown,Unknown,Unknown,Unknown,Unknown,Unknown,Unknown
Erika Backster (Trans),Unknown,Unknown,Unknown,Unknown,Unknown,Unknown,Unknown
Eric Hard,Unknown,Unknown,Unknown,Unknown,Unknown,Unknown,Unknown
Marcio Savoy,Unknown,Unknown,Unknown,Unknown,Unknown,Unknown,Unknown
Angelika Campos (Trans),Unknown,Unknown,Unknown,Unknown,Unknown,Unknown,Unknown
Lucas Voguel,Unknown,Unknown,Unknown,Unknown,Unknown,Unknown,Unknown
Ken Masters,Unknown,Unknown,Unknown,Unknown,Unknown,Unknown,Unknown
Juan Carlos,Unknown,Unknown,Unknown,Unknown,Unknown,Unknown,Unknown
J.d. Coxxx,Unknown,Unknown,Unknown,Unknown,Unknown,Unknown,Unknown
Katia Flavia,Unknown,Unknown,Unknown,Unknown,Unknown,Unknown,Unknown
Ben Inya,Unknown,Unknown,Unknown,Unknown,Unknown,Unknown,Unknown
Lutheanne Thayrine,Unknown,Unknown,Unknown,Unknown,Unknown,Unknown,Unknown
Gleice Kelly (Trans),Unknown,Unknown,Unknown,Unknown,Unknown,Unknown,Unknown
Carol Penelope (Trans),Unknown,Unknown,Unknown,Unknown,Unknown,Unknown,Unknown
Bruno,Unknown,Unknown,Unknown,Unknown,Unknown,Unknown,Unknown
Trace Kendall,Unknown,American,Caucasian,Unknown,2012,72 kg,177 cm
Bia Bastos (Trans),Unknown,Unknown,Unknown,Unknown,Unknown,Unknown,Unknown
Marcelo Breda,Unknown,Unknown,Unknown,Unknown,Unknown,Unknown,Unknown
Brett Bryant,Unknown,Unknown,Unknown,Unknown,Unknown,Unknown,Unknown
Thais Dumont,Unknown,Unknown,Unknown,Unknown,Unknown,Unknown,Unknown
Rolf H.,Unknown,Unknown,Unknown,Unknown,Unknown,Unknown,Unknown
Igor Fiori,Unknown,Unknown,Unknown,Unknown,Unknown,Unknown,Unknown
Jussara Basil,Unknown,Unknown,Unknown,Unknown,Unknown,Unknown,Unknown
Gisely Dom Vao,Unknown,Unknown,Unknown,Unknown,Unknown,Unknown,Unknown
Tommi O.,Unknown,Unknown,Unknown,Unknown,Unknown,Unknown,Unknown
Aretha Anderson,Unknown,Unknown,Unknown,Unknown,Unknown,Unknown,Unknown
Freaky Deke,Unknown,Unknown,Unknown,Unknown,Unknown,Unknown,Unknown
Pavel Halabica,Unknown,Unknown,Unknown,Unknown,Unknown,Unknown,Unknown
Juan Navarro,Unknown,Unknown,Unknown,Unknown,Unknown,Unknown,Unknown
Marchinha De Belem,Unknown,Unknown,Unknown,Unknown,Unknown,Unknown,Unknown
Estevam Lobo,Unknown,Unknown,Unknown,Unknown,Unknown,Unknown,Unknown
De Karlo,Unknown,Unknown,Unknown,Unknown,Unknown,Unknown,Unknown
Thaissa (Tr),Unknown,Unknown,Unknown,Unknown,Unknown,Unknown,Unknown
Dante Franklin,Unknown,Unknown,Unknown,Unknown,Unknown,Unknown,Unknown
Mack Hawk,Unknown,Unknown,Unknown,Unknown,Unknown,Unknown,Unknown
Mark Galfione,Unknown,Unknown,Unknown,Unknown,Unknown,Unknown,Unknown
Danielle Foxxx,Unknown,Unknown,Unknown,Unknown,Unknown,Unknown,Unknown
Dave Dodge,Unknown,Unknown,Unknown,Unknown,Unknown,Unknown,Unknown
Ron Hightower,Unknown,Unknown,Unknown,Unknown,Unknown,Unknown,Unknown
Jade Oliveira (Trans),Unknown,Unknown,Unknown,Unknown,Unknown,Unknown,Unknown
Aline Garcia (Trans),Unknown,Unknown,Unknown,Unknown,Unknown,Unknown,Unknown
Leticia Vlasak (Trans),Unknown,Unknown,Unknown,Unknown,Unknown,Unknown,Unknown
Agatha Trajano (Trans),Unknown,Unknown,Unknown,Unknown,Unknown,Unknown,Unknown
Mick Hardwood,Unknown,Unknown,Unknown,Unknown,Unknown,Unknown,Unknown
Evelyn Rangel (Trans),Unknown,Unknown,Unknown,Unknown,Unknown,Unknown,Unknown
Milan Melichar,Unknown,Unknown,Unknown,Unknown,Unknown,Unknown,Unknown
Romario Souza,Unknown,Unknown,Unknown,Unknown,Unknown,Unknown,Unknown
Rusty Stevens,Unknown,American,Caucasian,"August 15, 1985",2008,79 kg,182 cm
Agatha Ferraz,Unknown,Unknown,Unknown,Unknown,Unknown,Unknown,Unknown
Anita Rik,Unknown,Unknown,Unknown,Unknown,Unknown,Unknown,Unknown
Alan Santos,Unknown,Unknown,Unknown,Unknown,Unknown,Unknown,Unknown
Aline Tavares (Trans),Unknown,Unknown,Unknown,Unknown,Unknown,Unknown,Unknown
Carla Renata (Trans),Unknown,Unknown,Unknown,Unknown,Unknown,Unknown,Unknown
Cubic (Bi),Unknown,Unknown,Unknown,Unknown,Unknown,Unknown,Unknown
Mickelly Miranda,Unknown,Unknown,Unknown,Unknown,Unknown,Unknown,Unknown
Jaqueline Dark (Trans),Unknown,Unknown,Unknown,Unknown,Unknown,Unknown,Unknown
Captain Save-A-Ho,Unknown,Unknown,Unknown,Unknown,Unknown,Unknown,Unknown
Rebeka Marques,Unknown,Unknown,Unknown,Unknown,Unknown,Unknown,Unknown
Patricia Bismark (Trans),Unknown,Unknown,Unknown,Unknown,Unknown,Unknown,Unknown
Camila Sampaio,Unknown,Unknown,Unknown,Unknown,Unknown,Unknown,Unknown
Wanessa Waitzel (Trans),Unknown,Unknown,Unknown,Unknown,Unknown,Unknown,Unknown
Dominique (Trans),Unknown,Unknown,Unknown,Unknown,Unknown,Unknown,Unknown
Luke Taylor,Unknown,Unknown,Unknown,Unknown,Unknown,Unknown,Unknown
Arian Feitosa,Unknown,Unknown,Unknown,Unknown,Unknown,Unknown,Unknown
Robert Gaucho,Unknown,Unknown,Unknown,Unknown,Unknown,Unknown,Unknown
Chelsea Jblair,Unknown,Unknown,Unknown,Unknown,Unknown,Unknown,Unknown
Monik Larran (Tr),Unknown,Unknown,Unknown,Unknown,Unknown,Unknown,Unknown
Kelly Bismarc,Unknown,Unknown,Unknown,Unknown,Unknown,Unknown,Unknown
Mr Bigg,Unknown,Unknown,Unknown,Unknown,Unknown,Unknown,Unknown
New (Trans),Unknown,Unknown,Unknown,Unknown,Unknown,Unknown,Unknown
Priscilla Gaucha,Unknown,Unknown,Unknown,Unknown,Unknown,Unknown,Unknown
Jay Fox,Unknown,Unknown,Unknown,Unknown,Unknown,Unknown,Unknown
Mauro Nazarevo,Unknown,Unknown,Unknown,Unknown,Unknown,Unknown,Unknown
Kalena Rios (Trans),Unknown,Unknown,Unknown,Unknown,Unknown,Unknown,Unknown
Caleb Carter,Unknown,Unknown,Unknown,Unknown,Unknown,Unknown,Unknown
Pamela Gaucha,Unknown,Unknown,Unknown,Unknown,Unknown,Unknown,Unknown
Mike Cupid,Unknown,Israeli,Caucasian,Unknown,Unknown,Unknown,Unknown
Mr Sauki,Unknown,Unknown,Unknown,Unknown,Unknown,Unknown,Unknown
Ray Black,Unknown,Unknown,Unknown,Unknown,Unknown,Unknown,Unknown
Magnum Ex,Unknown,Unknown,Unknown,Unknown,Unknown,Unknown,Unknown
Igor Saves,Unknown,Unknown,Unknown,Unknown,Unknown,Unknown,Unknown
Alex Bad Boy,Unknown,Unknown,Unknown,Unknown,Unknown,Unknown,Unknown
Benito Boldi (Trans),Unknown,Unknown,Unknown,Unknown,Unknown,Unknown,Unknown
Sancho Juan,Unknown,Unknown,Unknown,Unknown,Unknown,Unknown,Unknown
Luana Araujo,Unknown,Unknown,Unknown,Unknown,Unknown,Unknown,Unknown
Anna Paula Samadhi (Trans),Unknown,Unknown,Unknown,Unknown,Unknown,Unknown,Unknown
Kaique Brito,Unknown,Unknown,Unknown,Unknown,Unknown,Unknown,Unknown
Milky Love Boy,Unknown,Unknown,Unknown,Unknown,Unknown,Unknown,Unknown
Junior,Unknown,Unknown,Unknown,Unknown,Unknown,Unknown,Unknown
Tyler Marciano,Unknown,Unknown,Unknown,Unknown,Unknown,Unknown,Unknown
Mckayla Alves,Unknown,Unknown,Unknown,Unknown,Unknown,Unknown,Unknown
Cristian Torquato,Unknown,Unknown,Unknown,Unknown,Unknown,Unknown,Unknown
Duda Galhori (Trans),Unknown,Unknown,Unknown,Unknown,Unknown,Unknown,Unknown
Tarrie Hall,Unknown,Unknown,Unknown,Unknown,Unknown,Unknown,Unknown
Danielly Palomino,Unknown,Unknown,Unknown,Unknown,Unknown,Unknown,Unknown
Chechu (Trans),Unknown,Unknown,Unknown,Unknown,Unknown,Unknown,Unknown
Camilly Zanine (Trans),Unknown,Unknown,Unknown,Unknown,Unknown,Unknown,Unknown
Amanda Araujo (Trans),Unknown,Unknown,Unknown,Unknown,Unknown,Unknown,Unknown
John B. Root,Paul Forguette,Unknown,Caucasian,"November 28, 1958",Unknown,Unknown,Unknown
Marcella (Tr),Unknown,Unknown,Unknown,Unknown,Unknown,Unknown,Unknown
Little Tokyo,Unknown,Unknown,Unknown,Unknown,Unknown,Unknown,Unknown
Pablo Black,Unknown,Unknown,Unknown,Unknown,Unknown,Unknown,Unknown
Adrielly Vendraminny (Trans),Unknown,Unknown,Unknown,Unknown,Unknown,Unknown,Unknown
Sara (Trans),Unknown,Unknown,Unknown,Unknown,Unknown,Unknown,Unknown
Steve Hunt,Unknown,Unknown,Unknown,Unknown,Unknown,Unknown,Unknown
Jay Steele,Unknown,Unknown,Unknown,Unknown,Unknown,Unknown,Unknown
Liticia Venturine,Unknown,Unknown,Unknown,Unknown,Unknown,Unknown,Unknown
J. Cannon,Unknown,Unknown,Unknown,Unknown,Unknown,Unknown,Unknown
Heiko F.,Unknown,Unknown,Unknown,Unknown,Unknown,Unknown,Unknown
Peow (Trans),Unknown,Unknown,Unknown,Unknown,Unknown,Unknown,Unknown
Anjoliny Bysmark,Unknown,Unknown,Unknown,Unknown,Unknown,Unknown,Unknown
Gabriel D'alessandro,Unknown,Unknown,Unknown,Unknown,Unknown,Unknown,Unknown
Barbara (Trans),Unknown,Unknown,Unknown,Unknown,Unknown,Unknown,Unknown
Kari Kinkaid,Unknown,Unknown,Unknown,Unknown,Unknown,Unknown,Unknown
Renate Ferras,Unknown,Unknown,Unknown,Unknown,Unknown,Unknown,Unknown
J.c. Stinger,Unknown,Unknown,Unknown,Unknown,Unknown,Unknown,Unknown
Odaliz Smith,Unknown,Unknown,Unknown,Unknown,Unknown,Unknown,Unknown
Mr. Nice,Unknown,Unknown,Unknown,Unknown,Unknown,Unknown,Unknown
Karol Matins,Unknown,Unknown,Unknown,Unknown,Unknown,Unknown,Unknown
Hilda (Trans),Unknown,Unknown,Unknown,Unknown,Unknown,Unknown,Unknown
Douglas Galimbertti,Unknown,Unknown,Unknown,Unknown,Unknown,Unknown,Unknown
Erika Fontana (Trans),Unknown,Unknown,Unknown,Unknown,Unknown,Unknown,Unknown
Nayla Vogue,Unknown,Unknown,Unknown,Unknown,Unknown,Unknown,Unknown
Jorg Jopke,Unknown,Unknown,Caucasian,Unknown,Unknown,Unknown,Unknown
Erica Vasconcelos (Trans),Unknown,Unknown,Unknown,Unknown,Unknown,Unknown,Unknown
Ancanjo Amaro,Unknown,Unknown,Unknown,Unknown,Unknown,Unknown,Unknown
Alec Treriliam,Unknown,Unknown,Unknown,Unknown,Unknown,Unknown,Unknown
Tiny Tim,Unknown,Unknown,Unknown,Unknown,Unknown,Unknown,Unknown
Rafaela Ferrari,Unknown,Unknown,Unknown,Unknown,Unknown,Unknown,Unknown
Tim Hard,Unknown,Unknown,Unknown,Unknown,Unknown,Unknown,Unknown
Gabor Nemeth,Unknown,Unknown,Unknown,Unknown,Unknown,Unknown,Unknown
James Barrett,Unknown,Unknown,Unknown,Unknown,Unknown,Unknown,Unknown
J.j. Michaels,Unknown,Unknown,Unknown,Unknown,Unknown,Unknown,Unknown
City Boi,City Boy,Unknown,Unknown,Unknown,Unknown,Unknown,Unknown
Janny (Trans),Unknown,Unknown,Unknown,Unknown,Unknown,Unknown,Unknown
Keyla Rouston,Unknown,Unknown,Unknown,Unknown,Unknown,Unknown,Unknown
Erick Nogueira,Unknown,Unknown,Unknown,Unknown,Unknown,Unknown,Unknown
Bret Singer,Unknown,Unknown,Unknown,Unknown,Unknown,Unknown,Unknown
Aline Ganzarolli (Trans),Unknown,Unknown,Unknown,Unknown,Unknown,Unknown,Unknown
Markus K.,Unknown,Unknown,Unknown,Unknown,Unknown,Unknown,Unknown
Alycia (Trans),Unknown,Unknown,Unknown,Unknown,Unknown,Unknown,Unknown
Graziella De Biasi,Unknown,Unknown,Unknown,Unknown,Unknown,Unknown,Unknown
Miyuky Velask,Unknown,Unknown,Unknown,Unknown,Unknown,Unknown,Unknown
Antony Caputo,Unknown,Unknown,Unknown,Unknown,Unknown,Unknown,Unknown
Junior Carioca,Unknown,Unknown,Unknown,Unknown,Unknown,Unknown,Unknown
Max Dorn,Unknown,Unknown,Unknown,Unknown,Unknown,Unknown,Unknown
Danielle Oliveria,Unknown,Unknown,Unknown,Unknown,Unknown,Unknown,Unknown
Johanna B,Unknown,Unknown,Unknown,Unknown,Unknown,Unknown,Unknown
Fernanda Zocal,Unknown,Unknown,Unknown,Unknown,Unknown,Unknown,Unknown
Peterson (Bi),Unknown,Unknown,Unknown,Unknown,Unknown,Unknown,Unknown
Seth Roberts,Unknown,Unknown,Caucasian,Unknown,2009,63 kg,182 cm
Andrea Spider,Unknown,Unknown,Unknown,Unknown,Unknown,Unknown,Unknown
John B,Unknown,Unknown,Unknown,Unknown,Unknown,Unknown,Unknown
Kelly Taylor (Male),Unknown,Unknown,Unknown,Unknown,Unknown,Unknown,Unknown
Miguel De Sanchez,Unknown,Unknown,Unknown,Unknown,Unknown,Unknown,Unknown
Mika Libero,Unknown,Unknown,Unknown,Unknown,Unknown,Unknown,Unknown
Marica Ferreira,Unknown,Unknown,Unknown,Unknown,Unknown,Unknown,Unknown
Emily Weickert (Trans),Unknown,Unknown,Unknown,Unknown,Unknown,Unknown,Unknown
James Hamilton,Unknown,American,Caucasian,February 1984,2006,Unknown,177 cm
Lia Sayegh,Unknown,Unknown,Unknown,Unknown,Unknown,Unknown,Unknown
Rick Montila,Unknown,Unknown,Unknown,Unknown,Unknown,Unknown,Unknown
Jean Valjean,"Jean Paul, Alex Doriano, Jean Val Jean",Unknown,Unknown,"June 19, 1980",Unknown,Unknown,Unknown
Bryan Braxton,Unknown,Unknown,Unknown,Unknown,Unknown,Unknown,Unknown
A.j. Long,Unknown,Unknown,Unknown,Unknown,Unknown,Unknown,Unknown
Gergely Szabo,Unknown,Unknown,Caucasian,Unknown,Unknown,Unknown,Unknown
Lauro Gioho,Unknown,Unknown,Unknown,Unknown,Unknown,Unknown,Unknown
Marcel M.,Unknown,Unknown,Unknown,Unknown,Unknown,Unknown,Unknown
Jhoany Wilker (Trans),Unknown,Unknown,Unknown,Unknown,Unknown,Unknown,Unknown
Kelly Marcos,Unknown,Unknown,Unknown,Unknown,Unknown,Unknown,Unknown
Arthur Surkov,Unknown,Unknown,Unknown,Unknown,Unknown,Unknown,Unknown
Raica (Tr),Unknown,Unknown,Unknown,Unknown,Unknown,Unknown,Unknown
Gabriela De Carvalho (Trans),Unknown,Unknown,Unknown,Unknown,Unknown,Unknown,Unknown
Ariel Maquina,Unknown,Unknown,Unknown,Unknown,Unknown,Unknown,Unknown
Vivian (Trans),Unknown,Unknown,Unknown,Unknown,Unknown,Unknown,Unknown
Boby,Unknown,Unknown,Unknown,Unknown,Unknown,Unknown,Unknown
Martinha Martiolli,Unknown,Unknown,Unknown,Unknown,Unknown,Unknown,Unknown
Ben Campezi,Unknown,Unknown,Unknown,Unknown,Unknown,Unknown,Unknown
Duncan Sheen,Unknown,Unknown,Caucasian,Unknown,Unknown,Unknown,Unknown
Carla Bruna,Unknown,Unknown,Unknown,Unknown,Unknown,Unknown,Unknown
Kaique Dutra,Unknown,Unknown,Unknown,Unknown,Unknown,Unknown,Unknown
Jo Garcia,Unknown,Unknown,Unknown,Unknown,Unknown,Unknown,Unknown
Mal (Trans),Unknown,Unknown,Unknown,Unknown,Unknown,Unknown,Unknown
Carla Cardille (Trans),Unknown,Unknown,Unknown,Unknown,Unknown,Unknown,Unknown
James Jones,Unknown,Unknown,Unknown,Unknown,Unknown,Unknown,Unknown
Jamie Moore,Unknown,Unknown,Unknown,Unknown,Unknown,Unknown,Unknown
Luci May,Unknown,Unknown,Unknown,Unknown,Unknown,Unknown,Unknown
Hygor Negrao,Unknown,Unknown,Unknown,Unknown,Unknown,Unknown,Unknown
Juliana Lemos (Trans),Unknown,Unknown,Unknown,Unknown,Unknown,Unknown,Unknown
Carol Belli (Trans),Unknown,Unknown,Unknown,Unknown,Unknown,Unknown,Unknown
Lucrecia (Trans),Unknown,Unknown,Unknown,Unknown,Unknown,Unknown,Unknown
Dave Dickens,Unknown,Unknown,Unknown,Unknown,Unknown,Unknown,Unknown
Agata Soares,Unknown,Unknown,Unknown,Unknown,Unknown,Unknown,Unknown
Ruby (Trans),Unknown,Unknown,Unknown,Unknown,Unknown,Unknown,Unknown
Gia Darling (Trans),Unknown,Unknown,Unknown,Unknown,Unknown,Unknown,Unknown
Ryu Lung,Unknown,Unknown,Unknown,Unknown,Unknown,Unknown,Unknown
Jason Crew,"Jason Clydesdale, Justin Clydesdale",American,Caucasian,"February 27, 1982",Unknown,67 kg,187 cm
Kich,Unknown,Unknown,Unknown,Unknown,Unknown,Unknown,Unknown
Andrea Monti,Unknown,Unknown,Unknown,Unknown,Unknown,Unknown,Unknown
Evelin Frazao (Trans),Unknown,Unknown,Unknown,Unknown,Unknown,Unknown,Unknown
Jr Langdon,Unknown,Unknown,Unknown,Unknown,Unknown,Unknown,Unknown
Rob Thomas,Unknown,Unknown,Caucasian,Unknown,Unknown,Unknown,Unknown
Jason Jewel,Unknown,Unknown,Unknown,Unknown,Unknown,Unknown,Unknown
Luc Wylder,Unknown,Unknown,Unknown,Unknown,Unknown,Unknown,Unknown
Marco Nero,Unknown,Unknown,Unknown,Unknown,Unknown,Unknown,Unknown
Ricardo,Unknown,Unknown,Unknown,Unknown,Unknown,Unknown,Unknown
Kaua Riberio,Unknown,Unknown,Unknown,Unknown,Unknown,Unknown,Unknown
Ariel- M,Unknown,Unknown,Unknown,Unknown,Unknown,Unknown,Unknown
Rafael Marquez,Unknown,Unknown,Unknown,Unknown,Unknown,Unknown,Unknown
Dave Rex,Unknown,Unknown,Unknown,Unknown,Unknown,Unknown,Unknown
Mo Johnson,Unknown,Unknown,Unknown,Unknown,Unknown,Unknown,Unknown
Renata Tavares,Unknown,Unknown,Unknown,Unknown,Unknown,Unknown,Unknown
Sabrina Kamoei (Trans),Unknown,Unknown,Unknown,Unknown,Unknown,Unknown,Unknown
Gabryella Novaes,Unknown,Unknown,Unknown,Unknown,Unknown,Unknown,Unknown
Derek Skeeter,Unknown,Unknown,Unknown,Unknown,Unknown,Unknown,Unknown
Dawg Dixon,Unknown,Unknown,Unknown,Unknown,Unknown,Unknown,Unknown
Amanda Ferraz,Unknown,Unknown,Unknown,Unknown,Unknown,Unknown,Unknown
Joice Kimberli,Unknown,Unknown,Unknown,Unknown,Unknown,Unknown,Unknown
Tatiane Salimeni (Trans),Unknown,Unknown,Unknown,Unknown,Unknown,Unknown,Unknown
Ellen Silva (Trans),Unknown,Unknown,Unknown,Unknown,Unknown,Unknown,Unknown
Alexia (Trans),Unknown,Unknown,Unknown,Unknown,Unknown,Unknown,Unknown
Amanda (Trans),Unknown,Unknown,Unknown,Unknown,Unknown,Unknown,Unknown
Chuck Martino,Unknown,Unknown,Unknown,Unknown,Unknown,Unknown,Unknown
Mylena Bysmark,Unknown,Unknown,Unknown,Unknown,Unknown,Unknown,Unknown
Marcos Cordoba,Unknown,Unknown,Unknown,Unknown,Unknown,Unknown,Unknown
Dayane Callegare (Trans),Unknown,Unknown,Unknown,Unknown,Unknown,Unknown,Unknown
Bruna (Trans),Unknown,Unknown,Unknown,Unknown,Unknown,Unknown,Unknown
Isabelly Santana (Trans),Unknown,Unknown,Unknown,Unknown,Unknown,Unknown,Unknown
Mireye (Trans),Unknown,Unknown,Unknown,Unknown,Unknown,Unknown,Unknown
Cybelly (Trans),Unknown,Unknown,Unknown,Unknown,Unknown,Unknown,Unknown
Finn (Trans),Unknown,Unknown,Unknown,Unknown,Unknown,Unknown,Unknown
Jason Burger,Unknown,Unknown,Unknown,Unknown,Unknown,Unknown,Unknown
Sascha Koch,Unknown,Unknown,Unknown,Unknown,Unknown,Unknown,Unknown
Seymour Love,Unknown,Unknown,Unknown,Unknown,Unknown,Unknown,Unknown
Kid Dynamite,Unknown,Unknown,Unknown,Unknown,Unknown,Unknown,Unknown
Max Shiokawa,Unknown,Unknown,Unknown,Unknown,Unknown,Unknown,Unknown
Little Romeo,Unknown,Unknown,Unknown,Unknown,Unknown,Unknown,Unknown
Vin Deacon,Unknown,Unknown,Unknown,Unknown,Unknown,Unknown,Unknown
Irish Pickens,Unknown,Unknown,Unknown,Unknown,Unknown,Unknown,Unknown
Rex Morrison,Unknown,Unknown,Unknown,Unknown,Unknown,Unknown,Unknown
Noel,Unknown,Unknown,Unknown,Unknown,Unknown,Unknown,Unknown
The Drifter,Unknown,Unknown,Unknown,Unknown,Unknown,Unknown,Unknown
Wesley Nike,Unknown,Unknown,Unknown,Unknown,Unknown,Unknown,Unknown
Antony Danilo,Unknown,Unknown,Unknown,Unknown,Unknown,Unknown,Unknown
Zac Blake,Unknown,American,Caucasian,Unknown,2010,88 kg,187 cm
Amanda Taylor (Trans),Unknown,Unknown,Unknown,Unknown,Unknown,Unknown,Unknown
Rozen Debowe,Unknown,Unknown,Unknown,Unknown,Unknown,Unknown,Unknown
Micah Martinez,Micah Martz,American,Black,Unknown,2020,69 kg,172 cm
Dimp Blue,Unknown,Unknown,Unknown,Unknown,Unknown,Unknown,Unknown
Mr. Silver,Unknown,Unknown,Unknown,Unknown,Unknown,Unknown,Unknown
Mr Nangaty,Unknown,Unknown,Unknown,Unknown,Unknown,Unknown,Unknown
Paul Morgan,Unknown,Unknown,Unknown,Unknown,Unknown,Unknown,Unknown
Andy Collin,Unknown,Unknown,Unknown,Unknown,Unknown,Unknown,Unknown
Graziela Farias,Unknown,Unknown,Unknown,Unknown,Unknown,Unknown,Unknown
Miriany Ribeiro (Tr),Unknown,Unknown,Unknown,Unknown,Unknown,Unknown,Unknown
Ilyas,"Ilyas Point, Illias, Ilias",Unknown,Caucasian,"August 10, 2001",Unknown,72 kg,177 cm
Jackeline Beaggi,Unknown,Unknown,Unknown,Unknown,Unknown,Unknown,Unknown
Vinnie Bones,Unknown,Unknown,Caucasian,Unknown,Unknown,Unknown,Unknown
Gabriella Stephanie,Unknown,Unknown,Unknown,Unknown,Unknown,Unknown,Unknown
Max Carter,Unknown,American,Caucasian,"April 11, 1992",2011,60 kg,172 cm
Steve Knight,Unknown,Unknown,Unknown,Unknown,Unknown,Unknown,Unknown
Bob Chinn,Unknown,Unknown,Unknown,Unknown,Unknown,Unknown,Unknown
Chris Alexander,Unknown,Unknown,Unknown,Unknown,Unknown,Unknown,Unknown
Mark Saunders,Unknown,Unknown,Unknown,Unknown,Unknown,Unknown,Unknown
Zack Todd,Unknown,Unknown,Unknown,Unknown,Unknown,Unknown,Unknown
Frank Wright,Unknown,Unknown,Unknown,Unknown,Unknown,Unknown,Unknown
Bruno Marques,Unknown,Unknown,Unknown,Unknown,Unknown,Unknown,Unknown
Rick Vallerne,Unknown,Unknown,Unknown,Unknown,Unknown,Unknown,Unknown
Damien Cashmere,Unknown,Unknown,Unknown,Unknown,Unknown,Unknown,Unknown
Rocky Dilorenzo,Unknown,Unknown,Unknown,Unknown,Unknown,Unknown,Unknown
Jeff Wilson,Unknown,Unknown,Unknown,Unknown,Unknown,Unknown,Unknown
Peter Dickem,Unknown,Unknown,Unknown,Unknown,Unknown,Unknown,Unknown
Joseph W. Sarno,Unknown,Unknown,Unknown,Unknown,Unknown,Unknown,Unknown
Mark Stevens,Unknown,Unknown,Unknown,Unknown,Unknown,Unknown,Unknown
Eric Dylan,Unknown,Unknown,Unknown,Unknown,Unknown,Unknown,Unknown
Michael Dam,Unknown,Unknown,Unknown,Unknown,Unknown,Unknown,Unknown
Robert Bullock,Unknown,Unknown,Unknown,Unknown,Unknown,Unknown,Unknown
Ron Surewood,Unknown,Unknown,Unknown,Unknown,Unknown,Unknown,Unknown
Randy Paul,Unknown,Unknown,Unknown,Unknown,Unknown,Unknown,Unknown
Paul Stryder,Unknown,Unknown,Unknown,Unknown,Unknown,Unknown,Unknown
Rick Drexel,Unknown,Unknown,Unknown,Unknown,Unknown,Unknown,Unknown
Rick Lutz,Unknown,Unknown,Unknown,Unknown,Unknown,Unknown,Unknown
Wolf Savage,Unknown,Unknown,Unknown,Unknown,Unknown,Unknown,Unknown
Rob Gadling,Unknown,Unknown,Unknown,Unknown,Unknown,Unknown,Unknown
Hank Rose,Unknown,Unknown,Unknown,Unknown,Unknown,Unknown,Unknown
Gerry Pike,Unknown,Unknown,Unknown,Unknown,Unknown,Unknown,Unknown
Marc Stevens,Unknown,Unknown,Unknown,Unknown,Unknown,Unknown,Unknown
Christian Steele,Unknown,Unknown,Unknown,Unknown,Unknown,Unknown,Unknown
Barrett Moore,Unknown,Unknown,Unknown,Unknown,Unknown,Unknown,Unknown
Van Diesel,Unknown,Unknown,Unknown,Unknown,Unknown,Unknown,Unknown
Scott Baker,Unknown,Unknown,Unknown,Unknown,Unknown,Unknown,Unknown
Billy Dee,Unknown,Unknown,Unknown,Unknown,Unknown,Unknown,Unknown
Jason Ryder,Unknown,Unknown,Unknown,Unknown,Unknown,Unknown,Unknown
Christian Wolfe,Unknown,Unknown,Unknown,Unknown,Unknown,Unknown,Unknown
Jeff Scott,Unknown,Unknown,Unknown,Unknown,Unknown,Unknown,Unknown
Jessie Adams,Unknown,Unknown,Unknown,Unknown,Unknown,Unknown,Unknown
Tony Tedeschi,Unknown,Unknown,Unknown,Unknown,Unknown,Unknown,Unknown
Dan T. Mann,Unknown,Unknown,Unknown,Unknown,Unknown,Unknown,Unknown
Mrmarcus,Unknown,Unknown,Unknown,Unknown,Unknown,Unknown,Unknown
Sioban Hunter,Unknown,Unknown,Unknown,Unknown,Unknown,Unknown,Unknown
Catholic Boys First Monster Bareback Cock,Unknown,Unknown,Unknown,Unknown,Unknown,Unknown,Unknown
Blair Harris,Unknown,Unknown,Unknown,Unknown,Unknown,Unknown,Unknown
Jose Duval,Unknown,Unknown,Unknown,Unknown,Unknown,Unknown,Unknown
Carlos Carrera,Unknown,Unknown,Unknown,Unknown,Unknown,Unknown,Unknown
Alexander Horn,Unknown,Unknown,Unknown,Unknown,Unknown,Unknown,Unknown
Howard A.howard,Unknown,Unknown,Unknown,Unknown,Unknown,Unknown,Unknown
Henri Pachard,Unknown,Unknown,Unknown,Unknown,Unknown,Unknown,Unknown
Harry Reems,Unknown,Unknown,Unknown,Unknown,Unknown,Unknown,Unknown
Hank Armstrong,Unknown,Unknown,Unknown,Unknown,Unknown,Unknown,Unknown
Tony Belmonte,Unknown,Unknown,Unknown,Unknown,Unknown,Unknown,Unknown
Biff Malibu,Unknown,Unknown,Unknown,Unknown,Unknown,Unknown,Unknown
Piper Jo Spents,Unknown,Unknown,Unknown,Unknown,Unknown,Unknown,Unknown
Van Wilder,"Damian Price, Brian, Josh Lopez, Mike Vincent, Vince Wilder, James Kickstand",American,Unknown,Unknown,Unknown,79 kg,177 cm
Dark Knight,Unknown,Unknown,Unknown,Unknown,Unknown,Unknown,Unknown
Will Ravage,Unknown,Unknown,Unknown,Unknown,Unknown,Unknown,Unknown
Serge Shalik,"Serge Lepsky, Sergio Galanti",Russian,Caucasian,Unknown,Unknown,Unknown,Unknown
Alexandre Sena,Unknown,Unknown,Unknown,Unknown,Unknown,Unknown,Unknown
Billy Young,"Rod The Bear, Rod Berry, Billy Long, Little Billy, Billy James, Rob Debaer, Lil Billy, Rod Barry",American,Caucasian,"December 1, 1971",Unknown,79 kg,180 cm
Evan Cox,"Evans Coxxx, Bruno Cox, Evan Maus, Johanson, Bruno Kolvic",American,Caucasian,"January 11, 1994",Unknown,60 kg,170 cm
Scott Irish,Unknown,Unknown,Unknown,Unknown,Unknown,Unknown,Unknown
William Margold,Unknown,Unknown,Unknown,Unknown,Unknown,Unknown,Unknown
Steven Black,Unknown,Unknown,Unknown,Unknown,Unknown,Unknown,Unknown
Heather Thomas,Unknown,Unknown,Unknown,Unknown,Unknown,Unknown,Unknown
Joey Edwards,Unknown,Unknown,Unknown,Unknown,Unknown,Unknown,Unknown
Jerry Butler,Unknown,Unknown,Unknown,Unknown,Unknown,Unknown,Unknown
Jill Johns,Unknown,Unknown,Unknown,Unknown,Unknown,Unknown,Unknown
Mr Porter,Unknown,Unknown,Black,"December 6, 1996",2024,77 kg,Unknown
Ruslan Troknyuk,Unknown,Ukrainian,Unknown,"March 9, 1981",Unknown,Unknown,Unknown
Jimmy Zee,Unknown,Unknown,Unknown,Unknown,Unknown,Unknown,Unknown
John Janeiro,Unknown,Unknown,Unknown,Unknown,Unknown,Unknown,Unknown
Pairis Angelo,Unknown,Unknown,Unknown,Unknown,Unknown,Unknown,Unknown
Bob Deker,Unknown,French,Black,Unknown,Unknown,Unknown,Unknown
Frank James,Unknown,Unknown,Unknown,Unknown,Unknown,Unknown,Unknown
Devin Drills,Unknown,Unknown,Black,"April 12, 1988",2022,87 kg,Unknown
Juha Vantanen,Unknown,Unknown,Caucasian,"April 21, 1969",2010,84 kg,177 cm
Honey Dick,Unknown,Unknown,Black,"July 27, 1995",2025,56 kg,Unknown
Eric Edwards,Unknown,Unknown,Unknown,Unknown,Unknown,Unknown,Unknown
Sturgeon Court,Unknown,Unknown,Unknown,Unknown,Unknown,Unknown,Unknown
Jimmy Broadway,"Johnny Hollywood, Dick Berkeley, Timmy",American,Caucasian,"August 31, 1965",Unknown,79 kg,180 cm
Paul Thomas,Unknown,Unknown,Unknown,Unknown,Unknown,Unknown,Unknown
Oliver Trunk,"Louis Blednyk, Vladimir, Oliver Stone, Kasteil, Maxim Kozlov, Kastiel Cherry",Unknown,Caucasian,"February 23, 1994",Unknown,Unknown,182 cm
Karter Hoff,Unknown,Unknown,Caucasian,"July 10, 1989",2025,90 kg,Unknown
Rick Fantana,Rick Santana,American,Caucasian,Unknown,Unknown,74 kg,170 cm
Justin Matthews,Unknown,Unknown,Unknown,Unknown,Unknown,Unknown,Unknown
Peter Stallion,"Petr, Peter Sanger, Peter Schwartz, Kip Bailey, Patton Hall, Peter Stevens, Peter Totti",Czech,Caucasian,1984,Unknown,83 kg,180 cm
Cam Too Big,Unknown,Unknown,Black,"September 18, 2004",2025,70 kg,Unknown
Alex Davis,Alex D,Unknown,Caucasian,"June 6, 1990",Unknown,66 kg,172 cm
Dfw Knight,William,Unknown,Black,Unknown,Unknown,Unknown,Unknown
Teddy Tarantino,Unknown,Unknown,Latin,"November 9, 1990",2025,94 kg,180 cm
Julen Reyes,Unknown,Spanish,Latin,Unknown,Unknown,Unknown,Unknown
